-- MySQL dump 10.13  Distrib 5.6.47, for Linux (x86_64)
--
-- Host: localhost    Database: admespecial
-- ------------------------------------------------------
-- Server version	5.6.47

/*!40101 SET @OLD_CHARACTER_SET_CLIENT=@@CHARACTER_SET_CLIENT */;
/*!40101 SET @OLD_CHARACTER_SET_RESULTS=@@CHARACTER_SET_RESULTS */;
/*!40101 SET @OLD_COLLATION_CONNECTION=@@COLLATION_CONNECTION */;
/*!40101 SET NAMES utf8 */;
/*!40103 SET @OLD_TIME_ZONE=@@TIME_ZONE */;
/*!40103 SET TIME_ZONE='+00:00' */;
/*!40014 SET @OLD_UNIQUE_CHECKS=@@UNIQUE_CHECKS, UNIQUE_CHECKS=0 */;
/*!40014 SET @OLD_FOREIGN_KEY_CHECKS=@@FOREIGN_KEY_CHECKS, FOREIGN_KEY_CHECKS=0 */;
/*!40101 SET @OLD_SQL_MODE=@@SQL_MODE, SQL_MODE='NO_AUTO_VALUE_ON_ZERO' */;
/*!40111 SET @OLD_SQL_NOTES=@@SQL_NOTES, SQL_NOTES=0 */;

--
-- Table structure for table `alumnos`
--
USE admespecial1205

DROP TABLE IF EXISTS `alumnos`;
/*!40101 SET @saved_cs_client     = @@character_set_client */;
/*!40101 SET character_set_client = utf8 */;
CREATE TABLE `alumnos` (
  `id_alumno` int(11) NOT NULL AUTO_INCREMENT,
  `id_usuario` int(11) NOT NULL,
  `apellido1` varchar(50) NOT NULL DEFAULT 'nodata',
  `apellido2` varchar(50) NOT NULL DEFAULT 'nodata',
  `nombre` varchar(50) NOT NULL DEFAULT 'nodata',
  `dni_alumno` varchar(9) DEFAULT 'nodata',
  `nacionalidad` varchar(50) DEFAULT 'nodata',
  `fnac` date DEFAULT '2000-01-01',
  `num_hbaremo` int(2) NOT NULL DEFAULT '0',
  `num_hadmision` int(2) NOT NULL DEFAULT '0',
  `datos_tutor1` varchar(200) NOT NULL DEFAULT 'nodata',
  `datos_tutor2` varchar(200) DEFAULT 'nodata',
  `dni_tutor2` varchar(9) DEFAULT 'nodata',
  `dni_tutor1` varchar(9) NOT NULL DEFAULT 'nodata',
  `calle_dfamiliar` varchar(200) NOT NULL DEFAULT 'nodata',
  `num_dfamiliar` varchar(3) NOT NULL DEFAULT 'nda',
  `piso_dfamiliar` char(20) DEFAULT 'nodata',
  `loc_dfamiliar` char(50) NOT NULL DEFAULT 'nodata',
  `cp_dfamiliar` varchar(10) NOT NULL DEFAULT 'nodata',
  `tel_dfamiliar1` int(9) NOT NULL DEFAULT '0',
  `tel_dfamiliar2` int(9) DEFAULT '0',
  `nuevaesc` tinyint(1) NOT NULL DEFAULT '0',
  `id_centro_estudios_origen` int(11) NOT NULL DEFAULT '0',
  `loc_centro_origen` varchar(100) NOT NULL DEFAULT 'nodata',
  `modalidad_origen` varchar(100) NOT NULL DEFAULT 'nodata',
  `id_centro_destino` int(11) NOT NULL DEFAULT '0',
  `curso_solicitado` varchar(50) NOT NULL DEFAULT 'nodata',
  `loc_centro_destino` varchar(100) NOT NULL DEFAULT 'nodata',
  `modalidad_destino` varchar(100) NOT NULL DEFAULT 'nodata',
  `id_centro_destino1` int(11) DEFAULT NULL,
  `id_centro_destino2` int(11) DEFAULT NULL,
  `id_centro_destino3` int(11) DEFAULT NULL,
  `id_centro_destino4` int(11) DEFAULT NULL,
  `id_centro_destino5` int(11) DEFAULT NULL,
  `id_centro_destino6` int(11) DEFAULT NULL,
  `fotocopia_resolucion` tinyint(1) NOT NULL DEFAULT '0' COMMENT 'Fotocopia compulsada de la Resolución del Director del Servicio Provincial de Educación en la Modalidad de Educación Especial o Combinada.',
  `reserva` tinyint(4) DEFAULT '0',
  `prematuridad` tinyint(1) NOT NULL DEFAULT '0' COMMENT 'Resolución del Director del Servicio Provincial de Educación, Cultura y Deporte correspondiente, en caso de prematuridad. (Sólo para el acceso por primera vez a segundo ciclo de Educación Infantil)',
  `acred_dom_familiar` tinyint(1) NOT NULL DEFAULT '0',
  `cer_rec_discapacidad` tinyint(1) NOT NULL DEFAULT '0',
  `fam_numerosa` tinyint(1) NOT NULL DEFAULT '0',
  `acred_dom_laboral` tinyint(1) NOT NULL DEFAULT '0',
  `permiten_renta` tinyint(1) NOT NULL DEFAULT '0',
  `cumplen_resta` tinyint(1) NOT NULL DEFAULT '0',
  `fase_solicitud` enum('borrador','validada','baremada') DEFAULT 'borrador',
  `transporte` enum('1','2','3') DEFAULT '3',
  `nasignado` int(11) DEFAULT '0',
  `nordensorteo` int(11) DEFAULT '0',
  `estado_solicitud` enum('irregular','duplicada','apta') DEFAULT 'apta',
  `oponenautorizar` tinyint(4) DEFAULT '0',
  `cumplen` tinyint(4) DEFAULT '0',
  `tipoestudios` enum('ebo','tva') DEFAULT 'ebo',
  `est_desp_sorteo` enum('noadmitida','admitida','otro') DEFAULT 'otro',
  PRIMARY KEY (`id_alumno`),
  UNIQUE KEY `cp_alumnos` (`id_alumno`) USING BTREE,
  UNIQUE KEY `nombre_2` (`nombre`,`apellido1`,`fnac`,`dni_tutor1`),
  KEY `un_dni` (`dni_alumno`) USING BTREE,
  KEY `id_usuario` (`id_usuario`),
  KEY `id_centro_destino1` (`id_centro_destino1`),
  KEY `id_centro_destino2` (`id_centro_destino2`),
  KEY `id_centro_destino3` (`id_centro_destino3`),
  KEY `id_centro_destino4` (`id_centro_destino4`),
  KEY `id_centro_destino5` (`id_centro_destino5`),
  KEY `id_centro_destino6` (`id_centro_destino6`),
  KEY `id_centro_destino` (`id_centro_destino`),
  CONSTRAINT `alumnos_ibfk_3` FOREIGN KEY (`id_centro_destino1`) REFERENCES `centros` (`id_centro`),
  CONSTRAINT `alumnos_ibfk_4` FOREIGN KEY (`id_centro_destino2`) REFERENCES `centros` (`id_centro`),
  CONSTRAINT `alumnos_ibfk_5` FOREIGN KEY (`id_centro_destino3`) REFERENCES `centros` (`id_centro`),
  CONSTRAINT `alumnos_ibfk_6` FOREIGN KEY (`id_centro_destino4`) REFERENCES `centros` (`id_centro`),
  CONSTRAINT `alumnos_ibfk_7` FOREIGN KEY (`id_centro_destino5`) REFERENCES `centros` (`id_centro`),
  CONSTRAINT `alumnos_ibfk_8` FOREIGN KEY (`id_centro_destino6`) REFERENCES `centros` (`id_centro`),
  CONSTRAINT `alumnos_ibfk_9` FOREIGN KEY (`id_centro_destino`) REFERENCES `centros` (`id_centro`)
) ENGINE=InnoDB AUTO_INCREMENT=8975 DEFAULT CHARSET=latin1;
/*!40101 SET character_set_client = @saved_cs_client */;

--
-- Dumping data for table `alumnos`
--

LOCK TABLES `alumnos` WRITE;
/*!40000 ALTER TABLE `alumnos` DISABLE KEYS */;
INSERT INTO `alumnos` VALUES (8923,50032931,'JADAN','CRESPO','ANA YAMILETH','27350570M','ESPAÑOLA','2013-12-24',0,0,'ANA BELEN CRESPO TAMAYO','ALBERTO LEONEL JADAN FRANCO','X7085527D','17752785M','C/ OCEÁNO ÍNDICO','32 ','D 2A','ZUERA','50800',661036294,696049150,0,0,'ZUERA','combinada-3infantil',50018131,'nodata','ZARAGOZA','nodata',50008630,50010387,NULL,NULL,NULL,NULL,0,0,0,0,0,0,0,0,0,'borrador','3',1,0,'apta',0,0,'ebo','otro'),(8924,50032935,'LAGUNA','QUIROS','ANDRES','73477229A','ESPAÑA','2013-05-09',1,0,'ANDRES LAGUNA MINGORANCE','MARIA LUISA QUIROS BLANCO','53623199X','74730476A','CALLE BASILIO BOGGIERO','153','2ºDCHA','ZARAGOZA','50003',629421436,635119319,1,50006128,'Zaragoza','combinada-3infantil',50010387,'nodata','ZARAGOZA','nodata',50006049,50011537,NULL,NULL,NULL,NULL,0,0,0,0,0,0,0,0,0,'validada','2',1,0,'apta',0,1,'ebo','otro'),(8925,50032936,'BECANA','PRATS','HECTOR','21023096S','ESPAÑOLA','2007-09-03',0,0,'JUAN CARLOS BECANA OTO','ANA MARÍA PRATS MARIN','18041343M','18030597T','Calle Joaquín Costa','58','casa','Sariñena','22200',676014319,659842307,1,0,'nodata','nodata',22002511,'nodata','Huesca','nodata',NULL,NULL,NULL,NULL,NULL,NULL,0,0,0,0,0,0,0,0,0,'validada','3',1,0,'apta',0,0,'ebo','otro'),(8927,50032938,'LATORRE','CASANOVA','SERGI','49942881Z','Spain','2011-11-15',0,0,'CRISTINA CASANOVA PINILLA','SERGIO LATORRE LOPEZ','43709257B','25482493B','PEDRO IV','16','1D','ZARAGOZA','50009',696048452,976562851,0,50008368,'ZARAGOZA','combinada-2primaria',50017369,'nodata','Zaragoza','nodata',50010387,50018131,50008630,50007674,NULL,NULL,0,0,0,0,0,0,0,0,0,'validada','2',1,0,'apta',0,0,'ebo','otro'),(8928,50032939,'SALAS','MARTÍN','CLAUDIA','73163327M','ESPAÑOLA','2006-07-03',0,0,'CLARA MARTÍN FERNÁNDEZ','RUBÉN SALAS BARRIGA','76924073K','73005823M','C/ TRAVESÍA DEL RIEGO','13','BAJO','ZARAGOZA','50.016',666183115,681370161,0,50007376,'Zaragoza','combinada-1eso',50018131,'nodata','Zaragoza','nodata',50010387,NULL,NULL,NULL,NULL,NULL,0,1,0,0,0,0,0,0,0,'borrador','3',2,0,'apta',0,0,'ebo','otro'),(8929,50032940,'NALVAY','GIMÉNEZ','ALEJANDRO','73475386T','ESPAÑOLA','2007-06-13',0,0,'JESÚS ÁNGEL NALVAY SANROMAN','CRISTINA GIMENEZ GARRIZ','17754533M','17744009S','C/ BAJADA LARQUE','4','P01 B','ZUERA','50800',670517016,0,0,50008587,'ZUERA','combinada-6primaria',50018131,'nodata','ZARAGOZA','nodata',50008630,50010387,NULL,NULL,NULL,NULL,0,0,0,0,0,0,0,0,0,'borrador','3',3,0,'apta',0,0,'ebo','otro'),(8930,50032941,'VALERO ','SAZ','TAGORE','26058806J','ESPAÑOLA','2006-10-21',0,0,'JAVIER VALERO MIGUEL','NADIA SAZ SORIA','25156504R','29098845G','CALLE GIL TARÍN','8','BAJO E','LA MUELA','50196',652185846,609593227,0,0,'LA MUELA','combinada-6primaria',50010387,'nodata','ZARAGOZA','nodata',50018131,50011537,50017369,NULL,NULL,NULL,0,0,0,0,0,0,0,0,0,'validada','3',1,0,'apta',0,1,'ebo','otro'),(8933,50032948,'MARTÍN','ABAD','RUTH','nodata','ESPAÑOLA','2013-06-14',0,0,'SUSANA ABAD LORDÁN','MIGUEL ÁNGEL MARTÍN SIMÓN','07484540H','25170791M','C/ VELÁZQUEZ','7','2-1º B','Utebo','50.180',658083304,608300134,0,50018121,'Utebo','combinada-3infantil',50018131,'nodata','Zaragoza','nodata',50011537,NULL,NULL,NULL,NULL,NULL,0,0,0,0,0,0,0,0,0,'borrador','3',3,0,'apta',0,0,'ebo','otro'),(8934,50032950,'FRANCO ','URREA','ANGEL','73516207L','ESPAÑOLA','2013-12-28',0,0,'ALEXANDER FRANCO MEJIA','ZULMA CRISTINA URREA ALVAREZ','73469407R','73477488D','CALLE RAMBLA ','1','4 -15','Cuarte de Huerva','50410',689798784,689798783,0,22000585,'Cuarte de Huerva','combinada-3infantil',50017369,'nodata','Zaragoza','nodata',50011537,NULL,NULL,NULL,NULL,NULL,0,0,0,0,0,0,0,0,0,'validada','2',2,0,'apta',0,0,'ebo','otro'),(8936,50032955,'RODRIGO','GARCÍA','SERGIO','nodata','ESPAÑOLA','2006-08-26',0,0,'JOSE MANUEL RODRIGO IBARZ','RAQUEL GARCÍA GRACIA','25165950V','25174524N','C/ CAMINO DE LA ESTACIÓN','10','nodata','UTEBO','50180',636644148,652420170,0,50007376,'ZARAGOZA','combinada-1eso',50018131,'nodata','ZARAGOZA','nodata',NULL,NULL,NULL,NULL,NULL,NULL,0,1,0,0,0,0,0,0,0,'borrador','3',4,0,'apta',0,0,'ebo','otro'),(8937,50032956,'BENITO','CARCELLER','ALEJANDRO','73474234K','ESPAÑOLA','2007-08-01',0,0,'GLORIA CARCELLER AGUILAR','MIGUEL ÁNGEL BENITO JULIÁN','25482614V','25172363J','AVDA SALVADOR ALLENDE','73','1º L','Zaragoza','50.015',652438793,652438794,0,50009385,'Zaragoza','combinada-6primaria',50018131,'nodata','nodata','nodata',50008630,50007674,50010387,50009488,50017369,NULL,0,0,0,0,0,0,0,0,0,'borrador','3',5,0,'apta',0,0,'ebo','otro'),(8938,50032959,'HERNÁNDEZ','ARÓS','JOSÉ ANDRÉS','73237082E','ESPAÑOLA','2014-01-30',0,0,'VIVIAN KATHERINE ARÓS QUINTERO','RAFAEL HERNÁNDEZ MORILLAS','29106093F','26056242W','C/ LA CUCAÑA','11','nodata','ZARAGOZA','50.015',695040101,635025944,0,50010481,'Zaragoza','combinada-3infantil',50018131,'nodata','Zaragoza','nodata',50007674,50009488,50010387,NULL,NULL,NULL,0,0,0,0,0,0,0,0,0,'borrador','3',6,0,'apta',0,0,'ebo','otro'),(8939,50032962,'PARICIO ','ALVAREZ','NORA','26799262F','ESPAÑA','2013-07-25',0,0,'LAURA ALVAREZ PARICIO','RAUL PARICIO LAZARO','17745174F','25164323T','CAMINO DEL PLANO 10','81','ESC.1 2ºA','Cuarte de Huerva','50410',655070550,976937365,0,50019299,'Cuarte de Huerva','combinada-3infantil',50007674,'nodata','ZARAGOZA','nodata',NULL,NULL,NULL,NULL,NULL,NULL,0,0,0,0,0,0,0,0,0,'validada','3',1,0,'apta',0,0,'ebo','otro'),(8941,50032964,'GABARRE ','MORENO','SONIA','26058613G','ESPAÑOLA','2004-06-04',0,0,'MARÍA MORENO MORENO','FRANCISCO GABARRI CARBONELL','37347933G','25152572W','C/ LEGIÓN GÉMINA','3','1º IZDA','ZARAGOZA','50.011',636751370,669813879,0,22010876,'ZARAGOZA','combinada-1eso',50018131,'nodata','Zaragoza','nodata',50005616,50008630,50017369,NULL,NULL,NULL,0,0,0,0,0,0,0,0,0,'borrador','3',7,0,'apta',0,0,'ebo','otro'),(8942,50032965,'Salas','Cid','César','nodata','Española','2017-02-10',0,0,'Jesús Salas Sánchez','Luna Cid Antorán','73083506V','18446945W','C/Díaz de Mendoza','5','4º Dcha','Zaragoza','50009',609192150,696063302,1,0,'nodata','MODALIDAD: EDUCACION ESPECIAL',50007376,'nodata','Zaragoza','nodata',NULL,NULL,NULL,NULL,NULL,NULL,0,0,0,0,0,0,0,0,0,'validada','2',1,0,'apta',0,0,'ebo','otro'),(8943,50032966,'HOSTALED','CORTÉS','CLARA BEATRIZ','72266924G','ESPAÑOLA','2008-09-26',0,0,'FRANCISCO JAVIER HOSTALES VERA','BEATRIZ CORTÉS TIRADO','05420997N','25460302S','PS SAGASTA','7','1º IZDA','ZARAGOZA','50.008',601494642,622311233,0,50010171,'ZARAGOZA','combinada-3primaria',50018131,'nodata','ZARAGOZA','nodata',NULL,NULL,NULL,NULL,NULL,NULL,0,0,0,0,0,0,0,0,0,'borrador','3',8,0,'apta',0,0,'ebo','otro'),(8944,50032967,'ZIDÁN','EL MESSAOUDI','MOHAMED','73166999C','ESPAÑA','2013-01-26',0,1,'ALI ZIDAN EL MESSAOUDI','FARAH EL MESSAOUDI','Y1715572Q','73166175R','ROSAS','17','1ºD','ZARAGOZA','50009',661759070,0,1,0,'nodata','nodata',50011537,'nodata','ZARAGOZA','nodata',NULL,NULL,NULL,NULL,NULL,NULL,0,0,0,0,0,0,0,0,0,'borrador','3',1,0,'apta',0,0,'ebo','otro'),(8947,50032970,'prueba13','nodata','n13','111222222','nodata','2017-11-30',0,0,'tprueba','nodata','nodata','787877771','nodata','nda','nodata','nodata','nodata',0,0,0,0,'nodata','nodata',22003835,'nodata','nodata','nodata',NULL,NULL,NULL,NULL,NULL,NULL,0,0,0,0,0,0,0,0,0,'borrador','3',1,0,'apta',0,0,'ebo','otro'),(8948,50032971,'PINA','GAYA','MARCOS','73273284E','ESPAÑOLA','2014-10-21',1,0,'JOSUE PINA LATORRE','MÓNICA GAYA FAJARDO','16810040F','17735190M','CALLE ZUERA','29','nodata','CADRETE','nodata',648652480,651315112,0,50019299,'nodata','nodata',50007674,'nodata','Zaragoza','nodata',NULL,NULL,NULL,NULL,NULL,NULL,0,0,0,0,0,0,0,0,0,'validada','1',2,0,'apta',0,0,'ebo','otro'),(8949,50032972,'MARTÍNEZ','PABLO','ERIC','07265474G','ESPAÑOLA','2017-05-17',0,0,'JUAN MARTÍNEZ RODRÍGUEZ','NOEMÍ PABLO ROCHE','72990707T','36573562C','AVENIDA ARAGÓN, URBANIZACIÓN EL CONDADO','53','53','Alfajarín','50172',633566003,622450066,1,0,'nodata','nodata',50017369,'nodata','Zaragoza','nodata',50010387,50018131,50011537,50007674,NULL,NULL,0,0,0,0,0,0,0,0,0,'validada','3',3,0,'apta',0,0,'ebo','otro'),(8950,50032973,'Pando','Moya','Nerea','nodata','España','2007-01-05',0,0,'Felicidad Moya Godoy','nodata','nodata','73088705H','Plaza Samper','4','4ºB','Andorra','44500',672250609,676277877,1,0,'nodata','especial-1ebo',44004148,'nodata','Andorra','nodata',NULL,NULL,NULL,NULL,NULL,NULL,0,0,0,0,0,0,0,0,0,'borrador','3',1,0,'apta',0,0,'ebo','otro'),(8951,50032974,'MBO ','NCHAMA','CIRILO ALEJANDRO','26588923A','ESPAÑOLA','2002-12-10',0,0,'CARMEN MBO NCHAMA','nodata','nodata','27353500Z','BÉLGICA','02','nodata','ZARAGOZA','50017',688366502,0,0,0,'ZARAGOZA','especial-1ebo',50009488,'nodata','Villamayor','nodata',NULL,NULL,NULL,NULL,NULL,NULL,0,0,0,0,0,0,0,0,0,'borrador','1',1,0,'apta',0,0,'ebo','otro'),(8953,50032976,'CATALAN ','PEREZ','VALERIA','nodata','ESPAÑOLA','2013-10-19',0,0,'LAURA PEREZ GONZALEZ','ALFREDO CATALAN ALADREN','25482234M','17747291P','C/ LA LISTA DE SCHINDLER ','39','1º L2','ZARAGOZA','50019',678666497,669158151,0,50017710,'ZARAGOZA','combinada-3infantil',50017369,'nodata','Zaragoza','nodata',50007674,NULL,NULL,NULL,NULL,NULL,0,0,0,0,0,0,0,0,0,'borrador','3',4,0,'apta',0,0,'ebo','otro'),(8955,50032978,'GASPAR','HEREDIA','LEO','nodata','ESPAÑOLA','2019-12-10',0,0,'ROBERTO GASPAR SOBRECASAS','VIRGINIA HEREDIA PEREZ','46939415A','72981047T','CALLE ROGER DE FLOR ','21','7A','Zaragoza','50017',655188164,699646378,1,0,'nodata','nodata',50006888,'nodata','Zaragoza','nodata',NULL,NULL,NULL,NULL,NULL,NULL,0,0,0,0,0,0,0,0,0,'borrador','3',1,0,'apta',0,0,'ebo','otro'),(8956,50032982,'Gómez','Gómez','Valeria','nodata','Española','2017-08-17',1,0,'María Gómez Campillo','Alejandro Luis Gómez Belsué','72983177Z','72971328x','Paseo Lagos de Alba ','60','casa 29','Zaragoza','50011',657760650,617346638,1,0,'nodata','nodata',50010272,'nodata','Zaragoza','nodata',50007789,NULL,NULL,NULL,NULL,NULL,0,0,0,0,0,0,0,0,0,'borrador','3',1,0,'apta',0,0,'ebo','otro'),(8957,50032997,'FERRER','RUBIO','LEO','nodata','ESPAÑOL','2017-09-10',0,0,'OSCAR FERRER ARTIGAS','ANA CRISTINA RUBIO HERNANDEZ','72982526F','73011174C','CALLE SANTANDER ','30','4C','Zaragoza','50010',647242630,678043266,1,0,'nodata','nodata',50018131,'nodata','Zaragoza','nodata',50007376,50008915,50011537,50017369,50010387,NULL,0,0,0,0,0,0,0,0,0,'borrador','3',9,0,'apta',0,0,'ebo','otro'),(8959,50032999,'              JIMÉNEZ ','OLIVER','TONY','77221915J','ESPAÑOLA','2007-06-05',0,0,'ANTONIO JIMÉNEZ JIMÉNEZ','nodata','nodata','17726721T','PASAJE DE LA VÍA','11','1º 1ª','Zaragoza','50008',976362605,677234583,0,50010171,'Zaragoza','combinada-5primaria',50017369,'nodata','nodata','nodata',50011537,NULL,NULL,NULL,NULL,NULL,0,0,0,0,0,0,0,0,0,'validada','2',5,0,'apta',0,1,'ebo','otro'),(8960,50033000,'TINTOI','nodata','AMEDEA','Y5763286Y','Rumanía','2017-04-22',1,0,'TINTOI, EMILIAN','TINTOI, DAMARIS','Y2613447V','X8306358T','José Martínez Ruíz','17','3º A','Zaragoza','50002',689592006,698205699,1,0,'nodata','nodata',50017369,'nodata','Zaragoza','nodata',50010387,50011537,50008630,NULL,NULL,NULL,0,0,0,0,0,0,0,0,0,'validada','3',6,0,'apta',0,0,'ebo','otro'),(8961,50033001,'CALDERON','FERRERO','FELIX','73272705H','España','2012-08-22',0,0,'FELIX CALDERON DOMINGO','RAQUEL FERRERO MONREAL','46454365T','25150507F','CALLE MARIA ZAMBRANO','8','1ºG','ZARAGOZA','50018',662078761,661827347,0,50006128,'ZARAGOZA','combinada-1primaria',50006128,'nodata','ZARAGOZA','nodata',NULL,NULL,NULL,NULL,NULL,NULL,0,0,0,0,0,0,0,0,0,'validada','3',1,0,'apta',0,0,'ebo','otro'),(8962,50033002,'Beldjilali','Osmani','Malik','17500033T','Española','2014-03-06',0,0,'Lahouari Beldjilali','Amina Osmani','17U017323','X1218825D','Avenida Barón Warsage','7','esc 2 3º dcha','Calatayud','50300',603198643,0,0,50001088,'Calatayud','nodata',50019408,'nodata','Calatayud','nodata',NULL,NULL,NULL,NULL,NULL,NULL,0,0,0,0,0,0,0,0,0,'borrador','2',1,0,'apta',0,0,'ebo','otro'),(8963,50033003,'COLMENAR','PÉREZ DEL CAMINO','MANUEL DIEGO','nodata','ESPAÑOLA','2014-11-08',0,0,'CARLOS COLMENAR MATAMOROS','ANGELA DIEGA PÉREZ DEL CAMINO HERNÁNDEZ','52998288D','01932721P','AVENIDA DE FRANCIA','22','nodata','JACA','22900',678336511,652859861,0,0,'POZUELO DE ALARCON','especial-1ebo',22010001,'nodata','HUESCA','nodata',NULL,NULL,NULL,NULL,NULL,NULL,0,0,0,0,0,0,0,0,0,'validada','3',1,0,'apta',0,0,'ebo','otro'),(8964,50033004,'GIMÉNEZ','GIMÉNEZ','JESÚS','nodata','ESPAÑOLA','2017-04-15',0,0,' MARÍA IRIS GIMÉNEZ GIMÉNEZ','JESÚS RUBÉN GIMÉNEZ GIMÉNEZ','18057188A','18059304F','CALLE CLERIGUECH','15','1ºH','HUESCA','22002',665088597,677182761,1,0,'nodata','nodata',22010001,'nodata','HUESCA','nodata',NULL,NULL,NULL,NULL,NULL,NULL,0,0,0,0,0,0,0,0,0,'validada','3',2,0,'apta',0,0,'ebo','otro'),(8965,50033005,'VIEDMA ','BONED','JESÚS','nodata','ESPAÑOLA','2017-04-02',0,0,'MARÍA JESÚS BONED BONED','NICOLAS VIEDMA CARAVACA','47799717J','18054281V','CALLE LA FUENTE','16','nodata','LANAJA','22250',634827116,659940370,1,0,'nodata','nodata',22010001,'nodata','HUESCA','nodata',NULL,NULL,NULL,NULL,NULL,NULL,0,0,0,0,0,0,0,0,0,'validada','3',3,0,'apta',0,0,'ebo','otro'),(8967,50033019,'Hernández','Pérez','Alvaro','26606268Y','España','2017-04-21',0,0,'Teresa Pérez Beriain','David Hernández Salcedo','33534684V','44632171G','Avda. de la Estación','29','4 C','Tarazona','50500',676863228,656844022,1,0,'nodata','nodata',50007376,'nodata','Zaragoza','nodata',NULL,NULL,NULL,NULL,NULL,NULL,0,0,0,0,0,0,0,0,0,'validada','3',2,0,'apta',0,0,'ebo','otro'),(8968,50033023,'Osei','Appiah','Seth','Y5961757X','Ghana','2017-07-11',0,0,'Emmanuel Appiah Kubi','Patience Mprengo Kwarteng','Y4377582Y','X3972747H','Via Universitas','65','4 C','Zaragoza','50017',632722258,631750226,1,0,'nodata','nodata',50007376,'nodata','Zaragoza','nodata',NULL,NULL,NULL,NULL,NULL,NULL,0,0,0,0,0,0,0,0,0,'validada','3',3,0,'apta',0,0,'ebo','otro'),(8969,50033025,'Enfedaque','Piquer','Elisa Valentina','07265204X','Española','2017-02-14',0,0,'Daniel Enfedaque Sariñena','María Piquer Catalán','29122435L','73085502N','Plaza Cuartel','s/n','7','Sastago','50780',679298167,625300825,1,0,'nodata','nodata',50007376,'nodata','Zaragoza','nodata',NULL,NULL,NULL,NULL,NULL,NULL,0,0,0,0,0,0,0,0,0,'validada','3',4,0,'apta',0,0,'ebo','otro'),(8970,50033026,'Morfioli','García','Noa','nodata','nodata','2010-03-09',0,0,'Prueba','nodata','nodata','29128248j','nodata','nda','nodata','nodata','nodata',0,0,0,0,'nodata','nodata',50007674,'nodata','nodata','nodata',NULL,NULL,NULL,NULL,NULL,NULL,0,0,0,0,0,0,0,0,0,'validada','3',3,0,'apta',0,0,'ebo','otro'),(8971,50033027,'Buil','García','Martin','nodata','Española','2017-01-13',0,0,'Verónica García Magalhaes','Carlos Buil Peralta','16564273H','72050157N','Base Aerea Zaragoza','82','82 B','Zaragoza','50190',677043512,647554747,1,0,'nodata','nodata',50007376,'nodata','Zaragoza','nodata',NULL,NULL,NULL,NULL,NULL,NULL,0,0,0,0,0,0,0,0,0,'validada','3',5,0,'apta',0,0,'ebo','otro'),(8972,50033033,'Morfioli','Garcia','Sara','nodata','española','2017-04-05',0,0,'Ruben Garcia Guillen','nodata','nodata','29128248J','nodata','nda','nodata','nodata','nodata',0,0,0,0,'nodata','nodata',50007674,'nodata','nodata','nodata',NULL,NULL,NULL,NULL,NULL,NULL,0,0,0,0,0,0,0,0,0,'validada','3',4,0,'apta',0,0,'ebo','otro'),(8973,50033034,'Riza','nodata','Emil Cristian','Y1398118P','española','2008-03-16',0,0,'Cristiana Riza','nodata','nodata','X8300436N','Glen Ellyn ','7','nodata','Calatayud','50300',642897575,0,0,0,'Ganeasa','nodata',50019408,'nodata','Calatayud','nodata',NULL,NULL,NULL,NULL,NULL,NULL,0,0,0,0,0,0,0,0,0,'borrador','3',2,0,'apta',0,0,'ebo','otro');
/*!40000 ALTER TABLE `alumnos` ENABLE KEYS */;
UNLOCK TABLES;

--
-- Table structure for table `alumnos_definitiva_final`
--

DROP TABLE IF EXISTS `alumnos_definitiva_final`;
/*!40101 SET @saved_cs_client     = @@character_set_client */;
/*!40101 SET character_set_client = utf8 */;
CREATE TABLE `alumnos_definitiva_final` (
  `nombre` varchar(50) NOT NULL DEFAULT 'nodata',
  `apellido1` varchar(50) NOT NULL DEFAULT 'nodata',
  `apellido2` varchar(50) NOT NULL DEFAULT 'nodata',
  `tipoestudios` enum('ebo','tva') DEFAULT 'ebo',
  `fase_solicitud` enum('borrador','validada','baremada') DEFAULT 'borrador',
  `estado_solicitud` enum('irregular','duplicada','apta') DEFAULT 'apta',
  `transporte` enum('1','2','3') DEFAULT '3',
  `nordensorteo` int(11) DEFAULT '0',
  `nasignado` int(11) DEFAULT '0',
  `est_desp_sorteo` enum('noadmitida','admitida','otro') DEFAULT 'otro',
  `nombre_centro` varchar(100) DEFAULT NULL,
  `id_alumno` int(11) DEFAULT NULL,
  `hermanos_centro` tinyint(4) DEFAULT '0',
  `tutores_centro` tinyint(1) DEFAULT '0',
  `tipo_domicilio` enum('laboral','familiar') DEFAULT 'familiar',
  `renta_inferior` tinyint(4) DEFAULT '0',
  `discapacidad` enum('alumno','hpadres','no') DEFAULT 'no',
  `tipo_familia` enum('numerosa_especial','numerosa_general','monoparental_especial','monoparental_general','no') DEFAULT 'no',
  `monoparental` tinyint(4) DEFAULT '0',
  `zona_dfamiliar` enum('A','B','DESC') DEFAULT 'DESC',
  `zona_dtrabajo` enum('A','B','DESC') DEFAULT 'DESC',
  `zona_limitrofe` enum('SI','NO','DESC') DEFAULT 'DESC',
  `zona_trabajo_limitrofe` enum('SI','NO','DESC') DEFAULT 'DESC',
  `proximidad_domicilio` enum('dfamiliar','dlaboral','dflimitrofe','dllimitrofe','sindomicilio') DEFAULT 'sindomicilio',
  `validar_proximidad_domicilio` tinyint(1) DEFAULT '0',
  `validar_tutores_centro` tinyint(1) DEFAULT '0',
  `validar_renta_inferior` tinyint(1) DEFAULT '0',
  `validar_hnos_centro` tinyint(1) DEFAULT '0',
  `validar_discapacidad` tinyint(1) DEFAULT '0',
  `validar_tipo_familia` tinyint(1) DEFAULT '0',
  `calle_dlaboral` varchar(200) DEFAULT NULL COMMENT 'calle domicilio laboral',
  `puntos_validados` float DEFAULT NULL,
  `puntos_totales` float DEFAULT NULL,
  `calle_dllimitrofe` varchar(200) DEFAULT NULL,
  `id_centro_destino` int(11) NOT NULL DEFAULT '0'
) ENGINE=InnoDB DEFAULT CHARSET=latin1;
/*!40101 SET character_set_client = @saved_cs_client */;

--
-- Dumping data for table `alumnos_definitiva_final`
--

LOCK TABLES `alumnos_definitiva_final` WRITE;
/*!40000 ALTER TABLE `alumnos_definitiva_final` DISABLE KEYS */;
/*!40000 ALTER TABLE `alumnos_definitiva_final` ENABLE KEYS */;
UNLOCK TABLES;

--
-- Table structure for table `alumnos_fase2`
--

DROP TABLE IF EXISTS `alumnos_fase2`;
/*!40101 SET @saved_cs_client     = @@character_set_client */;
/*!40101 SET character_set_client = utf8 */;
CREATE TABLE `alumnos_fase2` (
  `id_alumno` int(11) NOT NULL DEFAULT '0',
  `nombre` varchar(50) NOT NULL DEFAULT 'nodata',
  `apellido1` varchar(50) NOT NULL DEFAULT 'nodata',
  `apellido2` varchar(50) NOT NULL DEFAULT 'nodata',
  `calle_dfamiliar` varchar(200) NOT NULL DEFAULT 'nodata',
  `nombre_centro` varchar(100) DEFAULT NULL,
  `tipoestudios` enum('ebo','tva') DEFAULT 'ebo',
  `fase_solicitud` enum('borrador','validada','baremada') DEFAULT 'borrador',
  `estado_solicitud` enum('irregular','duplicada','apta') DEFAULT 'apta',
  `transporte` enum('1','2','3') DEFAULT '3',
  `nordensorteo` int(11) DEFAULT '0',
  `nasignado` int(11) DEFAULT '0',
  `puntos_validados` float DEFAULT NULL,
  `id_centro` int(11) NOT NULL DEFAULT '0',
  `centro1` varchar(100) NOT NULL,
  `id_centro1` int(11) DEFAULT '0'
) ENGINE=InnoDB DEFAULT CHARSET=latin1;
/*!40101 SET character_set_client = @saved_cs_client */;

--
-- Dumping data for table `alumnos_fase2`
--

LOCK TABLES `alumnos_fase2` WRITE;
/*!40000 ALTER TABLE `alumnos_fase2` DISABLE KEYS */;
/*!40000 ALTER TABLE `alumnos_fase2` ENABLE KEYS */;
UNLOCK TABLES;

--
-- Table structure for table `alumnos_fase2_tmp`
--

DROP TABLE IF EXISTS `alumnos_fase2_tmp`;
/*!40101 SET @saved_cs_client     = @@character_set_client */;
/*!40101 SET character_set_client = utf8 */;
CREATE TABLE `alumnos_fase2_tmp` (
  `id_alumno` int(11) NOT NULL DEFAULT '0',
  `nombre` varchar(50) NOT NULL DEFAULT 'nodata',
  `apellido1` varchar(50) NOT NULL DEFAULT 'nodata',
  `apellido2` varchar(50) NOT NULL DEFAULT 'nodata',
  `localidad` char(50) DEFAULT NULL,
  `calle_dfamiliar` varchar(200) NOT NULL DEFAULT 'nodata',
  `nombre_centro` varchar(100) DEFAULT NULL,
  `tipoestudios` enum('ebo','tva') DEFAULT 'ebo',
  `fase_solicitud` enum('borrador','validada','baremada') DEFAULT 'borrador',
  `estado_solicitud` enum('irregular','duplicada','apta') DEFAULT 'apta',
  `transporte` enum('1','2','3') DEFAULT '3',
  `nordensorteo` int(11) DEFAULT '0',
  `nasignado` int(11) DEFAULT '0',
  `puntos_validados` float DEFAULT NULL,
  `id_centro` int(11) NOT NULL DEFAULT '0',
  `centro1` varchar(100) NOT NULL,
  `id_centro1` int(11) DEFAULT '0',
  `centro2` varchar(100) DEFAULT NULL,
  `id_centro2` int(11) DEFAULT NULL,
  `centro3` varchar(100) DEFAULT NULL,
  `id_centro3` int(11) DEFAULT NULL,
  `centro4` varchar(100) DEFAULT NULL,
  `id_centro4` int(11) DEFAULT NULL,
  `centro5` varchar(100) DEFAULT NULL,
  `id_centro5` int(11) DEFAULT NULL,
  `centro6` varchar(100) DEFAULT NULL,
  `id_centro6` int(11) DEFAULT NULL,
  `centro_definitivo` varchar(100) DEFAULT 'nocentro',
  `id_centro_definitivo` int(11) DEFAULT NULL,
  `id_centro_origen` int(11) DEFAULT '0',
  `centro_origen` varchar(100) DEFAULT 'nocentro',
  `reserva` tinyint(4) DEFAULT '0',
  `reserva_original` tinyint(4) DEFAULT '0',
  `tipo_modificacion` enum('automatica','manual','nomodificada') DEFAULT 'nomodificada',
  `activo_fase3` tinyint(4) DEFAULT '0'
) ENGINE=InnoDB DEFAULT CHARSET=latin1;
/*!40101 SET character_set_client = @saved_cs_client */;

--
-- Dumping data for table `alumnos_fase2_tmp`
--

LOCK TABLES `alumnos_fase2_tmp` WRITE;
/*!40000 ALTER TABLE `alumnos_fase2_tmp` DISABLE KEYS */;
/*!40000 ALTER TABLE `alumnos_fase2_tmp` ENABLE KEYS */;
UNLOCK TABLES;

--
-- Table structure for table `alumnos_provisional_final`
--

DROP TABLE IF EXISTS `alumnos_provisional_final`;
/*!40101 SET @saved_cs_client     = @@character_set_client */;
/*!40101 SET character_set_client = utf8 */;
CREATE TABLE `alumnos_provisional_final` (
  `nombre` varchar(50) NOT NULL DEFAULT 'nodata',
  `apellido1` varchar(50) NOT NULL DEFAULT 'nodata',
  `apellido2` varchar(50) NOT NULL DEFAULT 'nodata',
  `tipoestudios` enum('ebo','tva') DEFAULT 'ebo',
  `fase_solicitud` enum('borrador','validada','baremada') DEFAULT 'borrador',
  `estado_solicitud` enum('irregular','duplicada','apta') DEFAULT 'apta',
  `transporte` enum('1','2','3') DEFAULT '3',
  `nordensorteo` int(11) DEFAULT '0',
  `nasignado` int(11) DEFAULT '0',
  `est_desp_sorteo` enum('noadmitida','admitida','otro') DEFAULT 'otro',
  `nombre_centro` varchar(100) DEFAULT NULL,
  `id_alumno` int(11) DEFAULT NULL,
  `hermanos_centro` tinyint(4) DEFAULT '0',
  `tutores_centro` tinyint(1) DEFAULT '0',
  `tipo_domicilio` enum('laboral','familiar') DEFAULT 'familiar',
  `renta_inferior` tinyint(4) DEFAULT '0',
  `discapacidad` enum('alumno','hpadres','no') DEFAULT 'no',
  `tipo_familia` enum('numerosa_especial','numerosa_general','monoparental_especial','monoparental_general','no') DEFAULT 'no',
  `monoparental` tinyint(4) DEFAULT '0',
  `zona_dfamiliar` enum('A','B','DESC') DEFAULT 'DESC',
  `zona_dtrabajo` enum('A','B','DESC') DEFAULT 'DESC',
  `zona_limitrofe` enum('SI','NO','DESC') DEFAULT 'DESC',
  `zona_trabajo_limitrofe` enum('SI','NO','DESC') DEFAULT 'DESC',
  `proximidad_domicilio` enum('dfamiliar','dlaboral','dflimitrofe','dllimitrofe','sindomicilio') DEFAULT 'sindomicilio',
  `validar_proximidad_domicilio` tinyint(1) DEFAULT '0',
  `validar_tutores_centro` tinyint(1) DEFAULT '0',
  `validar_renta_inferior` tinyint(1) DEFAULT '0',
  `validar_hnos_centro` tinyint(1) DEFAULT '0',
  `validar_discapacidad` tinyint(1) DEFAULT '0',
  `validar_tipo_familia` tinyint(1) DEFAULT '0',
  `calle_dlaboral` varchar(200) DEFAULT NULL COMMENT 'calle domicilio laboral',
  `puntos_validados` float DEFAULT NULL,
  `puntos_totales` float DEFAULT NULL,
  `calle_dllimitrofe` varchar(200) DEFAULT NULL,
  `id_centro_destino` int(11) NOT NULL DEFAULT '0'
) ENGINE=InnoDB DEFAULT CHARSET=latin1;
/*!40101 SET character_set_client = @saved_cs_client */;

--
-- Dumping data for table `alumnos_provisional_final`
--

LOCK TABLES `alumnos_provisional_final` WRITE;
/*!40000 ALTER TABLE `alumnos_provisional_final` DISABLE KEYS */;
/*!40000 ALTER TABLE `alumnos_provisional_final` ENABLE KEYS */;
UNLOCK TABLES;

--
-- Table structure for table `baremo`
--

DROP TABLE IF EXISTS `baremo`;
/*!40101 SET @saved_cs_client     = @@character_set_client */;
/*!40101 SET character_set_client = utf8 */;
CREATE TABLE `baremo` (
  `id_alumno` int(11) NOT NULL,
  `hermanos_centro` tinyint(4) NOT NULL DEFAULT '0',
  `tutores_centro` tinyint(1) NOT NULL DEFAULT '0',
  `tipo_domicilio` enum('laboral','familiar') NOT NULL DEFAULT 'familiar',
  `renta_inferior` tinyint(4) DEFAULT '0',
  `discapacidad` enum('alumno','hpadres','no') NOT NULL DEFAULT 'no',
  `tipo_familia` enum('numerosa_especial','numerosa_general','monoparental_especial','monoparental_general','no') NOT NULL DEFAULT 'no',
  `monoparental` tinyint(4) NOT NULL DEFAULT '0',
  `zona_dfamiliar` enum('A','B','DESC') NOT NULL DEFAULT 'DESC',
  `zona_dtrabajo` enum('A','B','DESC') NOT NULL DEFAULT 'DESC',
  `zona_limitrofe` enum('SI','NO','DESC') NOT NULL DEFAULT 'DESC',
  `zona_trabajo_limitrofe` enum('SI','NO','DESC') NOT NULL DEFAULT 'DESC',
  `proximidad_domicilio` enum('dfamiliar','dlaboral','dflimitrofe','dllimitrofe','sindomicilio') DEFAULT 'sindomicilio',
  `validar_proximidad_domicilio` tinyint(1) NOT NULL DEFAULT '0',
  `validar_tutores_centro` tinyint(1) NOT NULL DEFAULT '0',
  `validar_renta_inferior` tinyint(1) NOT NULL DEFAULT '0',
  `validar_hnos_centro` tinyint(1) DEFAULT '0',
  `validar_discapacidad` tinyint(1) NOT NULL DEFAULT '0',
  `validar_tipo_familia` tinyint(1) DEFAULT '0',
  `calle_dlaboral` varchar(200) DEFAULT NULL COMMENT 'calle domicilio laboral',
  `puntos_validados` float DEFAULT NULL,
  `puntos_totales` float DEFAULT NULL,
  `calle_dllimitrofe` varchar(200) DEFAULT NULL,
  PRIMARY KEY (`id_alumno`),
  CONSTRAINT `baremo_ibfk_1` FOREIGN KEY (`id_alumno`) REFERENCES `alumnos` (`id_alumno`)
) ENGINE=InnoDB DEFAULT CHARSET=latin1;
/*!40101 SET character_set_client = @saved_cs_client */;

--
-- Dumping data for table `baremo`
--

LOCK TABLES `baremo` WRITE;
/*!40000 ALTER TABLE `baremo` DISABLE KEYS */;
INSERT INTO `baremo` VALUES (8923,0,0,'familiar',0,'no','no',0,'DESC','DESC','DESC','DESC','sindomicilio',0,0,0,0,0,0,NULL,0,0,NULL),(8924,0,0,'familiar',0,'alumno','numerosa_especial',0,'DESC','DESC','DESC','DESC','dfamiliar',0,0,0,0,0,0,NULL,0,9,NULL),(8925,0,0,'familiar',0,'alumno','no',0,'DESC','DESC','DESC','DESC','sindomicilio',0,0,0,0,0,0,NULL,0,1,NULL),(8927,0,0,'familiar',0,'alumno','numerosa_general',0,'DESC','DESC','DESC','DESC','dfamiliar',1,0,0,0,1,1,NULL,8,8,NULL),(8928,0,0,'familiar',0,'no','no',0,'DESC','DESC','DESC','DESC','sindomicilio',0,0,0,0,0,0,NULL,0,0,NULL),(8929,0,0,'familiar',0,'no','no',0,'DESC','DESC','DESC','DESC','sindomicilio',0,0,0,0,0,0,NULL,0,0,NULL),(8933,0,0,'familiar',0,'no','no',0,'DESC','DESC','DESC','DESC','sindomicilio',0,0,0,0,0,0,NULL,0,0,NULL),(8934,0,0,'familiar',0,'alumno','numerosa_general',0,'DESC','DESC','DESC','DESC','dfamiliar',1,0,0,0,1,1,NULL,8,8,NULL),(8936,0,0,'familiar',0,'alumno','numerosa_general',0,'DESC','DESC','DESC','DESC','dflimitrofe',0,0,0,0,0,0,NULL,0,5,NULL),(8937,0,0,'familiar',0,'no','no',0,'DESC','DESC','DESC','DESC','sindomicilio',0,0,0,0,0,0,NULL,0,0,NULL),(8938,0,0,'familiar',0,'no','no',0,'DESC','DESC','DESC','DESC','sindomicilio',0,0,0,0,0,0,NULL,0,0,NULL),(8939,0,0,'familiar',0,'no','no',0,'DESC','DESC','DESC','DESC','dfamiliar',0,0,0,0,0,0,NULL,0,6,NULL),(8941,0,0,'familiar',0,'no','no',0,'DESC','DESC','DESC','DESC','sindomicilio',0,0,0,0,0,0,NULL,0,0,NULL),(8942,0,0,'familiar',0,'alumno','numerosa_general',0,'DESC','DESC','DESC','DESC','dfamiliar',0,0,0,0,0,0,NULL,0,8,NULL),(8943,0,0,'familiar',0,'no','no',0,'DESC','DESC','DESC','DESC','sindomicilio',0,0,0,0,0,0,NULL,0,0,NULL),(8944,0,0,'familiar',0,'alumno','numerosa_general',0,'DESC','DESC','DESC','DESC','dfamiliar',0,0,0,0,1,0,NULL,1,8,NULL),(8948,0,0,'familiar',0,'hpadres','numerosa_general',0,'DESC','DESC','DESC','DESC','dfamiliar',1,0,0,1,1,1,NULL,15.75,15.75,NULL),(8949,0,0,'familiar',0,'alumno','numerosa_general',0,'DESC','DESC','DESC','DESC','sindomicilio',1,0,0,0,1,1,NULL,2,2,NULL),(8950,0,0,'familiar',0,'no','no',0,'DESC','DESC','DESC','DESC','sindomicilio',0,0,0,0,0,0,NULL,0,0,NULL),(8951,0,0,'familiar',0,'alumno','monoparental_general',0,'DESC','DESC','DESC','DESC','dflimitrofe',0,0,0,0,0,0,NULL,0,5,NULL),(8953,0,0,'familiar',0,'alumno','no',0,'DESC','DESC','DESC','DESC','dfamiliar',0,0,0,0,0,0,NULL,0,7,NULL),(8955,0,0,'familiar',0,'no','no',0,'DESC','DESC','DESC','DESC','dfamiliar',0,0,0,0,0,0,NULL,0,6,NULL),(8956,0,0,'familiar',0,'no','no',0,'DESC','DESC','DESC','DESC','sindomicilio',0,0,0,0,0,0,NULL,0,8,NULL),(8957,0,0,'familiar',0,'no','no',0,'DESC','DESC','DESC','DESC','sindomicilio',0,0,0,0,0,0,NULL,0,0,NULL),(8959,0,0,'familiar',1,'alumno','no',0,'DESC','DESC','DESC','DESC','dfamiliar',1,0,0,0,0,1,NULL,6,8,NULL),(8960,0,0,'familiar',1,'alumno','numerosa_general',0,'DESC','DESC','DESC','DESC','dfamiliar',1,0,0,1,1,1,NULL,16,17,NULL),(8961,0,0,'familiar',0,'alumno','no',0,'DESC','DESC','DESC','DESC','sindomicilio',0,0,0,0,1,0,NULL,1,1,NULL),(8962,0,0,'familiar',0,'alumno','numerosa_especial',0,'DESC','DESC','DESC','DESC','dfamiliar',1,0,0,0,1,1,NULL,9,9,NULL),(8963,0,0,'familiar',0,'no','no',0,'DESC','DESC','DESC','DESC','sindomicilio',0,0,0,0,0,0,NULL,0,0,NULL),(8964,0,0,'familiar',0,'no','no',0,'DESC','DESC','DESC','DESC','sindomicilio',0,0,0,0,0,0,NULL,0,0,NULL),(8965,0,0,'familiar',0,'no','no',0,'DESC','DESC','DESC','DESC','sindomicilio',0,0,0,0,0,0,NULL,0,0,NULL),(8967,0,0,'familiar',0,'alumno','numerosa_general',0,'DESC','DESC','DESC','DESC','sindomicilio',0,0,0,0,0,0,NULL,0,2,NULL),(8968,0,0,'familiar',0,'no','no',0,'DESC','DESC','DESC','DESC','dflimitrofe',0,0,0,0,0,0,NULL,0,3,NULL),(8969,0,0,'familiar',0,'alumno','no',0,'DESC','DESC','DESC','DESC','sindomicilio',0,0,0,0,0,0,NULL,0,1,NULL),(8970,0,0,'familiar',0,'alumno','numerosa_general',0,'DESC','DESC','DESC','DESC','dflimitrofe',1,0,0,0,1,1,NULL,5,5,NULL),(8971,0,0,'familiar',0,'alumno','numerosa_general',0,'DESC','DESC','DESC','DESC','dflimitrofe',0,0,0,0,0,0,NULL,0,5,NULL),(8972,0,0,'familiar',0,'alumno','numerosa_general',0,'DESC','DESC','DESC','DESC','dflimitrofe',1,0,0,0,1,1,NULL,5,5,NULL),(8973,0,0,'familiar',0,'alumno','no',0,'DESC','DESC','DESC','DESC','dfamiliar',0,0,0,0,1,0,NULL,1,7,NULL);
/*!40000 ALTER TABLE `baremo` ENABLE KEYS */;
UNLOCK TABLES;

--
-- Table structure for table `centros`
--

DROP TABLE IF EXISTS `centros`;
/*!40101 SET @saved_cs_client     = @@character_set_client */;
/*!40101 SET character_set_client = utf8 */;
CREATE TABLE `centros` (
  `id_usuario` int(11) NOT NULL,
  `localidad` varchar(100) NOT NULL,
  `provincia` varchar(20) NOT NULL,
  `nombre_centro` varchar(100) NOT NULL,
  `tipo_centro` enum('origen','destino','ambos') DEFAULT NULL,
  `id_centro` int(11) NOT NULL,
  `zona` enum('A','B','DESC') NOT NULL DEFAULT 'DESC',
  `vacantes_ebo` int(11) NOT NULL DEFAULT '0',
  `vacantes_ebo_original` int(11) DEFAULT '0',
  `vacantes_tva` int(11) NOT NULL DEFAULT '0',
  `vacantes_tva_original` int(11) DEFAULT '0',
  `num_sorteo` int(11) DEFAULT '0',
  `ndespuessorteo` int(11) DEFAULT '0',
  `tipoestudios` enum('ebo','tva') DEFAULT 'ebo',
  `solicitudes_ebo` int(11) DEFAULT '0',
  `solicitudes_tva` int(11) DEFAULT '0',
  `fase_sorteo` enum('0','1','2','3') DEFAULT '0',
  `primera_conexion` enum('si','no') DEFAULT 'si',
  `clase_centro` enum('especial','normal') DEFAULT 'normal',
  PRIMARY KEY (`id_centro`),
  UNIQUE KEY `codigo_centro` (`id_centro`),
  UNIQUE KEY `id_usuario` (`id_usuario`),
  CONSTRAINT `centros_ibfk_1` FOREIGN KEY (`id_usuario`) REFERENCES `usuarios` (`id_usuario`)
) ENGINE=InnoDB DEFAULT CHARSET=latin1;
/*!40101 SET character_set_client = @saved_cs_client */;

--
-- Dumping data for table `centros`
--

LOCK TABLES `centros` WRITE;
/*!40000 ALTER TABLE `centros` DISABLE KEYS */;
INSERT INTO `centros` VALUES (50032903,'teruel','teruel','spteruel',NULL,-3,'DESC',0,0,0,0,0,0,'ebo',0,0,'0','si','normal'),(50032902,'huesca','huesca','sphuesca',NULL,-2,'DESC',0,0,0,0,0,0,'ebo',0,0,'0','si','normal'),(50032901,'zaragoza','zaragoza','spzaragoza',NULL,-1,'DESC',0,0,0,0,0,0,'ebo',0,0,'0','si','normal'),(1,'nodata','nodata','NONAME','ambos',0,'DESC',0,0,0,0,0,0,'ebo',20,0,'0','si','normal'),(50019810,'nodata','nodata','global','ambos',1,'DESC',0,0,0,0,0,0,'ebo',20,0,'0','si','normal'),(22000056,'Adahuesca','Huesca','VERO-ALCANADRE','origen',22000056,'DESC',0,0,0,0,0,0,'ebo',20,0,'0','si','normal'),(22000071,'Aínsa','Huesca','ASUNCIÓN PAÑART MONTANER','origen',22000071,'DESC',0,0,0,0,0,0,'ebo',20,0,'0','si','normal'),(22000251,'Alcolea de Cinca','Huesca','JOSÉ MANUEL BLECUA','origen',22000251,'DESC',15,0,35,0,0,0,'ebo',20,0,'0','si','normal'),(22000299,'Almudévar','Huesca','SANTOS SAMPER SARASA','origen',22000299,'DESC',0,0,0,0,0,0,'ebo',20,0,'0','si','normal'),(22000585,'Ayerbe','Huesca','RAMÓN Y CAJAL','origen',22000585,'DESC',0,0,0,0,0,0,'ebo',20,0,'0','si','normal'),(22000706,'Ballobar','Huesca','FRANCISCO GALIAY SARAÑANA','origen',22000706,'DESC',0,0,0,0,0,0,'ebo',20,0,'0','si','normal'),(22000721,'Barbastro','Huesca','ALTO ARAGÓN','origen',22000721,'DESC',0,0,0,0,0,0,'ebo',20,0,'0','si','normal'),(22000731,'Barbastro','Huesca','LA MERCED','origen',22000731,'DESC',0,0,0,0,0,0,'ebo',20,0,'0','si','normal'),(22000767,'Barbastro','Huesca','SAN VICENTE DE PAÚL','origen',22000767,'DESC',0,0,0,0,0,0,'ebo',20,0,'0','si','normal'),(22000779,'Barbastro','Huesca','SAN JOSÉ DE CALASANZ','origen',22000779,'DESC',0,0,0,0,0,0,'ebo',20,0,'0','si','normal'),(22000809,'Barbastro','Huesca','HERMANOS ARGENSOLA','origen',22000809,'DESC',0,0,0,0,0,0,'ebo',20,0,'0','si','normal'),(22001073,'Binéfar','Huesca','VÍCTOR MENDOZA MENDOZA','origen',22001073,'DESC',0,0,0,0,0,0,'ebo',20,0,'0','si','normal'),(22001085,'Binéfar','Huesca','VIRGEN DEL ROMERAL','origen',22001085,'DESC',0,0,0,0,0,0,'ebo',20,0,'0','si','normal'),(22001191,'Bolea','Huesca','VIRGEN DE LA SOLEDAD','origen',22001191,'DESC',0,0,0,0,0,0,'ebo',20,0,'0','si','normal'),(22001243,'Broto','Huesca','ALTO ARA','origen',22001243,'DESC',0,0,0,0,0,0,'ebo',20,0,'0','si','normal'),(22001358,'Campo','Huesca','CERBÍN','origen',22001358,'DESC',0,0,0,0,0,0,'ebo',20,0,'0','si','normal'),(22001437,'Canfranc-Estación','Huesca','LOS ARAÑONES','origen',22001437,'DESC',0,0,0,0,0,0,'ebo',20,0,'0','si','normal'),(22001656,'Chalamera','Huesca','RAMÓN J. SENDER','origen',22001656,'DESC',0,0,0,0,0,0,'ebo',20,0,'0','si','normal'),(22001875,'Fraga','Huesca','MIGUEL SERVET','origen',22001875,'DESC',0,0,0,0,0,0,'ebo',20,0,'0','si','normal'),(22001887,'Fraga','Huesca','SAN JOSÉ DE CALASANZ','origen',22001887,'DESC',0,0,0,0,0,0,'ebo',20,0,'0','si','normal'),(22001899,'Fraga','Huesca','SANTA ANA','origen',22001899,'DESC',0,0,0,0,0,0,'ebo',20,0,'0','si','normal'),(22001905,'Litera','Huesca','LITERA','origen',22001905,'DESC',0,0,0,0,0,0,'ebo',20,0,'0','si','normal'),(22001917,'Fraga','Huesca','RAMÓN J. SENDER','origen',22001917,'DESC',0,0,0,0,0,0,'ebo',20,0,'0','si','normal'),(22002016,'Tierrantona','Huesca','LA FUEVA','origen',22002016,'DESC',0,0,0,0,0,0,'ebo',20,0,'0','si','normal'),(22002119,'Grañén','Huesca','SANTIAGO APÓSTOL','origen',22002119,'DESC',0,0,0,0,0,0,'ebo',20,0,'0','si','normal'),(22002156,'Graus','Huesca','JOAQUÍN COSTA','origen',22002156,'DESC',0,0,0,0,0,0,'ebo',20,0,'0','si','normal'),(22002168,'Graus','Huesca','BALTASAR GRACIÁN','origen',22002168,'DESC',0,0,0,0,0,0,'ebo',20,0,'0','si','normal'),(22002302,'Huesca','Huesca','JUAN XXIII','origen',22002302,'DESC',0,0,0,0,0,0,'ebo',20,0,'0','si','normal'),(22002338,'Huesca','Huesca','PÍO XII','origen',22002338,'DESC',0,0,0,0,0,0,'ebo',20,0,'0','no','especial'),(22002341,'Huesca','Huesca','SANCHO RAMÍREZ','origen',22002341,'DESC',0,0,0,0,0,0,'ebo',20,0,'0','si','normal'),(22002351,'Huesca','Huesca','SAN VICENTE','origen',22002351,'DESC',0,0,0,0,0,0,'ebo',20,0,'0','si','normal'),(22002417,'Huesca','Huesca','SANTA ANA','origen',22002417,'DESC',0,0,0,0,0,0,'ebo',20,0,'0','si','normal'),(22002430,'Huesca','Huesca','SAN BERNARDO','origen',22002430,'DESC',0,0,0,0,0,0,'ebo',20,0,'0','si','normal'),(22002466,'Huesca','Huesca','SANTA ROSA - ALTOARAGÓN','origen',22002466,'DESC',0,0,0,0,0,0,'ebo',20,0,'0','si','normal'),(22002478,'Huesca','Huesca','SAN VIATOR','origen',22002478,'DESC',0,0,0,0,0,0,'ebo',20,0,'0','si','normal'),(22002491,'Huesca','Huesca','MONTEARAGÓN','origen',22002491,'DESC',0,0,0,0,0,0,'ebo',20,0,'0','si','normal'),(22002508,'Huesca','Huesca','RAMÓN Y CAJAL','origen',22002508,'DESC',0,0,0,0,0,0,'ebo',20,0,'0','si','normal'),(22002511,'Huesca','Huesca','PIRÁMIDE','origen',22002511,'DESC',0,0,0,0,0,0,'ebo',20,0,'0','no','especial'),(22002521,'Huesca','Huesca','SIERRA DE GUARA','origen',22002521,'DESC',0,0,0,0,0,0,'ebo',20,0,'0','si','normal'),(22002569,'Huesca','Huesca','ALCORAZ','origen',22002569,'DESC',0,0,0,0,0,0,'ebo',20,0,'0','si','normal'),(22002673,'Jaca','Huesca','SAN JUAN DE LA PEÑA','origen',22002673,'DESC',0,0,0,0,0,0,'ebo',20,0,'0','si','normal'),(22002703,'Jaca','Huesca','ESCUELAS PÍAS','origen',22002703,'DESC',0,0,0,0,0,0,'ebo',20,0,'0','si','normal'),(22002727,'Jaca','Huesca','DOMINGO MIRAL','origen',22002727,'DESC',0,0,0,0,0,0,'ebo',20,0,'0','si','normal'),(22002740,'Jaca','Huesca','INSTITUTO DE FORMACIÓN AGROAMBIENTAL','origen',22002740,'DESC',0,0,0,0,0,0,'ebo',20,0,'0','si','normal'),(22002843,'Lanaja','Huesca','MONEGROS NORTE','origen',22002843,'DESC',0,0,0,0,0,0,'ebo',20,0,'0','si','normal'),(22003100,'Lupiñén','Huesca','SAN GINÉS','origen',22003100,'DESC',0,0,0,0,0,0,'ebo',20,0,'0','si','normal'),(22003215,'Monzón','Huesca','JOAQUÍN COSTA','origen',22003215,'DESC',0,0,0,0,0,0,'ebo',20,0,'0','si','normal'),(22003239,'Monzón','Huesca','SANTO DOMINGO SAVIO','origen',22003239,'DESC',0,0,0,0,0,0,'ebo',20,0,'0','si','normal'),(22003252,'Monzón','Huesca','SANTA ANA','origen',22003252,'DESC',0,0,0,0,0,0,'ebo',20,0,'0','si','normal'),(22003276,'Monzón','Huesca','MINTE','origen',22003276,'DESC',0,0,0,0,0,0,'ebo',20,0,'0','si','normal'),(22003288,'Monzón','Huesca','JOSÉ MOR DE FUENTES','origen',22003288,'DESC',0,0,0,0,0,0,'ebo',20,0,'0','si','normal'),(22003343,'Ontiñena','Huesca','SAN GREGORIO','origen',22003343,'DESC',0,0,0,0,0,0,'ebo',20,0,'0','si','normal'),(22003586,'Plan','Huesca','CINCA-CINQUETA','origen',22003586,'DESC',0,0,0,0,0,0,'ebo',20,0,'0','si','normal'),(22003835,'Sabiñánigo','Huesca','MONTECORONA','origen',22003835,'DESC',0,0,0,0,0,0,'ebo',20,0,'0','no','especial'),(22003847,'Sabiñánigo','Huesca','PUENTE SARDAS','origen',22003847,'DESC',0,0,0,0,0,0,'ebo',20,0,'0','si','normal'),(22003860,'Sabiñánigo','Huesca','SANTA ANA','origen',22003860,'DESC',0,0,0,0,0,0,'ebo',20,0,'0','si','normal'),(22003902,'Sabiñánigo','Huesca','SAN ALBERTO MAGNO','origen',22003902,'DESC',0,0,0,0,0,0,'ebo',20,0,'0','si','normal'),(22003926,'Senegüé','Huesca','MIGUEL SERVET','origen',22003926,'DESC',0,0,0,0,0,0,'ebo',20,0,'0','si','normal'),(22004104,'Sariñena','Huesca','LA LAGUNA','origen',22004104,'DESC',0,0,0,0,0,0,'ebo',20,0,'0','si','normal'),(22004189,'Sena','Huesca','ALBERTO GALINDO','origen',22004189,'DESC',0,0,0,0,0,0,'ebo',20,0,'0','si','normal'),(22004271,'Tamarite de Litera','Huesca','SAN MIGUEL','origen',22004271,'DESC',0,0,0,0,0,0,'ebo',20,0,'0','si','normal'),(22004566,'Villanúa','Huesca','COLLARADA','origen',22004566,'DESC',0,0,0,0,0,0,'ebo',20,0,'0','si','normal'),(22004578,'Villanueva de Sigena','Huesca','MIGUEL SERVET','origen',22004578,'DESC',0,0,0,0,0,0,'ebo',20,0,'0','si','normal'),(22004608,'Zaidín','Huesca','SAN JUAN BAUTISTA','origen',22004608,'DESC',0,0,0,0,0,0,'ebo',20,0,'0','si','normal'),(22004611,'Barbastro','Huesca','MARTÍNEZ VARGAS','origen',22004611,'DESC',0,0,0,0,0,0,'ebo',20,0,'0','si','normal'),(22004633,'Huesca','Huesca','EL PARQUE','origen',22004633,'DESC',0,0,0,0,0,0,'ebo',20,0,'0','si','normal'),(22004773,'Huesca','Huesca','LUCAS MALLADA','origen',22004773,'DESC',0,0,0,0,0,0,'ebo',20,0,'0','si','normal'),(22004839,'Jaca','Huesca','MONTE OROEL','origen',22004839,'DESC',0,0,0,0,0,0,'ebo',20,0,'0','si','normal'),(22004840,'Monzón','Huesca','ARAGÓN','origen',22004840,'DESC',0,0,0,0,0,0,'ebo',20,0,'0','si','normal'),(22004888,'Fraga','Huesca','BAJO CINCA','origen',22004888,'DESC',0,0,0,0,0,0,'ebo',20,0,'0','si','normal'),(22004891,'Sabiñánigo','Huesca','BIELLO ARAGÓN','origen',22004891,'DESC',0,0,0,0,0,0,'ebo',20,0,'0','no','especial'),(22004906,'Barbastro','Huesca','PEDRO I','origen',22004906,'DESC',0,0,0,0,0,0,'ebo',20,0,'0','si','normal'),(22004943,'Sahún','Huesca','NTRA. SRA. DE GUAYENTE','origen',22004943,'DESC',0,0,0,0,0,0,'ebo',20,0,'0','si','normal'),(22005030,'Sariñena','Huesca','MONEGROS-GASPAR LAX','origen',22005030,'DESC',0,0,0,0,0,0,'ebo',20,0,'0','si','normal'),(22005054,'Caldearenas','Huesca','VIRGEN DE LOS RÍOS','origen',22005054,'DESC',0,0,0,0,0,0,'ebo',20,0,'0','si','normal'),(22005121,'Huesca','Huesca','SAN LORENZO','origen',22005121,'DESC',0,0,0,0,0,0,'ebo',20,0,'0','si','normal'),(22005145,'Huesca','Huesca','ESCUELA DE ARTE DE HUESCA','origen',22005145,'DESC',0,0,0,0,0,0,'ebo',20,0,'0','si','normal'),(22005157,'Monzón','Huesca','LA ALEGRÍA','origen',22005157,'DESC',0,0,0,0,0,0,'ebo',20,0,'0','no','especial'),(22005200,'Huesca','Huesca','PEDRO J. RUBIO','origen',22005200,'DESC',0,0,0,0,0,0,'ebo',20,0,'0','si','normal'),(22005340,'Aineto','Huesca','VALLE DEL GUARGA','origen',22005340,'DESC',0,0,0,0,0,0,'ebo',20,0,'0','si','normal'),(22005388,'Binéfar','Huesca','SIERRA DE SAN QUÍLEZ','origen',22005388,'DESC',0,0,0,0,0,0,'ebo',20,0,'0','si','normal'),(22005391,'Tamarite de Litera','Huesca','LA LLITERA','origen',22005391,'DESC',0,0,0,0,0,0,'ebo',20,0,'0','si','normal'),(22005406,'Aínsa','Huesca','SOBRARBE','origen',22005406,'DESC',0,0,0,0,0,0,'ebo',20,0,'0','si','normal'),(22005431,'Paúles de Sarsa','Huesca','DE PAÚLES DE SARSA','origen',22005431,'DESC',0,0,0,0,0,0,'ebo',20,0,'0','si','normal'),(22005674,'Albelda','Huesca','LA LLITERA','origen',22005674,'DESC',0,0,0,0,0,0,'ebo',20,0,'0','si','normal'),(22005686,'Peñalba','Huesca','MONTESNEGROS','origen',22005686,'DESC',0,0,0,0,0,0,'ebo',20,0,'0','si','normal'),(22005698,'Peralta de Alcofea','Huesca','A REDOLADA','origen',22005698,'DESC',0,0,0,0,0,0,'ebo',20,0,'0','si','normal'),(22005704,'Capella','Huesca','BAJA RIBAGORZA','origen',22005704,'DESC',0,0,0,0,0,0,'ebo',20,0,'0','si','normal'),(22005716,'Fonz','Huesca','ESTADILLA-FONZ','origen',22005716,'DESC',0,0,0,0,0,0,'ebo',20,0,'0','si','normal'),(22005728,'Chimillas','Huesca','MONTEARAGÓN','origen',22005728,'DESC',0,0,0,0,0,0,'ebo',20,0,'0','si','normal'),(22005731,'Biescas','Huesca','ALTO GÁLLEGO','origen',22005731,'DESC',0,0,0,0,0,0,'ebo',20,0,'0','si','normal'),(22005741,'Binaced','Huesca','EL TRÉBOL','origen',22005741,'DESC',0,0,0,0,0,0,'ebo',20,0,'0','si','normal'),(22005765,'Jaca','Huesca','PIRINEOS','origen',22005765,'DESC',0,0,0,0,0,0,'ebo',20,0,'0','si','normal'),(22005789,'Santa Cilia','Huesca','RÍO ARAGÓN','origen',22005789,'DESC',0,0,0,0,0,0,'ebo',20,0,'0','si','normal'),(22005807,'Torrente de Cinca','Huesca','RIBERA DEL CINCA','origen',22005807,'DESC',0,0,0,0,0,0,'ebo',20,0,'0','si','normal'),(22005819,'Altorricón','Huesca','DE ALTORRICÓN','origen',22005819,'DESC',0,0,0,0,0,0,'ebo',20,0,'0','si','normal'),(22005820,'Conchel','Huesca','ARCO IRIS','origen',22005820,'DESC',0,0,0,0,0,0,'ebo',20,0,'0','si','normal'),(22005832,'Belver de Cinca','Huesca','ALBEOS','origen',22005832,'DESC',0,0,0,0,0,0,'ebo',20,0,'0','si','normal'),(22005844,'Tardienta','Huesca','VIOLADA MONEGROS','origen',22005844,'DESC',0,0,0,0,0,0,'ebo',20,0,'0','si','normal'),(22005856,'Robres','Huesca','LA SABINA','origen',22005856,'DESC',0,0,0,0,0,0,'ebo',20,0,'0','si','normal'),(22005868,'Lalueza','Huesca','MONEGROS-HOYA','origen',22005868,'DESC',0,0,0,0,0,0,'ebo',20,0,'0','si','normal'),(22005881,'Benasque','Huesca','ALTA RIBAGORZA','origen',22005881,'DESC',0,0,0,0,0,0,'ebo',20,0,'0','si','normal'),(22006083,'Almudévar','Huesca','PIRÁMIDE','origen',22006083,'DESC',0,0,0,0,0,0,'ebo',20,0,'0','si','normal'),(22006095,'Castejón de Sos','Huesca','DE CASTEJÓN DE SOS','origen',22006095,'DESC',0,0,0,0,0,0,'ebo',20,0,'0','si','normal'),(22006101,'Grañén','Huesca','MONTES NEGROS','origen',22006101,'DESC',0,0,0,0,0,0,'ebo',20,0,'0','si','normal'),(22006113,'Alcolea de Cinca','Huesca','CINCA-ALCANADRE','origen',22006113,'DESC',0,0,0,0,0,0,'ebo',20,0,'0','si','normal'),(22006125,'Biescas','Huesca','BIELLO ARAGÓN','origen',22006125,'DESC',0,0,0,0,0,0,'ebo',20,0,'0','si','normal'),(22006137,'Benasque','Huesca','VALLE DE BENASQUE','origen',22006137,'DESC',0,0,0,0,0,0,'ebo',20,0,'0','si','normal'),(22010001,'Huesca','Huesca','SAN JORGE','origen',22010001,'DESC',0,0,0,0,0,0,'ebo',20,0,'0','no','especial'),(22010323,'Huesca','Huesca','PIRINEOS-PYRÉNÉES','origen',22010323,'DESC',0,0,0,0,0,0,'ebo',20,0,'0','si','normal'),(22010712,'Huesca','Huesca','PIRÁMIDE','origen',22010712,'DESC',0,0,0,0,0,0,'ebo',20,0,'0','si','normal'),(22010839,'Monzón','Huesca','MONZÓN III','origen',22010839,'DESC',0,0,0,0,0,0,'ebo',20,0,'0','si','normal'),(22010876,'Fraga','Huesca','MARÍA MOLINER','origen',22010876,'DESC',0,0,0,0,0,0,'ebo',20,0,'0','si','normal'),(22010967,'Binéfar','Huesca','KATIA ACÍN','origen',22010967,'DESC',0,0,0,0,0,0,'ebo',20,0,'0','si','normal'),(22010980,'Benabarre','Huesca','BENABARRE','origen',22010980,'DESC',0,0,0,0,0,0,'ebo',20,0,'0','si','normal'),(22010992,'Arén','Huesca','ARÉN','origen',22010992,'DESC',0,0,0,0,0,0,'ebo',20,0,'0','si','normal'),(22011005,'Montanuy','Teruel','MONTANUY','origen',22011005,'DESC',0,0,0,0,0,0,'ebo',20,0,'0','si','normal'),(44000121,'Albalate del Arzobis','Teruel','ROMÁN GARCÍA','origen',44000121,'DESC',0,0,0,0,0,0,'ebo',20,0,'0','si','normal'),(44000246,'Alcañiz','Teruel','EMILIO DÍAZ','origen',44000246,'DESC',0,0,0,0,0,0,'ebo',20,0,'0','si','normal'),(44000261,'Alcañiz','Teruel','SAN VALERO','origen',44000261,'DESC',0,0,0,0,0,0,'ebo',20,0,'0','si','normal'),(44000271,'Alcañiz','Teruel','LA INMACULADA','origen',44000271,'DESC',0,0,0,0,0,0,'ebo',20,0,'0','si','normal'),(44000325,'Alcorisa','Teruel','EL JUSTICIA DE ARAGÓN','origen',44000325,'DESC',0,0,0,0,0,0,'ebo',20,0,'0','si','normal'),(44000465,'Andorra','Teruel','JUAN RAMÓN ALEGRE','origen',44000465,'DESC',0,0,0,0,0,0,'ebo',20,0,'0','si','normal'),(44000799,'Calamocha','Teruel','RICARDO MALLÉN','origen',44000799,'DESC',0,0,0,0,0,0,'ebo',20,0,'0','si','normal'),(44000829,'Calanda','Teruel','VIRGEN DEL PILAR','origen',44000829,'DESC',0,0,0,0,0,0,'ebo',20,0,'0','si','normal'),(44001159,'Cella','Teruel','ASTRÓNOMO ZARZOSO','origen',44001159,'DESC',0,0,0,0,0,0,'ebo',20,0,'0','si','normal'),(44001378,'Escucha','Teruel','ANTONIO GARGALLO MOYA','origen',44001378,'DESC',0,0,0,0,0,0,'ebo',20,0,'0','si','normal'),(44001706,'Híjar','Teruel','LUIS TURÓN','origen',44001706,'DESC',0,0,0,0,0,0,'ebo',20,0,'0','si','normal'),(44002061,'Mas de las Matas','Teruel','VALERO SERRANO','origen',44002061,'DESC',0,0,0,0,0,0,'ebo',20,0,'0','si','normal'),(44002152,'Monreal del Campo','Teruel','NTRA. SRA. DEL PILAR','origen',44002152,'DESC',0,0,0,0,0,0,'ebo',20,0,'0','si','normal'),(44002191,'Montalbán','Teruel','COMARCA CUENCAS MINERAS','origen',44002191,'DESC',0,0,0,0,0,0,'ebo',20,0,'0','si','normal'),(44002221,'Mora de Rubielos','Teruel','SAN MIGUEL','origen',44002221,'DESC',0,0,0,0,0,0,'ebo',20,0,'0','si','normal'),(44002541,'Perales del Alfambra','Teruel','TERUEL UNO','origen',44002541,'DESC',0,0,0,0,0,0,'ebo',20,0,'0','si','normal'),(44002942,'Sarrión','Teruel','DE SARRIÓN','origen',44002942,'DESC',0,0,0,0,0,0,'ebo',20,0,'0','si','normal'),(44003028,'San Blas','Teruel','DE SAN BLAS','origen',44003028,'DESC',0,0,0,0,0,0,'ebo',20,0,'0','si','normal'),(44003041,'Teruel','Teruel','LA SALLE-SAN JOSÉ','origen',44003041,'DESC',0,0,0,0,0,0,'ebo',20,0,'0','si','normal'),(44003077,'Teruel','Teruel','LAS VIÑAS','origen',44003077,'DESC',0,0,0,0,0,0,'ebo',20,0,'0','si','normal'),(44003090,'Teruel','Teruel','PIERRES VEDEL','origen',44003090,'DESC',0,0,0,0,0,0,'ebo',20,0,'0','si','normal'),(44003107,'Teruel','Teruel','MIGUEL VALLÉS','origen',44003107,'DESC',0,0,0,0,0,0,'ebo',20,0,'0','si','normal'),(44003120,'Teruel','Teruel','LAS ANEJAS','origen',44003120,'DESC',0,0,0,0,0,0,'ebo',20,0,'0','si','normal'),(44003156,'Teruel','Teruel','VICTORIA DÍEZ','origen',44003156,'DESC',0,0,0,0,0,0,'ebo',20,0,'0','si','normal'),(44003171,'Teruel','Teruel','LA PURÍSIMA Y SANTOS MÁRTIRES','origen',44003171,'DESC',0,0,0,0,0,0,'ebo',20,0,'0','si','normal'),(44003211,'Teruel','Teruel','SANTA EMERENCIANA','origen',44003211,'DESC',0,0,0,0,0,0,'ebo',20,0,'0','si','normal'),(44003223,'Teruel','Teruel','SEGUNDO DE CHOMÓN','origen',44003223,'DESC',0,0,0,0,0,0,'ebo',20,0,'0','si','normal'),(44003235,'Teruel','Teruel','VEGA DEL TURIA','origen',44003235,'DESC',0,0,0,0,0,0,'ebo',20,0,'0','si','normal'),(44003247,'Teruel','Teruel','FRANCÉS DE ARANDA','origen',44003247,'DESC',0,0,0,0,0,0,'ebo',20,0,'0','si','normal'),(44003259,'Teruel','Teruel','ARBOLEDA','origen',44003259,'DESC',0,0,0,0,0,0,'ebo',20,0,'0','no','especial'),(44003272,'Teruel','Teruel','ENSANCHE','origen',44003272,'DESC',0,0,0,0,0,0,'ebo',20,0,'0','si','normal'),(44003284,'Teruel','Teruel','ESCUELA DE ARTE DE TERUEL','origen',44003284,'DESC',0,0,0,0,0,0,'ebo',20,0,'0','si','normal'),(44003636,'Utrillas','Teruel','VILLA DE UTRILLAS','origen',44003636,'DESC',0,0,0,0,0,0,'ebo',20,0,'0','si','normal'),(44003715,'Valderrobres','Teruel','VICENTE FERRER RAMOS','origen',44003715,'DESC',0,0,0,0,0,0,'ebo',20,0,'0','si','normal'),(44004045,'Calamocha','Teruel','VALLE DEL JILOCA','origen',44004045,'DESC',0,0,0,0,0,0,'ebo',20,0,'0','si','normal'),(44004148,'Andorra','Teruel','GLORIA FUERTES','origen',44004148,'DESC',0,0,0,0,0,0,'ebo',20,0,'0','no','especial'),(44004239,'Híjar','Teruel','PEDRO LAÍN ENTRALGO','origen',44004239,'DESC',0,0,0,0,0,0,'ebo',20,0,'0','si','normal'),(44004306,'Teruel','Teruel','LA FUENFRESCA','origen',44004306,'DESC',0,0,0,0,0,0,'ebo',20,0,'0','si','normal'),(44004471,'Puigmoreno','Teruel','REGALLO','origen',44004471,'DESC',0,0,0,0,0,0,'ebo',20,0,'0','si','normal'),(44004483,'Manzanera','Teruel','JAVALAMBRE','origen',44004483,'DESC',0,0,0,0,0,0,'ebo',20,0,'0','si','normal'),(44004495,'Tramacastilla','Teruel','SIERRA DE ALBARRACÍN','origen',44004495,'DESC',0,0,0,0,0,0,'ebo',20,0,'0','si','normal'),(44004550,'Utrillas','Teruel','FERNANDO LÁZARO CARRETER','origen',44004550,'DESC',0,0,0,0,0,0,'ebo',20,0,'0','si','normal'),(44004562,'Andorra','Teruel','MANUEL FRANCO ROYO','origen',44004562,'DESC',0,0,0,0,0,0,'ebo',20,0,'0','si','normal'),(44004598,'Valderrobres','Teruel','MATARRAÑA','origen',44004598,'DESC',0,0,0,0,0,0,'ebo',20,0,'0','si','normal'),(44004616,'Mosqueruela','Teruel','MAESTRAZGO GÚDAR','origen',44004616,'DESC',0,0,0,0,0,0,'ebo',20,0,'0','si','normal'),(44004628,'San Blas','Teruel','TURIA','origen',44004628,'DESC',0,0,0,0,0,0,'ebo',20,0,'0','si','normal'),(44004653,'Andorra','Teruel','PABLO SERRANO','origen',44004653,'DESC',0,0,0,0,0,0,'ebo',20,0,'0','si','normal'),(44004665,'Monreal del Campo','Teruel','SALVADOR VICTORIA','origen',44004665,'DESC',0,0,0,0,0,0,'ebo',20,0,'0','si','normal'),(44004677,'Aliaga','Teruel','PABLO ANTONIO CRESPO','origen',44004677,'DESC',0,0,0,0,0,0,'ebo',20,0,'0','si','normal'),(44004689,'Caminreal','Teruel','GOYA','origen',44004689,'DESC',0,0,0,0,0,0,'ebo',20,0,'0','si','normal'),(44004690,'Cantavieja','Teruel','ALTO MAESTRAZGO','origen',44004690,'DESC',0,0,0,0,0,0,'ebo',20,0,'0','si','normal'),(44004707,'Mata de los Olmos (L','Teruel','SOMONTANO-BAJO ARAGÓN','origen',44004707,'DESC',0,0,0,0,0,0,'ebo',20,0,'0','si','normal'),(44004719,'Cedrillas','Teruel','PALMIRA PLÁ','origen',44004719,'DESC',0,0,0,0,0,0,'ebo',20,0,'0','si','normal'),(44004720,'Ariño','Teruel','ARIÑO-ALLOZA','origen',44004720,'DESC',0,0,0,0,0,0,'ebo',20,0,'0','si','normal'),(44004732,'Castellote','Teruel','OLEA','origen',44004732,'DESC',0,0,0,0,0,0,'ebo',20,0,'0','si','normal'),(44004744,'Fresneda (La)','Teruel','ALIFARA','origen',44004744,'DESC',0,0,0,0,0,0,'ebo',20,0,'0','si','normal'),(44004756,'Peñarroya de Tastavi','Teruel','TASTAVÍNS','origen',44004756,'DESC',0,0,0,0,0,0,'ebo',20,0,'0','si','normal'),(44004768,'Martín del Río','Teruel','DE MARTÍN DEL RÍO','origen',44004768,'DESC',0,0,0,0,0,0,'ebo',20,0,'0','si','normal'),(44004771,'Muniesa','Teruel','DE MUNIESA','origen',44004771,'DESC',0,0,0,0,0,0,'ebo',20,0,'0','si','normal'),(44004781,'Rubielos de Mora','Teruel','PÓRTICO DE ARAGÓN','origen',44004781,'DESC',0,0,0,0,0,0,'ebo',20,0,'0','si','normal'),(44004793,'Albarracín','Teruel','DE ALBARRACÍN','origen',44004793,'DESC',0,0,0,0,0,0,'ebo',20,0,'0','si','normal'),(44004801,'Puebla de Híjar (La)','Teruel','BAJO MARTÍN','origen',44004801,'DESC',0,0,0,0,0,0,'ebo',20,0,'0','si','normal'),(44004811,'Castelserás','Teruel','DEL MEZQUÍN','origen',44004811,'DESC',0,0,0,0,0,0,'ebo',20,0,'0','si','normal'),(44005062,'Calaceite','Teruel','MATARRANYA','origen',44005062,'DESC',0,0,0,0,0,0,'ebo',20,0,'0','si','normal'),(44005074,'Santa Eulalia','Teruel','CUNA DEL JILOCA','origen',44005074,'DESC',0,0,0,0,0,0,'ebo',20,0,'0','si','normal'),(44005098,'Alcorisa','Teruel','DAMIÁN FORMENT','origen',44005098,'DESC',0,0,0,0,0,0,'ebo',20,0,'0','si','normal'),(44005104,'Calanda','Teruel','VALLE DEL GUADALOPE','origen',44005104,'DESC',0,0,0,0,0,0,'ebo',20,0,'0','si','normal'),(44005116,'Mora de Rubielos','Teruel','GÚDAR-JAVALAMBRE','origen',44005116,'DESC',0,0,0,0,0,0,'ebo',20,0,'0','si','normal'),(44005128,'Cella','Teruel','SIERRA PALOMERA','origen',44005128,'DESC',0,0,0,0,0,0,'ebo',20,0,'0','si','normal'),(44005131,'Cretas','Teruel','ALGARS','origen',44005131,'DESC',0,0,0,0,0,0,'ebo',20,0,'0','si','normal'),(44005153,'Bello','Teruel','CAMPO BELLO','origen',44005153,'DESC',0,0,0,0,0,0,'ebo',20,0,'0','si','normal'),(44005165,'Poyo del Cid (El)','Teruel','EL POYO DEL CID','origen',44005165,'DESC',0,0,0,0,0,0,'ebo',20,0,'0','si','normal'),(44005177,'Alcañiz','Teruel','BAJO ARAGÓN','origen',44005177,'DESC',0,0,0,0,0,0,'ebo',20,0,'0','si','normal'),(44005190,'Cantavieja','Teruel','SEGUNDO DE CHOMÓN','origen',44005190,'DESC',0,0,0,0,0,0,'ebo',20,0,'0','si','normal'),(44005207,'Albarracín','Teruel','LOBETANO','origen',44005207,'DESC',0,0,0,0,0,0,'ebo',20,0,'0','si','normal'),(44010011,'Teruel','Teruel','ESCUELA DE HOSTELERÍA DE TERUEL','origen',44010011,'DESC',0,0,0,0,0,0,'ebo',20,0,'0','si','normal'),(44010100,'Alcañiz','Teruel','JUAN SOBRARIAS','origen',44010100,'DESC',0,0,0,0,0,0,'ebo',20,0,'0','si','normal'),(44010203,'Alcañiz','Teruel','JUAN LORENZO PALMIRENO','origen',44010203,'DESC',0,0,0,0,0,0,'ebo',20,0,'0','si','normal'),(44010537,'Alcañiz','Teruel','BAJO ARAGÓN','origen',44010537,'DESC',0,0,0,0,0,0,'ebo',20,0,'0','si','normal'),(44010719,'Orihuela del Tremeda','Teruel','BRONCHALES-ORIHUELA','origen',44010719,'DESC',0,0,0,0,0,0,'ebo',20,0,'0','si','normal'),(50000126,'Alagón','Zaragoza','ARAGÓN','origen',50000126,'DESC',0,0,0,0,0,0,'ebo',20,0,'0','si','normal'),(50000151,'Alagón','Zaragoza','NTRA. SRA DEL CASTILLO','origen',50000151,'DESC',0,0,0,0,0,0,'ebo',20,0,'0','si','normal'),(50000163,'Alagón','Zaragoza','CONDE ARANDA','origen',50000163,'DESC',0,0,0,0,0,0,'ebo',20,0,'0','si','normal'),(50000291,'Alfajarín','Zaragoza','BRIANDA DE LUNA','origen',50000291,'DESC',0,0,0,0,0,0,'ebo',20,0,'0','si','normal'),(50000369,'Almonacid de la Sier','Zaragoza','ARZOBISPO DOMÉNECH','origen',50000369,'DESC',0,0,0,0,0,0,'ebo',20,0,'0','si','normal'),(50000370,'Almunia de Doña Godi','Zaragoza','NERTÓBRIGA','origen',50000370,'DESC',0,0,0,0,0,0,'ebo',20,0,'0','si','normal'),(50000412,'Almunia de Doña Godi','Zaragoza','SALESIANOS LAVIAGA-CASTILLO','origen',50000412,'DESC',0,0,0,0,0,0,'ebo',20,0,'0','si','normal'),(50000436,'Alpartir','Zaragoza','RAMÓN Y CAJAL','origen',50000436,'DESC',0,0,0,0,0,0,'ebo',20,0,'0','si','normal'),(50000618,'Ateca','Zaragoza','VIRGEN DE LA PEANA','origen',50000618,'DESC',0,0,0,0,0,0,'ebo',20,0,'0','si','normal'),(50000722,'Belchite','Zaragoza','BELIA','origen',50000722,'DESC',0,0,0,0,0,0,'ebo',20,0,'0','si','normal'),(50000850,'Borja','Zaragoza','CAMPO DE BORJA','origen',50000850,'DESC',0,0,0,0,0,0,'ebo',20,0,'0','no','especial'),(50000862,'Borja','Zaragoza','SANTA ANA','origen',50000862,'DESC',0,0,0,0,0,0,'ebo',20,0,'0','si','normal'),(50000874,'Borja','Zaragoza','JUAN DE LANUZA','origen',50000874,'DESC',0,0,0,0,0,0,'ebo',20,0,'0','si','normal'),(50000904,'Brea de Aragón','Zaragoza','DIPUTACIÓN PROVINCIAL','origen',50000904,'DESC',0,0,0,0,0,0,'ebo',20,0,'0','si','normal'),(50001064,'Calatayud','Zaragoza','BALTASAR GRACIÁN','origen',50001064,'DESC',0,0,0,0,0,0,'ebo',20,0,'0','si','normal'),(50001076,'Calatayud','Zaragoza','FRANCISCO DE GOYA','origen',50001076,'DESC',0,0,0,0,0,0,'ebo',20,0,'0','si','normal'),(50001088,'Calatayud','Zaragoza','SALVADOR MINGUIJÓN','origen',50001088,'DESC',0,0,0,0,0,0,'ebo',20,0,'0','si','normal'),(50001121,'Calatayud','Zaragoza','SANTA ANA','origen',50001121,'DESC',0,0,0,0,0,0,'ebo',20,0,'0','si','normal'),(50001167,'Calatayud','Zaragoza','LEONARDO DE CHABACIER','origen',50001167,'DESC',0,0,0,0,0,0,'ebo',20,0,'0','si','normal'),(50001179,'Calatayud','Zaragoza','EMILIO JIMENO','origen',50001179,'DESC',0,0,0,0,0,0,'ebo',20,0,'0','si','normal'),(50001222,'Calatorao','Zaragoza','DOMINGO JIMÉNEZ BELTRÁN','origen',50001222,'DESC',0,0,0,0,0,0,'ebo',20,0,'0','si','normal'),(50001301,'Cariñena','Zaragoza','SANTO CRISTO DE SANTIAGO','origen',50001301,'DESC',0,0,0,0,0,0,'ebo',20,0,'0','si','normal'),(50001349,'Cariñena','Zaragoza','JOAQUÍN COSTA','origen',50001349,'DESC',0,0,0,0,0,0,'ebo',20,0,'0','si','normal'),(50001350,'Caspe','Zaragoza','COMPROMISO DE CASPE','origen',50001350,'DESC',0,0,0,0,0,0,'ebo',20,0,'0','si','normal'),(50001362,'Caspe','Zaragoza','SANTA ANA','origen',50001362,'DESC',0,0,0,0,0,0,'ebo',20,0,'0','si','normal'),(50001672,'Chiprana','Zaragoza','LUCIO FABIO SEVERO','origen',50001672,'DESC',0,0,0,0,0,0,'ebo',20,0,'0','si','normal'),(50001702,'Daroca','Zaragoza','PEDRO SÁNCHEZ CIRUELO','origen',50001702,'DESC',0,0,0,0,0,0,'ebo',20,0,'0','si','normal'),(50001763,'Ejea de los Caballeros','Zaragoza','CERVANTES','origen',50001763,'DESC',0,0,0,0,0,0,'ebo',20,0,'0','si','normal'),(50001775,'Ejea de los Caballeros','Zaragoza','FERRER Y RACAJ','origen',50001775,'DESC',0,0,0,0,0,0,'ebo',20,0,'0','si','normal'),(50001799,'Ejea de los Caballeros','Zaragoza','NTRA. SRA. DE LAS MERCEDES','origen',50001799,'DESC',0,0,0,0,0,0,'ebo',20,0,'0','si','normal'),(50001829,'Ejea de los Caballeros','Zaragoza','E.F.A. BOALARES','origen',50001829,'DESC',0,0,0,0,0,0,'ebo',20,0,'0','si','normal'),(50001830,'Ejea de los Caballeros','Zaragoza','REYES CATÓLICOS','origen',50001830,'DESC',0,0,0,0,0,0,'ebo',20,0,'0','si','normal'),(50002007,'Épila','Zaragoza','GASPAR REMIRO','origen',50002007,'DESC',0,0,0,0,0,0,'ebo',20,0,'0','si','normal'),(50002032,'Escatrón','Zaragoza','SAN JAVIER','origen',50002032,'DESC',0,0,0,0,0,0,'ebo',20,0,'0','si','normal'),(50002123,'Fayón','Zaragoza','NTRA. SRA. DEL PILAR','origen',50002123,'DESC',0,0,0,0,0,0,'ebo',20,0,'0','si','normal'),(50002275,'Fuentes de Ebro','Zaragoza','LUIS GARCÍA SÁINZ','origen',50002275,'DESC',0,0,0,0,0,0,'ebo',20,0,'0','si','normal'),(50002329,'Gallur','Zaragoza','MARÍA DOMÍNGUEZ','origen',50002329,'DESC',0,0,0,0,0,0,'ebo',20,0,'0','si','normal'),(50002433,'Herrera de los Navar','Zaragoza','SAN JORGE','origen',50002433,'DESC',0,0,0,0,0,0,'ebo',20,0,'0','si','normal'),(50002457,'Illueca','Zaragoza','BENEDICTO XIII','origen',50002457,'DESC',0,0,0,0,0,0,'ebo',20,0,'0','si','normal'),(50002512,'Joyosa (La)','Zaragoza','RAMÓN Y CAJAL','origen',50002512,'DESC',0,0,0,0,0,0,'ebo',20,0,'0','si','normal'),(50002810,'Maella','Zaragoza','VIRGEN DEL PORTAL','origen',50002810,'DESC',0,0,0,0,0,0,'ebo',20,0,'0','si','normal'),(50002937,'Mallén','Zaragoza','MANLIA','origen',50002937,'DESC',0,0,0,0,0,0,'ebo',20,0,'0','si','normal'),(50003048,'Mequinenza','Zaragoza','MARÍA QUINTANA','origen',50003048,'DESC',0,0,0,0,0,0,'ebo',20,0,'0','si','normal'),(50003206,'Morata de Jalón','Zaragoza','LUCAS ARRIBAS','origen',50003206,'DESC',0,0,0,0,0,0,'ebo',20,0,'0','si','normal'),(50003504,'Novillas','Zaragoza','SAN NICASIO','origen',50003504,'DESC',0,0,0,0,0,0,'ebo',20,0,'0','si','normal'),(50003711,'Pastriz','Zaragoza','LA PORTALADA','origen',50003711,'DESC',0,0,0,0,0,0,'ebo',20,0,'0','si','normal'),(50003735,'Pedrola','Zaragoza','CERVANTES','origen',50003735,'DESC',0,0,0,0,0,0,'ebo',20,0,'0','si','normal'),(50003838,'Pina de Ebro','Zaragoza','SANTA MARÍA DE LA ESPERANZA','origen',50003838,'DESC',0,0,0,0,0,0,'ebo',20,0,'0','si','normal'),(50003851,'Pinseque','Zaragoza','MIGUEL ARTIGAS','origen',50003851,'DESC',0,0,0,0,0,0,'ebo',20,0,'0','si','normal'),(50003863,'Pinseque','Zaragoza','E.F.A. LA NORIA','origen',50003863,'DESC',0,0,0,0,0,0,'ebo',20,0,'0','si','normal'),(50003981,'Pradilla de Ebro','Zaragoza','JOAQUÍN COSTA','origen',50003981,'DESC',0,0,0,0,0,0,'ebo',20,0,'0','si','normal'),(50004004,'Puebla de Alfindén (','Zaragoza','LOS ALBARES','origen',50004004,'DESC',0,0,0,0,0,0,'ebo',20,0,'0','si','normal'),(50004031,'Quinto','Zaragoza','FERNANDO EL CATÓLICO','origen',50004031,'DESC',0,0,0,0,0,0,'ebo',20,0,'0','si','normal'),(50004053,'Remolinos','Zaragoza','ALFREDO MUIÑOS','origen',50004053,'DESC',0,0,0,0,0,0,'ebo',20,0,'0','si','normal'),(50004077,'Ricla','Zaragoza','MAESTRO MONREAL','origen',50004077,'DESC',0,0,0,0,0,0,'ebo',20,0,'0','si','normal'),(50004326,'Sástago','Zaragoza','DANIEL FEDERIO','origen',50004326,'DESC',0,0,0,0,0,0,'ebo',20,0,'0','si','normal'),(50004430,'Sobradiel','Zaragoza','SUBPRADEL','origen',50004430,'DESC',0,0,0,0,0,0,'ebo',20,0,'0','si','normal'),(50004478,'Sos del Rey Católico','Zaragoza','ISIDORO GIL DE JAZ','origen',50004478,'DESC',0,0,0,0,0,0,'ebo',20,0,'0','si','normal'),(50004545,'Tarazona','Zaragoza','JOAQUÍN COSTA','origen',50004545,'DESC',0,0,0,0,0,0,'ebo',20,0,'0','si','normal'),(50004570,'Tarazona','Zaragoza','SAGRADA FAMILIA','origen',50004570,'DESC',0,0,0,0,0,0,'ebo',20,0,'0','si','normal'),(50004594,'Tarazona','Zaragoza','NTRA. SRA. DEL PILAR','origen',50004594,'DESC',0,0,0,0,0,0,'ebo',20,0,'0','si','normal'),(50004612,'Tarazona','Zaragoza','MONCAYO','origen',50004612,'DESC',0,0,0,0,0,0,'ebo',20,0,'0','no','especial'),(50004703,'Tauste','Zaragoza','ALFONSO I EL BATALLADOR','origen',50004703,'DESC',0,0,0,0,0,0,'ebo',20,0,'0','si','normal'),(50004843,'Torres de Berrellén','Zaragoza','MONTES DEL CASTELLAR','origen',50004843,'DESC',0,0,0,0,0,0,'ebo',20,0,'0','si','normal'),(50004879,'Tosos','Zaragoza','TOSOS','origen',50004879,'DESC',0,0,0,0,0,0,'ebo',20,0,'0','si','normal'),(50004946,'Undués de Lerda','Zaragoza','DE UNDUÉS DE LERDA','origen',50004946,'DESC',0,0,0,0,0,0,'ebo',20,0,'0','si','normal'),(50005011,'Utebo','Zaragoza','MIGUEL ARTAZOS TAMÉ','origen',50005011,'DESC',0,0,0,0,0,0,'ebo',20,0,'0','si','normal'),(50005276,'Villanueva de Gálleg','Zaragoza','PINTOR PRADILLA','origen',50005276,'DESC',0,0,0,0,0,0,'ebo',20,0,'0','si','normal'),(50005291,'Villanueva de Huerva','Zaragoza','SAN BLAS','origen',50005291,'DESC',0,0,0,0,0,0,'ebo',20,0,'0','si','normal'),(50005331,'Villarreal de Huerva','Zaragoza','FERNANDO EL CATÓLICO','origen',50005331,'DESC',0,0,0,0,0,0,'ebo',20,0,'0','si','normal'),(50005422,'Cartuja Baja','Zaragoza','ÁNGEL ESCORIAZA','origen',50005422,'DESC',0,0,0,0,0,0,'ebo',20,0,'0','si','normal'),(50005483,'Zaragoza','Zaragoza','VIRGEN DE GUADALUPE','origen',50005483,'DESC',0,0,0,0,0,0,'ebo',20,0,'0','si','normal'),(50005513,'Zaragoza','Zaragoza','SAGRADA FAMILIA','origen',50005513,'DESC',0,0,0,0,0,0,'ebo',20,0,'0','si','normal'),(50005537,'Zaragoza','Zaragoza','MADRE MARÍA ROSA MOLAS','origen',50005537,'DESC',0,0,0,0,0,0,'ebo',20,0,'0','si','normal'),(50005550,'Casetas','Zaragoza','RICARDO MUR','origen',50005550,'DESC',0,0,0,0,0,0,'ebo',20,0,'0','si','normal'),(50005562,'Casetas','Zaragoza','SAN MIGUEL','origen',50005562,'DESC',0,0,0,0,0,0,'ebo',20,0,'0','si','normal'),(50005574,'Garrapinillos','Zaragoza','GUSTAVO ADOLFO BÉCQUER','origen',50005574,'DESC',0,0,0,0,0,0,'ebo',20,0,'0','si','normal'),(50005598,'Zaragoza','Zaragoza','JULIÁN NIETO TAPIA','origen',50005598,'DESC',0,0,0,0,0,0,'ebo',20,0,'0','si','normal'),(50005616,'Zaragoza','Zaragoza','SAN ANTONIO','origen',50005616,'DESC',0,0,0,0,0,0,'ebo',20,0,'0','si','normal'),(50005631,'Montañana','Zaragoza','HERMANOS ARGENSOLA','origen',50005631,'DESC',0,0,0,0,0,0,'ebo',20,0,'0','si','normal'),(50005641,'Monzalbarba','Zaragoza','FERNÁNDEZ VIZARRA','origen',50005641,'DESC',0,0,0,0,0,0,'ebo',20,0,'0','si','normal'),(50005653,'Movera','Zaragoza','MAESTRO DON PEDRO ORÓS','origen',50005653,'DESC',0,0,0,0,0,0,'ebo',20,0,'0','si','normal'),(50005677,'Movera','Zaragoza','JUAN PABLO BONET','origen',50005677,'DESC',0,0,0,0,0,0,'ebo',20,0,'0','si','normal'),(50005690,'Movera','Zaragoza','DE MOVERA','origen',50005690,'DESC',0,0,0,0,0,0,'ebo',20,0,'0','si','normal'),(50005707,'Peñaflor','Zaragoza','FLORENCIO JARDIEL','origen',50005707,'DESC',0,0,0,0,0,0,'ebo',20,0,'0','si','normal'),(50005744,'San Juan de Mozarrif','Zaragoza','ANDRÉS OLIVÁN','origen',50005744,'DESC',0,0,0,0,0,0,'ebo',20,0,'0','si','normal'),(50005768,'Zaragoza','Zaragoza','GUILLERMO FATÁS','origen',50005768,'DESC',0,0,0,0,0,0,'ebo',20,0,'0','si','normal'),(50005781,'Zaragoza','Zaragoza','LA CONCEPCIÓN','origen',50005781,'DESC',0,0,0,0,0,0,'ebo',20,0,'0','si','normal'),(50005793,'Zaragoza','Zaragoza','ÍTACA','origen',50005793,'DESC',0,0,0,0,0,0,'ebo',20,0,'0','si','normal'),(50005823,'Venta del Olivar','Zaragoza','CONDES DE ARAGÓN','origen',50005823,'DESC',0,0,0,0,0,0,'ebo',20,0,'0','si','normal'),(50005872,'Villamayor','Zaragoza','MARIANO CASTILLO','origen',50005872,'DESC',0,0,0,0,0,0,'ebo',20,0,'0','si','normal'),(50005896,'Zaragoza','Zaragoza','ANA MAYAYO','origen',50005896,'DESC',0,0,0,0,0,0,'ebo',20,0,'0','si','normal'),(50005902,'Zaragoza','Zaragoza','ANDRÉS MANJÓN','origen',50005902,'DESC',0,0,0,0,0,0,'ebo',20,0,'0','si','normal'),(50005914,'Zaragoza','Zaragoza','RECARTE Y ORNAT','origen',50005914,'DESC',0,0,0,0,0,0,'ebo',20,0,'0','si','normal'),(50005926,'Zaragoza','Zaragoza','CÁNDIDO DOMINGO','origen',50005926,'DESC',0,0,0,0,0,0,'ebo',20,0,'0','si','normal'),(50005951,'Zaragoza','Zaragoza','DOMINGO MIRAL','origen',50005951,'DESC',0,0,0,0,0,0,'ebo',20,0,'0','si','normal'),(50005963,'Zaragoza','Zaragoza','FERNANDO EL CATÓLICO','origen',50005963,'DESC',0,0,0,0,0,0,'ebo',20,0,'0','si','normal'),(50005975,'Zaragoza','Zaragoza','GASCÓN Y MARÍN','origen',50005975,'DESC',0,0,0,0,0,0,'ebo',20,0,'0','si','normal'),(50005999,'Zaragoza','Zaragoza','JERÓNIMO BLANCAS Y TOMÁS','origen',50005999,'DESC',0,0,0,0,0,0,'ebo',20,0,'0','si','normal'),(50006001,'Zaragoza','Zaragoza','JERÓNIMO ZURITA Y CASTRO','origen',50006001,'DESC',0,0,0,0,0,0,'ebo',20,0,'0','si','normal'),(50006013,'Zaragoza','Zaragoza','JOAQUÍN COSTA','origen',50006013,'DESC',0,0,0,0,0,0,'ebo',20,0,'0','si','normal'),(50006025,'Zaragoza','Zaragoza','JOSÉ MARÍA MIR','origen',50006025,'DESC',0,0,0,0,0,0,'ebo',20,0,'0','si','normal'),(50006037,'Zaragoza','Zaragoza','LA JOTA','origen',50006037,'DESC',0,0,0,0,0,0,'ebo',20,0,'0','si','normal'),(50006049,'Zaragoza','Zaragoza','JULIÁN SANZ IBÁÑEZ','origen',50006049,'DESC',0,0,0,0,0,0,'ebo',20,0,'0','no','especial'),(50006050,'Zaragoza','Zaragoza','LUIS VIVES','origen',50006050,'DESC',0,0,0,0,0,0,'ebo',20,0,'0','si','normal'),(50006074,'Zaragoza','Zaragoza','MARCOS FRECHÍN','origen',50006074,'DESC',0,0,0,0,0,0,'ebo',20,0,'0','si','normal'),(50006128,'Zaragoza','Zaragoza','SAN BRAULIO','origen',50006128,'DESC',0,0,0,0,0,0,'ebo',20,0,'0','no','especial'),(50006141,'Zaragoza','Zaragoza','SANTO DOMINGO','origen',50006141,'DESC',0,0,0,0,0,0,'ebo',20,0,'0','si','normal'),(50006153,'Zaragoza','Zaragoza','SAN JOSÉ DE CALASANZ','origen',50006153,'DESC',0,0,0,0,0,0,'ebo',20,0,'0','si','normal'),(50006165,'Zaragoza','Zaragoza','TÍO JORGE','origen',50006165,'DESC',0,0,0,0,0,0,'ebo',20,0,'0','si','normal'),(50006207,'Zaragoza','Zaragoza','CALIXTO ARIÑO-HILARIO VAL','origen',50006207,'DESC',0,0,0,0,0,0,'ebo',20,0,'0','si','normal'),(50006219,'Zaragoza','Zaragoza','EMILIO MORENO CALVETE','origen',50006219,'DESC',0,0,0,0,0,0,'ebo',20,0,'0','si','normal'),(50006220,'Zaragoza','Zaragoza','HILARIÓN GIMENO','origen',50006220,'DESC',0,0,0,0,0,0,'ebo',20,0,'0','si','normal'),(50006232,'Zaragoza','Zaragoza','JUAN XXIII','origen',50006232,'DESC',0,0,0,0,0,0,'ebo',20,0,'0','si','normal'),(50006281,'Zaragoza','Zaragoza','TOMÁS ALVIRA','origen',50006281,'DESC',0,0,0,0,0,0,'ebo',20,0,'0','si','normal'),(50006311,'Zaragoza','Zaragoza','BASILIO PARAÍSO','origen',50006311,'DESC',0,0,0,0,0,0,'ebo',20,0,'0','si','normal'),(50006414,'Zaragoza','Zaragoza','VIRGEN DEL PILAR','origen',50006414,'DESC',0,0,0,0,0,0,'ebo',20,0,'0','si','normal'),(50006438,'Zaragoza','Zaragoza','LA ALMOZARA','origen',50006438,'DESC',0,0,0,0,0,0,'ebo',20,0,'0','si','normal'),(50006463,'Zaragoza','Zaragoza','LA ANUNCIATA','origen',50006463,'DESC',0,0,0,0,0,0,'ebo',20,0,'0','si','normal'),(50006529,'Zaragoza','Zaragoza','EL BUEN PASTOR','origen',50006529,'DESC',0,0,0,0,0,0,'ebo',20,0,'0','si','normal'),(50006542,'Zaragoza','Zaragoza','CALASANCIO','origen',50006542,'DESC',0,0,0,0,0,0,'ebo',20,0,'0','si','normal'),(50006554,'Zaragoza','Zaragoza','CALASANZ','origen',50006554,'DESC',0,0,0,0,0,0,'ebo',20,0,'0','si','normal'),(50006566,'Zaragoza','Zaragoza','CARDENAL XAVIERRE','origen',50006566,'DESC',0,0,0,0,0,0,'ebo',20,0,'0','si','normal'),(50006578,'Zaragoza','Zaragoza','CANTÍN Y GAMBOA','origen',50006578,'DESC',0,0,0,0,0,0,'ebo',20,0,'0','si','normal'),(50006581,'Zaragoza','Zaragoza','COLEGIO MONTESSORI','origen',50006581,'DESC',0,0,0,0,0,0,'ebo',20,0,'0','si','normal'),(50006633,'Zaragoza','Zaragoza','COMPAÑÍA DE MARÍA','origen',50006633,'DESC',0,0,0,0,0,0,'ebo',20,0,'0','si','normal'),(50006669,'Zaragoza','Zaragoza','CRISTO REY','origen',50006669,'DESC',0,0,0,0,0,0,'ebo',20,0,'0','si','normal'),(50006700,'Zaragoza','Zaragoza','DON BOSCO','origen',50006700,'DESC',0,0,0,0,0,0,'ebo',20,0,'0','si','normal'),(50006751,'Zaragoza','Zaragoza','ESCUELAS PÍAS','origen',50006751,'DESC',0,0,0,0,0,0,'ebo',20,0,'0','si','normal'),(50006761,'Zaragoza','Zaragoza','ESCOLAPIAS SANTA ENGRACIA','origen',50006761,'DESC',0,0,0,0,0,0,'ebo',20,0,'0','si','normal'),(50006797,'Zaragoza','Zaragoza','PADRE ENRIQUE DE OSSÓ','origen',50006797,'DESC',0,0,0,0,0,0,'ebo',20,0,'0','si','normal'),(50006803,'Zaragoza','Zaragoza','MARÍA INMACULADA','origen',50006803,'DESC',0,0,0,0,0,0,'ebo',20,0,'0','si','normal'),(50006815,'Zaragoza','Zaragoza','LA SALLE FRANCISCANAS','origen',50006815,'DESC',0,0,0,0,0,0,'ebo',20,0,'0','si','normal'),(50006840,'Zaragoza','Zaragoza','HIJAS DE SAN JOSÉ','origen',50006840,'DESC',0,0,0,0,0,0,'ebo',20,0,'0','si','normal'),(50006888,'Zaragoza','Zaragoza','INMACULADA CONCEPCIÓN','origen',50006888,'DESC',0,0,0,0,0,0,'ebo',20,0,'0','si','normal'),(50007017,'Zaragoza','Zaragoza','MARÍA AUXILIADORA','origen',50007017,'DESC',0,0,0,0,0,0,'ebo',20,0,'0','si','normal'),(50007042,'Zaragoza','Zaragoza','LA MILAGROSA','origen',50007042,'DESC',0,0,0,0,0,0,'ebo',20,0,'0','si','normal'),(50007078,'Zaragoza','Zaragoza','AGUSTÍN GERICÓ','origen',50007078,'DESC',0,0,0,0,0,0,'ebo',20,0,'0','si','normal'),(50007133,'Zaragoza','Zaragoza','NTRA. SRA. DEL CARMEN','origen',50007133,'DESC',0,0,0,0,0,0,'ebo',20,0,'0','si','normal'),(50007157,'Zaragoza','Zaragoza','NTRA. SRA. DEL CARMEN Y SAN JOSÉ','origen',50007157,'DESC',0,0,0,0,0,0,'ebo',20,0,'0','si','normal'),(50007194,'Zaragoza','Zaragoza','NTRA. SRA. DE LA MERCED','origen',50007194,'DESC',0,0,0,0,0,0,'ebo',20,0,'0','si','normal'),(50007236,'Zaragoza','Zaragoza','SALESIANO NTRA. SRA.DEL PILAR','origen',50007236,'DESC',0,0,0,0,0,0,'ebo',20,0,'0','si','normal'),(50007248,'Zaragoza','Zaragoza','TERESIANO DEL PILAR','origen',50007248,'DESC',0,0,0,0,0,0,'ebo',20,0,'0','si','normal'),(50007327,'Zaragoza','Zaragoza','EL PILAR-MARISTAS','origen',50007327,'DESC',0,0,0,0,0,0,'ebo',20,0,'0','si','normal'),(50007352,'Zaragoza','Zaragoza','POMPILIANO','origen',50007352,'DESC',0,0,0,0,0,0,'ebo',20,0,'0','si','normal'),(50007376,'Zaragoza','Zaragoza','LA PURÍSIMA PARA NIÑOS SORDOS','origen',50007376,'DESC',0,0,0,0,0,0,'ebo',20,0,'0','no','especial'),(50007388,'Zaragoza','Zaragoza','LA PURÍSIMA Y SAN ANTONIO','origen',50007388,'DESC',0,0,0,0,0,0,'ebo',20,0,'0','si','normal'),(50007421,'Zaragoza','Zaragoza','SAGRADO CORAZÓN','origen',50007421,'DESC',0,0,0,0,0,0,'ebo',20,0,'0','si','normal'),(50007431,'Zaragoza','Zaragoza','SAGRADO CORAZÓN DE JESÚS','origen',50007431,'DESC',0,0,0,0,0,0,'ebo',20,0,'0','si','normal'),(50007467,'Zaragoza','Zaragoza','LA SALLE FRANCISCANAS GRAN VÍA','origen',50007467,'DESC',0,0,0,0,0,0,'ebo',20,0,'0','si','normal'),(50007479,'Zaragoza','Zaragoza','LA SALLE MONTEMOLÍN','origen',50007479,'DESC',0,0,0,0,0,0,'ebo',20,0,'0','si','normal'),(50007492,'Zaragoza','Zaragoza','LA SALLE-SANTO ANGEL','origen',50007492,'DESC',0,0,0,0,0,0,'ebo',20,0,'0','si','normal'),(50007509,'Zaragoza','Zaragoza','SAN AGUSTÍN','origen',50007509,'DESC',0,0,0,0,0,0,'ebo',20,0,'0','si','normal'),(50007534,'Zaragoza','Zaragoza','SAN ANTONIO DE PADUA','origen',50007534,'DESC',0,0,0,0,0,0,'ebo',20,0,'0','si','normal'),(50007674,'Zaragoza','Zaragoza','ATADES, CENTRO DE EDUCACIÓN ESPECIAL SAN MARTÍN DE PORRES','origen',50007674,'DESC',0,0,0,0,0,0,'ebo',20,0,'0','no','especial'),(50007716,'Zaragoza','Zaragoza','SAN VALERO','origen',50007716,'DESC',0,0,0,0,0,0,'ebo',20,0,'0','si','normal'),(50007728,'Zaragoza','Zaragoza','SAN VICENTE DE PAÚL','origen',50007728,'DESC',0,0,0,0,0,0,'ebo',20,0,'0','si','normal'),(50007731,'Zaragoza','Zaragoza','SANTA ANA','origen',50007731,'DESC',0,0,0,0,0,0,'ebo',20,0,'0','si','normal'),(50007777,'Zaragoza','Zaragoza','SANTA MAGDALENA SOFÍA','origen',50007777,'DESC',0,0,0,0,0,0,'ebo',20,0,'0','si','normal'),(50007789,'Zaragoza','Zaragoza','SANTA MARÍA DEL PILAR','origen',50007789,'DESC',0,0,0,0,0,0,'ebo',20,0,'0','si','normal'),(50007790,'Zaragoza','Zaragoza','SANTA MARÍA REINA','origen',50007790,'DESC',0,0,0,0,0,0,'ebo',20,0,'0','si','normal'),(50007807,'Zaragoza','Zaragoza','SANTA ROSA','origen',50007807,'DESC',0,0,0,0,0,0,'ebo',20,0,'0','si','normal'),(50007856,'Zaragoza','Zaragoza','OBRA DIOCESANA SANTO DOMINGO DE SILOS','origen',50007856,'DESC',0,0,0,0,0,0,'ebo',20,0,'0','si','normal'),(50007996,'Zaragoza','Zaragoza','VILLA CRUZ','origen',50007996,'DESC',0,0,0,0,0,0,'ebo',20,0,'0','si','normal'),(50008034,'Zaragoza','Zaragoza','BAJO ARAGÓN','origen',50008034,'DESC',0,0,0,0,0,0,'ebo',20,0,'0','si','normal'),(50008125,'Zaragoza','Zaragoza','CORONA DE ARAGÓN','origen',50008125,'DESC',0,0,0,0,0,0,'ebo',20,0,'0','si','normal'),(50008149,'Zaragoza','Zaragoza','EUGENIO LÓPEZ Y LÓPEZ','origen',50008149,'DESC',0,0,0,0,0,0,'ebo',20,0,'0','si','normal'),(50008174,'Zaragoza','Zaragoza','MIGUEL SERVET','origen',50008174,'DESC',0,0,0,0,0,0,'ebo',20,0,'0','si','normal'),(50008186,'Zaragoza','Zaragoza','RAMÓN PIGNATELLI','origen',50008186,'DESC',0,0,0,0,0,0,'ebo',20,0,'0','si','normal'),(50008198,'Zaragoza','Zaragoza','GOYA','origen',50008198,'DESC',0,0,0,0,0,0,'ebo',20,0,'0','si','normal'),(50008277,'Zaragoza','Zaragoza','JERÓNIMO ZURITA','origen',50008277,'DESC',0,0,0,0,0,0,'ebo',20,0,'0','si','normal'),(50008289,'Zaragoza','Zaragoza','PEDRO DE LUNA','origen',50008289,'DESC',0,0,0,0,0,0,'ebo',20,0,'0','si','normal'),(50008332,'Zaragoza','Zaragoza','ROMAREDA','origen',50008332,'DESC',0,0,0,0,0,0,'ebo',20,0,'0','si','normal'),(50008356,'Zaragoza','Zaragoza','CESÁREO ALIERTA','origen',50008356,'DESC',0,0,0,0,0,0,'ebo',20,0,'0','si','normal'),(50008368,'Zaragoza','Zaragoza','DOCTOR AZÚA','origen',50008368,'DESC',0,0,0,0,0,0,'ebo',20,0,'0','si','normal'),(50008371,'Zaragoza','Zaragoza','CÉSAR AUGUSTO','origen',50008371,'DESC',0,0,0,0,0,0,'ebo',20,0,'0','si','normal'),(50008381,'Zaragoza','Zaragoza','MARGARITA SALAS','origen',50008381,'DESC',0,0,0,0,0,0,'ebo',20,0,'0','si','normal'),(50008459,'Zaragoza','Zaragoza','EL PORTILLO','origen',50008459,'DESC',0,0,0,0,0,0,'ebo',20,0,'0','si','normal'),(50008460,'Zaragoza','Zaragoza','LUIS BUÑUEL','origen',50008460,'DESC',0,0,0,0,0,0,'ebo',20,0,'0','si','normal'),(50008514,'Zaragoza','Zaragoza','ESCUELA DE ARTE DE ZARAGOZA','origen',50008514,'DESC',0,0,0,0,0,0,'ebo',20,0,'0','si','normal'),(50008587,'Zuera','Zaragoza','ODÓN DE BUEN','origen',50008587,'DESC',0,0,0,0,0,0,'ebo',20,0,'0','si','normal'),(50008605,'Zuera','Zaragoza','NTRA. SRA. DEL PILAR','origen',50008605,'DESC',0,0,0,0,0,0,'ebo',20,0,'0','si','normal'),(50008617,'Zuera','Zaragoza','SAN GABRIEL','origen',50008617,'DESC',0,0,0,0,0,0,'ebo',20,0,'0','si','normal'),(50008629,'Zuera','Zaragoza','E.F.A. EL SALTO','origen',50008629,'DESC',0,0,0,0,0,0,'ebo',20,0,'0','si','normal'),(50008630,'San Gregorio','Zaragoza','CEDES','origen',50008630,'DESC',0,0,0,0,0,0,'ebo',20,0,'0','no','especial'),(50008642,'Zaragoza','Zaragoza','MARÍA MOLINER','origen',50008642,'DESC',0,0,0,0,0,0,'ebo',20,0,'0','si','normal'),(50008654,'Zaragoza','Zaragoza','CEFOR IZQUIERDO','origen',50008654,'DESC',0,0,0,0,0,0,'ebo',20,0,'0','si','normal'),(50008666,'Calatayud','Zaragoza','AUGUSTA BÍLBILIS','origen',50008666,'DESC',0,0,0,0,0,0,'ebo',20,0,'0','si','normal'),(50008678,'Ejea de los Caballeros','Zaragoza','RECTOR MAMÉS ESPERABÉ','origen',50008678,'DESC',0,0,0,0,0,0,'ebo',20,0,'0','no','especial'),(50008691,'Zaragoza','Zaragoza','RAMIRO SOLÁNS','origen',50008691,'DESC',0,0,0,0,0,0,'ebo',20,0,'0','si','normal'),(50008770,'Tauste','Zaragoza','RÍO ARBA','origen',50008770,'DESC',0,0,0,0,0,0,'ebo',20,0,'0','si','normal'),(50008782,'Santa Engracia','Zaragoza','SANTA ENGRACIA','origen',50008782,'DESC',0,0,0,0,0,0,'ebo',20,0,'0','si','normal'),(50008915,'Zaragoza','Zaragoza','SAN GERMÁN','origen',50008915,'DESC',0,0,0,0,0,0,'ebo',20,0,'0','no','especial'),(50008952,'Cuarte de Huerva','Zaragoza','RAMÓN Y CAJAL','origen',50008952,'DESC',0,0,0,0,0,0,'ebo',20,0,'0','si','normal'),(50008976,'Venta del Olivar','Zaragoza','ANTONIO MACHADO','origen',50008976,'DESC',0,0,0,0,0,0,'ebo',20,0,'0','si','normal'),(50009051,'Zaragoza','Zaragoza','PLUS ULTRA','origen',50009051,'DESC',0,0,0,0,0,0,'ebo',20,0,'0','si','normal'),(50009129,'Ejea de los Caballeros','Zaragoza','CINCO VILLAS','origen',50009129,'DESC',0,0,0,0,0,0,'ebo',20,0,'0','si','normal'),(50009166,'Zaragoza','Zaragoza','JOSÉ MANUEL BLECUA','origen',50009166,'DESC',0,0,0,0,0,0,'ebo',20,0,'0','si','normal'),(50009178,'Zaragoza','Zaragoza','PABLO GARGALLO','origen',50009178,'DESC',0,0,0,0,0,0,'ebo',20,0,'0','si','normal'),(50009208,'Zaragoza','Zaragoza','TORRE RAMONA','origen',50009208,'DESC',0,0,0,0,0,0,'ebo',20,0,'0','si','normal'),(50009211,'Zaragoza','Zaragoza','FÉLIX DE AZARA','origen',50009211,'DESC',0,0,0,0,0,0,'ebo',20,0,'0','si','normal'),(50009221,'Mequinenza','Zaragoza','SANTA AGATOCLIA','origen',50009221,'DESC',0,0,0,0,0,0,'ebo',20,0,'0','si','normal'),(50009348,'Zaragoza','Zaragoza','AVEMPACE','origen',50009348,'DESC',0,0,0,0,0,0,'ebo',20,0,'0','si','normal'),(50009373,'Zaragoza','Zaragoza','JOSÉ CAMÓN AZNAR','origen',50009373,'DESC',0,0,0,0,0,0,'ebo',20,0,'0','si','normal'),(50009385,'Zaragoza','Zaragoza','ZALFONADA','origen',50009385,'DESC',0,0,0,0,0,0,'ebo',20,0,'0','si','normal'),(50009397,'Zaragoza','Zaragoza','TENERÍAS','origen',50009397,'DESC',0,0,0,0,0,0,'ebo',20,0,'0','si','normal'),(50009403,'Zaragoza','Zaragoza','LAS FUENTES','origen',50009403,'DESC',0,0,0,0,0,0,'ebo',20,0,'0','si','normal'),(50009415,'Zaragoza','Zaragoza','GLORIA ARENILLAS','origen',50009415,'DESC',0,0,0,0,0,0,'ebo',20,0,'0','si','normal'),(50009452,'Zaragoza','Zaragoza','MARÍA MOLINER','origen',50009452,'DESC',0,0,0,0,0,0,'ebo',20,0,'0','si','normal'),(50009488,'Villamayor','Zaragoza','LOS PUEYOS','origen',50009488,'DESC',0,0,0,0,0,0,'ebo',20,0,'0','no','especial'),(50009531,'Zaragoza','Zaragoza','RAMÓN SÁINZ DE VARANDA','origen',50009531,'DESC',0,0,0,0,0,0,'ebo',20,0,'0','si','normal'),(50009543,'Fuentes de Ebro','Zaragoza','BENJAMÍN JARNÉS','origen',50009543,'DESC',0,0,0,0,0,0,'ebo',20,0,'0','si','normal'),(50009567,'Zaragoza','Zaragoza','RÍO GÁLLEGO','origen',50009567,'DESC',0,0,0,0,0,0,'ebo',20,0,'0','si','normal'),(50009580,'Zaragoza','Zaragoza','MIRAFLORES','origen',50009580,'DESC',0,0,0,0,0,0,'ebo',20,0,'0','si','normal'),(50009592,'Zuera','Zaragoza','GALLICUM','origen',50009592,'DESC',0,0,0,0,0,0,'ebo',20,0,'0','si','normal'),(50009646,'Zaragoza','Zaragoza','MARÍA SORIANO','origen',50009646,'DESC',0,0,0,0,0,0,'ebo',20,0,'0','no','especial'),(50009749,'Zaragoza','Zaragoza','LA ESTRELLA','origen',50009749,'DESC',0,0,0,0,0,0,'ebo',20,0,'0','si','normal'),(50009786,'Casetas','Zaragoza','ANTONIO MARTÍNEZ GARAY','origen',50009786,'DESC',0,0,0,0,0,0,'ebo',20,0,'0','si','normal'),(50009889,'Zaragoza','Zaragoza','ACADEMIA MARCO','origen',50009889,'DESC',0,0,0,0,0,0,'ebo',20,0,'0','si','normal'),(50009944,'Zaragoza','Zaragoza','MONSALUD','origen',50009944,'DESC',0,0,0,0,0,0,'ebo',20,0,'0','si','normal'),(50010028,'Alagón','Zaragoza','ALAÚN','origen',50010028,'DESC',0,0,0,0,0,0,'ebo',20,0,'0','si','normal'),(50010041,'Utebo','Zaragoza','PEDRO CERRADA','origen',50010041,'DESC',0,0,0,0,0,0,'ebo',20,0,'0','si','normal'),(50010144,'Zaragoza','Zaragoza','PABLO SERRANO','origen',50010144,'DESC',0,0,0,0,0,0,'ebo',20,0,'0','si','normal'),(50010156,'Zaragoza','Zaragoza','MIRALBUENO','origen',50010156,'DESC',0,0,0,0,0,0,'ebo',20,0,'0','si','normal'),(50010168,'Zaragoza','Zaragoza','CONDES DE ARAGÓN','origen',50010168,'DESC',0,0,0,0,0,0,'ebo',20,0,'0','si','normal'),(50010171,'Zaragoza','Zaragoza','HERMANOS MARX','origen',50010171,'DESC',0,0,0,0,0,0,'ebo',20,0,'0','si','normal'),(50010181,'Zaragoza','Zaragoza','HISPANIDAD','origen',50010181,'DESC',0,0,0,0,0,0,'ebo',20,0,'0','si','normal'),(50010193,'Zaragoza','Zaragoza','PUERTA DE SANCHO','origen',50010193,'DESC',0,0,0,0,0,0,'ebo',20,0,'0','si','normal'),(50010247,'Mainar','Zaragoza','SANTA ANA','origen',50010247,'DESC',0,0,0,0,0,0,'ebo',20,0,'0','si','normal'),(50010272,'Zaragoza','Zaragoza','EL SALVADOR','origen',50010272,'DESC',0,0,0,0,0,0,'ebo',20,0,'0','si','normal'),(50010284,'Daroca','Zaragoza','COMUNIDAD DE DAROCA','origen',50010284,'DESC',0,0,0,0,0,0,'ebo',20,0,'0','si','normal'),(50010296,'Utebo','Zaragoza','INFANTA ELENA','origen',50010296,'DESC',0,0,0,0,0,0,'ebo',20,0,'0','si','normal'),(50010302,'Zaragoza','Zaragoza','FRANCISCO GRANDE COVIÁN','origen',50010302,'DESC',0,0,0,0,0,0,'ebo',20,0,'0','si','normal'),(50010314,'Zaragoza','Zaragoza','LOS ENLACES','origen',50010314,'DESC',0,0,0,0,0,0,'ebo',20,0,'0','si','normal'),(50010387,'Zaragoza','Zaragoza','ALBORADA','origen',50010387,'DESC',0,0,0,0,0,0,'ebo',20,0,'0','no','especial'),(50010399,'Zaragoza','Zaragoza','RÍO EBRO','origen',50010399,'DESC',0,0,0,0,0,0,'ebo',20,0,'0','si','normal'),(50010478,'Zaragoza','Zaragoza','CIUDAD DE ZARAGOZA','origen',50010478,'DESC',0,0,0,0,0,0,'ebo',20,0,'0','si','normal'),(50010481,'Zaragoza','Zaragoza','CORTES DE ARAGÓN','origen',50010481,'DESC',0,0,0,0,0,0,'ebo',20,0,'0','si','normal'),(50010491,'Zaragoza','Zaragoza','SANTIAGO HERNÁNDEZ','origen',50010491,'DESC',0,0,0,0,0,0,'ebo',20,0,'0','si','normal'),(50010511,'Zaragoza','Zaragoza','TIEMPOS MODERNOS','origen',50010511,'DESC',0,0,0,0,0,0,'ebo',20,0,'0','si','normal'),(50010533,'Almunia de Doña Godi','Zaragoza','CABAÑAS','origen',50010533,'DESC',0,0,0,0,0,0,'ebo',20,0,'0','si','normal'),(50010727,'Zaragoza','Zaragoza','ELAIOS','origen',50010727,'DESC',0,0,0,0,0,0,'ebo',20,0,'0','si','normal'),(50010739,'Zaragoza','Zaragoza','PILAR LORENGAR','origen',50010739,'DESC',0,0,0,0,0,0,'ebo',20,0,'0','si','normal'),(50010764,'Caspe','Zaragoza','ALEJO LORÉN ALBAREDA','origen',50010764,'DESC',0,0,0,0,0,0,'ebo',20,0,'0','si','normal'),(50010946,'Zaragoza','Zaragoza','ANDALÁN','origen',50010946,'DESC',0,0,0,0,0,0,'ebo',20,0,'0','si','normal'),(50010958,'Zaragoza','Zaragoza','MIGUEL DE MOLINOS','origen',50010958,'DESC',0,0,0,0,0,0,'ebo',20,0,'0','si','normal'),(50010961,'Illueca','Zaragoza','SIERRA DE LA VIRGEN','origen',50010961,'DESC',0,0,0,0,0,0,'ebo',20,0,'0','si','normal'),(50010995,'Zaragoza','Zaragoza','MEDINA ALBAIDA','origen',50010995,'DESC',0,0,0,0,0,0,'ebo',20,0,'0','si','normal'),(50011008,'Épila','Zaragoza','RODANAS','origen',50011008,'DESC',0,0,0,0,0,0,'ebo',20,0,'0','si','normal'),(50011069,'Casetas','Zaragoza','ÁNGEL SANZ BRIZ','origen',50011069,'DESC',0,0,0,0,0,0,'ebo',20,0,'0','si','normal'),(50011070,'Pedrola','Zaragoza','SIGLO XXI','origen',50011070,'DESC',0,0,0,0,0,0,'ebo',20,0,'0','si','normal'),(50011100,'Zaragoza','Zaragoza','SAGRADO CORAZÓN-MONCAYO','origen',50011100,'DESC',0,0,0,0,0,0,'ebo',20,0,'0','si','normal'),(50011124,'Lumpiaque','Zaragoza','CUEVAS DEL JALÓN','origen',50011124,'DESC',0,0,0,0,0,0,'ebo',20,0,'0','si','normal'),(50011136,'Sabiñán','Zaragoza','EL ENEBRO','origen',50011136,'DESC',0,0,0,0,0,0,'ebo',20,0,'0','si','normal'),(50011148,'Gotor','Zaragoza','ARANDA-ISUELA','origen',50011148,'DESC',0,0,0,0,0,0,'ebo',20,0,'0','si','normal'),(50011151,'Maluenda','Zaragoza','TRES RIBERAS','origen',50011151,'DESC',0,0,0,0,0,0,'ebo',20,0,'0','si','normal'),(50011161,'Aniñón','Zaragoza','RÍO RIBOTA','origen',50011161,'DESC',0,0,0,0,0,0,'ebo',20,0,'0','si','normal'),(50011173,'Villalengua','Zaragoza','EL MIRADOR','origen',50011173,'DESC',0,0,0,0,0,0,'ebo',20,0,'0','si','normal'),(50011185,'Ibdes','Zaragoza','MESA-PIEDRA-ALTO CAMPILLO','origen',50011185,'DESC',0,0,0,0,0,0,'ebo',20,0,'0','si','normal'),(50011197,'Used','Zaragoza','CERRO DE SANTA CRUZ','origen',50011197,'DESC',0,0,0,0,0,0,'ebo',20,0,'0','si','normal'),(50011203,'Azuara','Zaragoza','L\' ALBARDÍN','origen',50011203,'DESC',0,0,0,0,0,0,'ebo',20,0,'0','si','normal'),(50011215,'Erla','Zaragoza','MONLORA','origen',50011215,'DESC',0,0,0,0,0,0,'ebo',20,0,'0','si','normal'),(50011227,'Novallas','Zaragoza','BÉCQUER','origen',50011227,'DESC',0,0,0,0,0,0,'ebo',20,0,'0','si','normal'),(50011239,'Luceni','Zaragoza','ÍNSULA BARATARIA','origen',50011239,'DESC',0,0,0,0,0,0,'ebo',20,0,'0','si','normal'),(50011240,'Pinsoro','Zaragoza','LUIS BUÑUEL','origen',50011240,'DESC',0,0,0,0,0,0,'ebo',20,0,'0','si','normal'),(50011252,'Ateca','Zaragoza','ZAURÍN','origen',50011252,'DESC',0,0,0,0,0,0,'ebo',20,0,'0','si','normal'),(50011288,'Cadrete','Zaragoza','CASTILLO QADRIT','origen',50011288,'DESC',0,0,0,0,0,0,'ebo',20,0,'0','si','normal'),(50011291,'Fuendejalón','Zaragoza','LAS VIÑAS','origen',50011291,'DESC',0,0,0,0,0,0,'ebo',20,0,'0','si','normal'),(50011306,'Alfamén','Zaragoza','MATEO VALERO','origen',50011306,'DESC',0,0,0,0,0,0,'ebo',20,0,'0','si','normal'),(50011318,'Ariza','Zaragoza','PUERTA DE ARAGÓN','origen',50011318,'DESC',0,0,0,0,0,0,'ebo',20,0,'0','si','normal'),(50011321,'Bujaraloz','Zaragoza','L\' ALBADA','origen',50011321,'DESC',0,0,0,0,0,0,'ebo',20,0,'0','si','normal'),(50011331,'Burgo de Ebro (El)','Zaragoza','MARÍA MOLINER','origen',50011331,'DESC',0,0,0,0,0,0,'ebo',20,0,'0','si','normal'),(50011343,'Fábara','Zaragoza','FABARA-NONASPE DOS AGUAS','origen',50011343,'DESC',0,0,0,0,0,0,'ebo',20,0,'0','si','normal'),(50011355,'Gelsa','Zaragoza','DEL EBRO','origen',50011355,'DESC',0,0,0,0,0,0,'ebo',20,0,'0','si','normal'),(50011367,'Frasno (El)','Zaragoza','VICORT-ISUELA','origen',50011367,'DESC',0,0,0,0,0,0,'ebo',20,0,'0','si','normal'),(50011379,'Magallón','Zaragoza','LA HUECHA','origen',50011379,'DESC',0,0,0,0,0,0,'ebo',20,0,'0','si','normal'),(50011380,'Muel','Zaragoza','ORBA','origen',50011380,'DESC',0,0,0,0,0,0,'ebo',20,0,'0','si','normal'),(50011392,'Paniza','Zaragoza','LA CEPA','origen',50011392,'DESC',0,0,0,0,0,0,'ebo',20,0,'0','si','normal'),(50011409,'Villafranca de Ebro','Zaragoza','LA SABINA','origen',50011409,'DESC',0,0,0,0,0,0,'ebo',20,0,'0','si','normal'),(50011410,'Sádaba','Zaragoza','LOS BAÑALES','origen',50011410,'DESC',0,0,0,0,0,0,'ebo',20,0,'0','si','normal'),(50011422,'Leciñena','Zaragoza','BAJO GÁLLEGO','origen',50011422,'DESC',0,0,0,0,0,0,'ebo',20,0,'0','si','normal'),(50011513,'Tarazona','Zaragoza','TUBALCAÍN','origen',50011513,'DESC',0,0,0,0,0,0,'ebo',20,0,'0','si','normal'),(50011525,'Zaragoza','Zaragoza','MIGUEL CATALÁN','origen',50011525,'DESC',0,0,0,0,0,0,'ebo',20,0,'0','si','normal'),(50011537,'Zaragoza','Zaragoza','RINCÓN DE GOYA','origen',50011537,'DESC',0,0,0,0,0,0,'ebo',20,0,'0','no','especial'),(50011550,'Zaragoza','Zaragoza','RAMÓN Y CAJAL','origen',50011550,'DESC',0,0,0,0,0,0,'ebo',20,0,'0','si','normal'),(50011562,'Zaragoza','Zaragoza','ANTONIO BELTRÁN MARTÍNEZ','origen',50011562,'DESC',0,0,0,0,0,0,'ebo',20,0,'0','si','normal'),(50011665,'Maella','Zaragoza','BAIX MATARRANYA','origen',50011665,'DESC',0,0,0,0,0,0,'ebo',20,0,'0','si','normal'),(50011677,'Mallén','Zaragoza','VALLE DEL HUECHA','origen',50011677,'DESC',0,0,0,0,0,0,'ebo',20,0,'0','si','normal'),(50011689,'Mequinenza','Zaragoza','JOAQUÍN TORRES','origen',50011689,'DESC',0,0,0,0,0,0,'ebo',20,0,'0','si','normal'),(50011690,'Sádaba','Zaragoza','REYES CATÓLICOS','origen',50011690,'DESC',0,0,0,0,0,0,'ebo',20,0,'0','si','normal'),(50011707,'Sástago','Zaragoza','BENJAMÍN JARNÉS','origen',50011707,'DESC',0,0,0,0,0,0,'ebo',20,0,'0','si','normal'),(50011719,'Belchite','Zaragoza','BENJAMÍN JARNÉS','origen',50011719,'DESC',0,0,0,0,0,0,'ebo',20,0,'0','si','normal'),(50011720,'Bujaraloz','Zaragoza','SABINA ALBAR','origen',50011720,'DESC',0,0,0,0,0,0,'ebo',20,0,'0','si','normal'),(50011732,'Caspe','Zaragoza','MAR DE ARAGÓN','origen',50011732,'DESC',0,0,0,0,0,0,'ebo',20,0,'0','si','normal'),(50011781,'Zaragoza','Zaragoza','VALLE DE TENA','origen',50011781,'DESC',0,0,0,0,0,0,'ebo',20,0,'0','si','normal'),(50011793,'Zaragoza','Zaragoza','ARTE-MISS ZARAGOZA, CENTRO 1','origen',50011793,'DESC',0,0,0,0,0,0,'ebo',20,0,'0','si','normal'),(50011801,'Zaragoza','Zaragoza','JOSÉ ANTONIO LABORDETA SUBÍAS','origen',50011801,'DESC',0,0,0,0,0,0,'ebo',20,0,'0','si','normal'),(50011847,'Zaragoza','Zaragoza','JOSEFA AMAR Y BORBÓN','origen',50011847,'DESC',0,0,0,0,0,0,'ebo',20,0,'0','si','normal'),(50017072,'Zaragoza','Zaragoza','PARQUE GOYA','origen',50017072,'DESC',0,0,0,0,0,0,'ebo',20,0,'0','si','normal'),(50017096,'Zaragoza','Zaragoza','ARSENIO JIMENO','origen',50017096,'DESC',0,0,0,0,0,0,'ebo',20,0,'0','si','normal'),(50017369,'Zaragoza','Zaragoza','ANGEL RIVIÈRE','origen',50017369,'DESC',0,0,0,0,0,0,'ebo',20,0,'0','no','especial'),(50017448,'Muela (La)','Zaragoza','GIL TARÍN','origen',50017448,'DESC',0,0,0,0,0,0,'ebo',20,0,'0','si','normal'),(50017451,'Utebo','Zaragoza','PARQUE EUROPA','origen',50017451,'DESC',0,0,0,0,0,0,'ebo',20,0,'0','si','normal'),(50017655,'Ainzón','Zaragoza','EL POMILLO','origen',50017655,'DESC',0,0,0,0,0,0,'ebo',20,0,'0','si','normal'),(50017667,'Longares','Zaragoza','DIEGO ESCOLANO','origen',50017667,'DESC',0,0,0,0,0,0,'ebo',20,0,'0','si','normal'),(50017679,'Alhama de Aragón','Zaragoza','PABLO LUNA','origen',50017679,'DESC',0,0,0,0,0,0,'ebo',20,0,'0','si','normal'),(50017680,'Pina de Ebro','Zaragoza','RAMÓN Y CAJAL','origen',50017680,'DESC',0,0,0,0,0,0,'ebo',20,0,'0','si','normal'),(50017710,'Zaragoza','Zaragoza','MONTECANAL','origen',50017710,'DESC',0,0,0,0,0,0,'ebo',20,0,'0','si','normal'),(50017862,'Zaragoza','Zaragoza','AGUSTINA DE ARAGÓN','origen',50017862,'DESC',0,0,0,0,0,0,'ebo',20,0,'0','si','normal'),(50017874,'Zaragoza','Zaragoza','EL ESPARTIDERO','origen',50017874,'DESC',0,0,0,0,0,0,'ebo',20,0,'0','si','normal'),(50017886,'Zaragoza','Zaragoza','LA AZUCARERA','origen',50017886,'DESC',0,0,0,0,0,0,'ebo',20,0,'0','si','normal'),(50017898,'Puebla de Alfindén (','Zaragoza','REINO DE ARAGÓN','origen',50017898,'DESC',0,0,0,0,0,0,'ebo',20,0,'0','si','normal'),(50017904,'San Mateo de Gállego','Zaragoza','GALO PONTE','origen',50017904,'DESC',0,0,0,0,0,0,'ebo',20,0,'0','si','normal'),(50017916,'María de Huerva','Zaragoza','SAN ROQUE','origen',50017916,'DESC',0,0,0,0,0,0,'ebo',20,0,'0','si','normal'),(50018121,'Utebo','Zaragoza','OCTAVUS','origen',50018121,'DESC',0,0,0,0,0,0,'ebo',20,0,'0','si','normal'),(50018131,'Zaragoza','Zaragoza','JEAN PIAGET','origen',50018131,'DESC',0,0,0,0,0,0,'ebo',20,0,'0','no','especial'),(50018143,'Zaragoza','Zaragoza','LUCIEN BRIET','origen',50018143,'DESC',0,0,0,0,0,0,'ebo',20,0,'0','si','normal'),(50018246,'Zaragoza','Zaragoza','VALDESPARTERA','origen',50018246,'DESC',0,0,0,0,0,0,'ebo',20,0,'0','si','normal'),(50018258,'Zaragoza','Zaragoza','MARIE CURIE','origen',50018258,'DESC',0,0,0,0,0,0,'ebo',20,0,'0','si','normal'),(50018261,'Zaragoza','Zaragoza','RÍO SENA','origen',50018261,'DESC',0,0,0,0,0,0,'ebo',20,0,'0','si','normal'),(50018271,'Zaragoza','Zaragoza','ROSALES DEL CANAL','origen',50018271,'DESC',0,0,0,0,0,0,'ebo',20,0,'0','si','normal'),(50018283,'Cuarte de Huerva','Zaragoza','FORO ROMANO','origen',50018283,'DESC',0,0,0,0,0,0,'ebo',20,0,'0','si','normal'),(50018416,'Zaragoza','Zaragoza','CLARA CAMPOAMOR ROGRÍGUEZ','origen',50018416,'DESC',0,0,0,0,0,0,'ebo',20,0,'0','si','normal'),(50018428,'Utebo','Zaragoza','TORRE DE LOS ESPEJOS','origen',50018428,'DESC',0,0,0,0,0,0,'ebo',20,0,'0','si','normal'),(50018817,'Zaragoza','Zaragoza','CATALINA DE ARAGÓN','origen',50018817,'DESC',0,0,0,0,0,0,'ebo',20,0,'0','si','normal'),(50018829,'Zaragoza','Zaragoza','CORONA DE ARAGÓN','origen',50018829,'DESC',0,0,0,0,0,0,'ebo',20,0,'0','si','normal'),(50018830,'Zaragoza','Zaragoza','VADORREY-LES ALLÉES','origen',50018830,'DESC',0,0,0,0,0,0,'ebo',20,0,'0','si','normal'),(50018842,'Puebla de Alfindén (','Zaragoza','DE LA PUEBLA DE ALFINDÉN','origen',50018842,'DESC',0,0,0,0,0,0,'ebo',20,0,'0','si','normal'),(50019019,'Zaragoza','Zaragoza','JULIO VERNE','origen',50019019,'DESC',0,0,0,0,0,0,'ebo',20,0,'0','si','normal'),(50019020,'Zaragoza','Zaragoza','VALDESPARTERA','origen',50019020,'DESC',0,0,0,0,0,0,'ebo',20,0,'0','si','normal'),(50019081,'Zaragoza','Zaragoza','SAN JORGE','origen',50019081,'DESC',0,0,0,0,0,0,'ebo',20,0,'0','si','normal'),(50019101,'Villanueva de Gálleg','Zaragoza','VILLANUEVA DE GÁLLEGO','origen',50019101,'DESC',0,0,0,0,0,0,'ebo',20,0,'0','si','normal'),(50019147,'Villanueva de Gálleg','Zaragoza','FUNDACIÓN LABORAL DE LA CONSTRUCCIÓN','origen',50019147,'DESC',0,0,0,0,0,0,'ebo',20,0,'0','si','normal'),(50019251,'María de Huerva','Zaragoza','VAL DE LA ATALAYA','origen',50019251,'DESC',0,0,0,0,0,0,'ebo',20,0,'0','si','normal'),(50019287,'Zaragoza','Zaragoza','ZARAGOZA SUR','origen',50019287,'DESC',0,0,0,0,0,0,'ebo',20,0,'0','si','normal'),(50019299,'Cuarte de Huerva','Zaragoza','PILAR BAYONA','origen',50019299,'DESC',0,0,0,0,0,0,'ebo',20,0,'0','si','normal'),(50019317,'Almunia de Doña Godi','Zaragoza','FLORIÁN REY','origen',50019317,'DESC',0,0,0,0,0,0,'ebo',20,0,'0','si','normal'),(50019354,'Muela (La)','Zaragoza','DE LA MUELA','origen',50019354,'DESC',0,0,0,0,0,0,'ebo',20,0,'0','si','normal'),(50019378,'Cuarte de Huerva','Zaragoza','INTERNACIONAL ÁNFORA','origen',50019378,'DESC',0,0,0,0,0,0,'ebo',20,0,'0','si','normal'),(50019408,'Calatayud','Zaragoza','SEGEDA','origen',50019408,'DESC',0,0,0,0,0,0,'ebo',20,0,'0','no','especial'),(50019500,'Zaragoza','Zaragoza','EL PICARRAL','origen',50019500,'DESC',0,0,0,0,0,0,'ebo',20,0,'0','si','normal'),(50019548,'Zaragoza','Zaragoza','ARCOSUR','origen',50019548,'DESC',0,0,0,0,0,0,'ebo',20,0,'0','si','normal'),(50019551,'Zaragoza','Zaragoza','VALDESPARTERA III','origen',50019551,'DESC',0,0,0,0,0,0,'ebo',20,0,'0','si','normal'),(50019597,'Zaragoza','Zaragoza','PARQUE VENECIA','origen',50019597,'DESC',0,0,0,0,0,0,'ebo',20,0,'0','si','normal'),(50019615,'Zaragoza','Zaragoza','SOLEDAD PUÉRTOLAS','origen',50019615,'DESC',0,0,0,0,0,0,'ebo',20,0,'0','si','normal'),(50019676,'Cuarte de Huerva','Zaragoza','MARTINA BESCÓS','origen',50019676,'DESC',0,0,0,0,0,0,'ebo',20,0,'0','si','normal'),(50019731,'Figueruelas','Zaragoza','FIGUERUELAS','origen',50019731,'DESC',0,0,0,0,0,0,'ebo',20,0,'0','si','normal'),(50019792,'Zaragoza','Zaragoza','MARÍA ZAMBRANO','origen',50019792,'DESC',0,0,0,0,0,0,'ebo',20,0,'0','si','normal');
/*!40000 ALTER TABLE `centros` ENABLE KEYS */;
UNLOCK TABLES;

--
-- Table structure for table `centros_backup`
--

DROP TABLE IF EXISTS `centros_backup`;
/*!40101 SET @saved_cs_client     = @@character_set_client */;
/*!40101 SET character_set_client = utf8 */;
CREATE TABLE `centros_backup` (
  `id_usuario` int(11) NOT NULL,
  `localidad` varchar(20) NOT NULL,
  `provincia` varchar(20) NOT NULL,
  `nombre_centro` varchar(100) NOT NULL,
  `tipo_centro` enum('origen','destino','ambos') DEFAULT NULL,
  `id_centro` int(11) NOT NULL,
  `zona` enum('A','B','DESC') NOT NULL DEFAULT 'DESC',
  `vacantes_ebo` int(11) NOT NULL DEFAULT '0',
  `vacantes_tva` int(11) NOT NULL DEFAULT '0',
  `num_sorteo` int(11) DEFAULT '0',
  `ndespuessorteo` int(11) DEFAULT '0',
  `tipoestudios` enum('ebo','tva') DEFAULT 'ebo',
  `solicitudes_ebo` int(11) DEFAULT '0',
  `solicitudes_tva` int(11) DEFAULT '0',
  `fase_sorteo` enum('0','1','2','3') DEFAULT '0',
  `primera_conexion` enum('si','no') DEFAULT 'si',
  `clase_centro` enum('especial','normal') DEFAULT 'normal'
) ENGINE=InnoDB DEFAULT CHARSET=latin1;
/*!40101 SET character_set_client = @saved_cs_client */;

--
-- Dumping data for table `centros_backup`
--

LOCK TABLES `centros_backup` WRITE;
/*!40000 ALTER TABLE `centros_backup` DISABLE KEYS */;
/*!40000 ALTER TABLE `centros_backup` ENABLE KEYS */;
UNLOCK TABLES;

--
-- Table structure for table `centros_grupos`
--

DROP TABLE IF EXISTS `centros_grupos`;
/*!40101 SET @saved_cs_client     = @@character_set_client */;
/*!40101 SET character_set_client = utf8 */;
CREATE TABLE `centros_grupos` (
  `id_centro` int(11) NOT NULL,
  `tipo_alumno` enum('ebo','tva') NOT NULL,
  `num_grupos` int(11) DEFAULT NULL,
  `plazas` int(11) DEFAULT NULL,
  PRIMARY KEY (`id_centro`,`tipo_alumno`)
) ENGINE=InnoDB DEFAULT CHARSET=latin1;
/*!40101 SET character_set_client = @saved_cs_client */;

--
-- Dumping data for table `centros_grupos`
--

LOCK TABLES `centros_grupos` WRITE;
/*!40000 ALTER TABLE `centros_grupos` DISABLE KEYS */;
INSERT INTO `centros_grupos` VALUES (22002338,'ebo',2,12),(22002338,'tva',0,0),(22002511,'ebo',1,6),(22002511,'tva',1,12),(22003835,'ebo',2,12),(22003835,'tva',0,0),(22004891,'ebo',1,6),(22004891,'tva',1,12),(22005157,'ebo',11,66),(22005157,'tva',1,12),(22010001,'ebo',7,42),(22010001,'tva',1,12),(44003259,'ebo',9,54),(44003259,'tva',1,12),(44004148,'ebo',8,48),(44004148,'tva',2,24),(50000850,'ebo',1,6),(50000850,'tva',0,0),(50004612,'ebo',1,6),(50004612,'tva',0,0),(50006049,'ebo',2,12),(50006049,'tva',0,0),(50006128,'ebo',2,12),(50006128,'tva',0,0),(50007376,'ebo',16,96),(50007376,'tva',0,0),(50007674,'ebo',18,108),(50007674,'tva',3,36),(50008630,'ebo',6,36),(50008630,'tva',1,12),(50008678,'ebo',2,12),(50008678,'tva',0,0),(50008915,'ebo',4,24),(50008915,'tva',0,0),(50009488,'ebo',5,30),(50009488,'tva',1,12),(50009646,'ebo',6,36),(50009646,'tva',0,0),(50010387,'ebo',13,78),(50010387,'tva',2,24),(50011537,'ebo',8,48),(50011537,'tva',2,24),(50017369,'ebo',7,42),(50017369,'tva',1,12),(50018131,'ebo',14,84),(50018131,'tva',1,12),(50019408,'ebo',5,30),(50019408,'tva',1,12);
/*!40000 ALTER TABLE `centros_grupos` ENABLE KEYS */;
UNLOCK TABLES;

--
-- Table structure for table `centros_tmp`
--

DROP TABLE IF EXISTS `centros_tmp`;
/*!40101 SET @saved_cs_client     = @@character_set_client */;
/*!40101 SET character_set_client = utf8 */;
CREATE TABLE `centros_tmp` (
  `id_usuario` int(11) NOT NULL,
  `localidad` varchar(20) NOT NULL,
  `provincia` varchar(20) NOT NULL,
  `nombre_centro` varchar(100) NOT NULL,
  `tipo_centro` enum('origen','destino','ambos') DEFAULT NULL,
  `id_centro` int(11) NOT NULL,
  `zona` enum('A','B','DESC') NOT NULL DEFAULT 'DESC',
  `vacantes_ebo` int(11) NOT NULL DEFAULT '0',
  `vacantes_ebo_original` int(11) DEFAULT '0',
  `vacantes_tva` int(11) NOT NULL DEFAULT '0',
  `vacantes_tva_original` int(11) DEFAULT '0',
  `num_sorteo` int(11) DEFAULT '0',
  `ndespuessorteo` int(11) DEFAULT '0',
  `tipoestudios` enum('ebo','tva') DEFAULT 'ebo',
  `solicitudes_ebo` int(11) DEFAULT '0',
  `solicitudes_tva` int(11) DEFAULT '0',
  `fase_sorteo` enum('0','1','2','3') DEFAULT '0',
  `primera_conexion` enum('si','no') DEFAULT 'si',
  `clase_centro` enum('especial','normal') DEFAULT 'normal'
) ENGINE=InnoDB DEFAULT CHARSET=latin1;
/*!40101 SET character_set_client = @saved_cs_client */;

--
-- Dumping data for table `centros_tmp`
--

LOCK TABLES `centros_tmp` WRITE;
/*!40000 ALTER TABLE `centros_tmp` DISABLE KEYS */;
/*!40000 ALTER TABLE `centros_tmp` ENABLE KEYS */;
UNLOCK TABLES;

--
-- Table structure for table `hermanos`
--

DROP TABLE IF EXISTS `hermanos`;
/*!40101 SET @saved_cs_client     = @@character_set_client */;
/*!40101 SET character_set_client = utf8 */;
CREATE TABLE `hermanos` (
  `id_registro` int(11) NOT NULL AUTO_INCREMENT,
  `id_alumno` int(11) NOT NULL,
  `datos` varchar(100) DEFAULT 'nodata',
  `fnacimiento` date DEFAULT '2000-01-01',
  `curso` varchar(100) DEFAULT 'nodata' COMMENT '''curso solicitado'' para el caso de hermanos q participan y ''curso actual'' a efectos de baremo',
  `nivel_educativo` varchar(9) DEFAULT NULL,
  `tipo` enum('admision','baremo') DEFAULT 'baremo',
  PRIMARY KEY (`id_registro`)
) ENGINE=InnoDB AUTO_INCREMENT=8 DEFAULT CHARSET=latin1;
/*!40101 SET character_set_client = @saved_cs_client */;

--
-- Dumping data for table `hermanos`
--

LOCK TABLES `hermanos` WRITE;
/*!40000 ALTER TABLE `hermanos` DISABLE KEYS */;
INSERT INTO `hermanos` VALUES (1,8924,'LAGUNA QUIROS,BLANCA','2018-11-21','','','admision'),(2,8924,'LAGUNA QUIROS,PAULA','2007-08-26','6º','PRIMARIA','baremo'),(3,8944,'ZIDAN EL MESSAAOUDI, ASIL','2014-05-04','3º INFANTIL','INFANTIL','admision'),(4,8948,'PINA GAYA GERMAN','2012-06-30','EBO','EBO','baremo'),(5,8956,'Gómez Gómez Rodrigo','2014-06-04','3o infantil','','baremo'),(6,8960,'TINTOI, TANIA IRENE','2015-07-04','2º','INFANTIL','baremo'),(7,8972,'Morfioli Garcia Noa','5017-04-05','','','admision');
/*!40000 ALTER TABLE `hermanos` ENABLE KEYS */;
UNLOCK TABLES;

--
-- Table structure for table `matricula`
--

DROP TABLE IF EXISTS `matricula`;
/*!40101 SET @saved_cs_client     = @@character_set_client */;
/*!40101 SET character_set_client = utf8 */;
CREATE TABLE `matricula` (
  `id_alumno` int(11) NOT NULL AUTO_INCREMENT,
  `curso` varchar(50) NOT NULL,
  `provincia` varchar(50) NOT NULL,
  `ensenanza` varchar(100) NOT NULL,
  `nombre` varchar(100) NOT NULL,
  `apellidos` varchar(100) NOT NULL,
  `fnac` date NOT NULL,
  `tipo_centro` varchar(100) NOT NULL,
  `nombre_centro` varchar(100) NOT NULL,
  `tipo_alumno_futuro` enum('tva','ebo','out') NOT NULL,
  `tipo_alumno_actual` enum('ebo','tva') NOT NULL,
  `estado` enum('continua','cambia a ebo','cambia a tva','no continua') DEFAULT 'continua',
  `id_centro` int(11) NOT NULL DEFAULT '0',
  PRIMARY KEY (`id_alumno`),
  UNIQUE KEY `cp_matricula` (`id_alumno`) USING BTREE
) ENGINE=InnoDB AUTO_INCREMENT=44618 DEFAULT CHARSET=latin1;
/*!40101 SET character_set_client = @saved_cs_client */;

--
-- Dumping data for table `matricula`
--

LOCK TABLES `matricula` WRITE;
/*!40000 ALTER TABLE `matricula` DISABLE KEYS */;
INSERT INTO `matricula` VALUES (43649,'2019/2020','Huesca','Educación Infantil (E.E.)','Alejandro','Padilla Da Silva','2013-08-16','Colegio de Educación Especial','LA ALEGRÍA','out','ebo','continua',22005157),(43650,'2019/2020','Huesca','Educación Infantil (E.E.)','ANDRES','MORTE GAZOL','2014-08-16','Centro Privado de Educación Especial','SAN JORGE','out','ebo','continua',22010001),(43651,'2019/2020','Huesca','Educación Infantil (E.E.)','César Mesut','Gonzales Solorzano','2013-03-31','Centro Privado de Educación Especial','SAN JORGE','out','ebo','continua',22010001),(43652,'2019/2020','Huesca','Educación Infantil (E.E.)','DARIO','ARAZO MUNIESA','2014-08-13','Centro Privado de Educación Especial','SAN JORGE','out','ebo','continua',22010001),(43653,'2019/2020','Huesca','Educación Infantil (E.E.)','DARIO','RECHE GABAS','2014-02-07','Centro Privado de Educación Especial','SAN JORGE','out','ebo','no continua',22010001),(43654,'2019/2020','Huesca','Educación Infantil (E.E.)','GABRIEL','SANCHO MORCILLA','2015-02-27','Centro Privado de Educación Especial','SAN JORGE','out','ebo','continua',22010001),(43655,'2019/2020','Huesca','Educación Infantil (E.E.)','IXEIA','PÉREZ FRANCO','2016-03-20','Centro Privado de Educación Especial','SAN JORGE','out','ebo','continua',22010001),(43656,'2019/2020','Huesca','Educación Infantil (E.E.)','IZAN','NUENO MARTINEZ','2015-06-25','Centro Privado de Educación Especial','SAN JORGE','out','ebo','continua',22010001),(43657,'2019/2020','Huesca','Educación Infantil (E.E.)','LORETO','CASTAN ISABAL','2016-01-09','Centro Privado de Educación Especial','SAN JORGE','out','ebo','continua',22010001),(43658,'2019/2020','Huesca','Educación Primaria (E.E.)','ABDENOUR','ABDELLAOUI EL MASSOUDI','2013-04-24','Colegio de Educación Especial','LA ALEGRÍA','out','ebo','continua',22005157),(43659,'2019/2020','Huesca','Educación Primaria (E.E.)','ACHER','FERNÁNDEZ LÓPEZ','2008-01-18','Centro Privado de Educación Especial','SAN JORGE','out','ebo','continua',22010001),(43660,'2019/2020','Huesca','Educación Primaria (E.E.)','Adán','Fuentes Delgado','2007-09-14','Colegio de Educación Especial','LA ALEGRÍA','out','ebo','continua',22005157),(43661,'2019/2020','Huesca','Educación Primaria (E.E.)','Aitana','Antimasveres Hernández','2010-02-25','Colegio de Educación Infantil y Primaria','PÍO XII','out','ebo','continua',22002338),(43662,'2019/2020','Huesca','Educación Primaria (E.E.)','Aitana','BURTON CARDENAS','2007-09-19','Centro Privado de Educación Especial','SAN JORGE','out','ebo','continua',22010001),(43663,'2019/2020','Huesca','Educación Primaria (E.E.)','Alejandro','ABADÍAS PÉREZ','2013-01-04','Colegio de Educación Infantil y Primaria','MONTECORONA','out','ebo','continua',22003835),(43664,'2019/2020','Huesca','Educación Primaria (E.E.)','ALEXIA','ARRIETA RESTREPO','2013-03-03','Colegio de Educación Especial','LA ALEGRÍA','out','ebo','continua',22005157),(43665,'2019/2020','Huesca','Educación Primaria (E.E.)','ANDREI MIHAI','DEAC','2013-01-28','Colegio de Educación Infantil y Primaria','MONTECORONA','out','ebo','continua',22003835),(43666,'2019/2020','Huesca','Educación Primaria (E.E.)','Ángela','ZARAGOZA OSUNA','2009-06-03','Colegio de Educación Especial','LA ALEGRÍA','out','ebo','continua',22005157),(43667,'2019/2020','Huesca','Educación Primaria (E.E.)','BADRA','ABDERRAHMANE','2012-05-28','Colegio de Educación Especial','LA ALEGRÍA','out','ebo','continua',22005157),(43668,'2019/2020','Huesca','Educación Primaria (E.E.)','BILAL','ER RADOUANI','2010-01-28','Centro Privado de Educación Especial','SAN JORGE','out','ebo','continua',22010001),(43669,'2019/2020','Huesca','Educación Primaria (E.E.)','CRISTIAN','DUAL GIMENEZ','2010-11-07','Centro Privado de Educación Especial','SAN JORGE','out','ebo','continua',22010001),(43670,'2019/2020','Huesca','Educación Primaria (E.E.)','Dina','Braik','2010-02-08','Colegio de Educación Infantil y Primaria','PÍO XII','out','ebo','continua',22002338),(43671,'2019/2020','Huesca','Educación Primaria (E.E.)','Eduard Adrián','Botezatu','2010-10-31','Colegio de Educación Infantil y Primaria','PÍO XII','out','ebo','continua',22002338),(43672,'2019/2020','Huesca','Educación Primaria (E.E.)','ENEKO','CONTE SANCHEZ','2011-04-08','Centro Privado de Educación Especial','SAN JORGE','out','ebo','continua',22010001),(43673,'2019/2020','Huesca','Educación Primaria (E.E.)','Erik','Campeny Crespo','2007-08-03','Centro Privado de Educación Especial','SAN JORGE','out','ebo','continua',22010001),(43674,'2019/2020','Huesca','Educación Primaria (E.E.)','GABRIEL','OSUNA AZNAR','2012-03-11','Colegio de Educación Especial','LA ALEGRÍA','out','ebo','continua',22005157),(43675,'2019/2020','Huesca','Educación Primaria (E.E.)','GIORGI','SHOSHIASHVILI','2009-09-27','Colegio de Educación Infantil y Primaria','PÍO XII','out','ebo','continua',22002338),(43676,'2019/2020','Huesca','Educación Primaria (E.E.)','HÉCTOR','MUR BERNUÉS','2010-03-12','Colegio de Educación Especial','LA ALEGRÍA','out','ebo','continua',22005157),(43677,'2019/2020','Huesca','Educación Primaria (E.E.)','IBÓN','BOSQUE CASTAÑO','2009-03-14','Colegio de Educación Infantil y Primaria','MONTECORONA','out','ebo','continua',22003835),(43678,'2019/2020','Huesca','Educación Primaria (E.E.)','Iker','Betrán Fuertes','2005-04-22','Colegio de Educación Infantil y Primaria','MONTECORONA','out','ebo','continua',22003835),(43679,'2019/2020','Huesca','Educación Primaria (E.E.)','ÍÑIGO','PARDOS ANDREU','2010-09-17','Colegio de Educación Especial','LA ALEGRÍA','out','ebo','continua',22005157),(43680,'2019/2020','Huesca','Educación Primaria (E.E.)','IVÁN','ÁLVAREZ SENZ','2009-08-21','Colegio de Educación Especial','LA ALEGRÍA','out','ebo','continua',22005157),(43681,'2019/2020','Huesca','Educación Primaria (E.E.)','Ivana Sophia','Ordóñez Fergusson','2010-03-17','Centro Privado de Educación Especial','SAN JORGE','out','ebo','continua',22010001),(43682,'2019/2020','Huesca','Educación Primaria (E.E.)','Izarbe','AÑAÑOS URDANETA','2015-06-12','Colegio de Educación Infantil y Primaria','MONTECORONA','out','ebo','continua',22003835),(43683,'2019/2020','Huesca','Educación Primaria (E.E.)','Jan','ASENOV VESELINOV','2009-11-27','Colegio de Educación Especial','LA ALEGRÍA','out','ebo','continua',22005157),(43684,'2019/2020','Huesca','Educación Primaria (E.E.)','Judith','MORER JULIAN','2011-01-17','Colegio de Educación Especial','LA ALEGRÍA','out','ebo','continua',22005157),(43685,'2019/2020','Huesca','Educación Primaria (E.E.)','Kevin Ramón','Boateng Medina','2012-04-05','Colegio de Educación Especial','LA ALEGRÍA','out','ebo','continua',22005157),(43686,'2019/2020','Huesca','Educación Primaria (E.E.)','LIBERTAD','ANES ZABORRAS','2009-01-01','Centro Privado de Educación Especial','SAN JORGE','out','ebo','continua',22010001),(43687,'2019/2020','Huesca','Educación Primaria (E.E.)','LUAY','HANECHE TALBI','2013-10-11','Colegio de Educación Especial','LA ALEGRÍA','out','ebo','continua',22005157),(43688,'2019/2020','Huesca','Educación Primaria (E.E.)','LUCAS','ALONSO BARRANCO','2010-12-09','Centro Privado de Educación Especial','SAN JORGE','out','ebo','continua',22010001),(43689,'2019/2020','Huesca','Educación Primaria (E.E.)','Marc','Campeny Crespo','2007-08-03','Centro Privado de Educación Especial','SAN JORGE','out','ebo','continua',22010001),(43690,'2019/2020','Huesca','Educación Primaria (E.E.)','Marcos','Ruz de Miguel','2014-11-16','Colegio de Educación Infantil y Primaria','PÍO XII','out','ebo','continua',22002338),(43691,'2019/2020','Huesca','Educación Primaria (E.E.)','Marcos','TORRIJO GARCÍA','2010-07-25','Colegio de Educación Infantil y Primaria','MONTECORONA','out','ebo','continua',22003835),(43692,'2019/2020','Huesca','Educación Primaria (E.E.)','MARIAMA','SIMAHA SINERA','2012-05-08','Colegio de Educación Especial','LA ALEGRÍA','out','ebo','continua',22005157),(43693,'2019/2020','Huesca','Educación Primaria (E.E.)','MARIO','MILLÁN SALVADOR','2012-02-12','Centro Privado de Educación Especial','SAN JORGE','out','ebo','continua',22010001),(43694,'2019/2020','Huesca','Educación Primaria (E.E.)','MARTINA','DUERTO MAZA','2013-06-04','Centro Privado de Educación Especial','SAN JORGE','out','ebo','continua',22010001),(43695,'2019/2020','Huesca','Educación Primaria (E.E.)','Marwan','HAMMOUDAN','2009-09-21','Colegio de Educación Especial','LA ALEGRÍA','out','ebo','continua',22005157),(43696,'2019/2020','Huesca','Educación Primaria (E.E.)','Mateo','Luzán Pérez','2007-04-29','Centro Privado de Educación Especial','SAN JORGE','out','ebo','continua',22010001),(43697,'2019/2020','Huesca','Educación Primaria (E.E.)','Mateo','TEJERO CAMPO','2008-10-01','Colegio de Educación Especial','LA ALEGRÍA','out','ebo','continua',22005157),(43698,'2019/2020','Huesca','Educación Primaria (E.E.)','Merouane','ERBAH BOUGADIMA','2011-01-27','Colegio de Educación Especial','LA ALEGRÍA','out','ebo','continua',22005157),(43699,'2019/2020','Huesca','Educación Primaria (E.E.)','Miguel','Sanmartín Maza','2008-11-10','Centro Privado de Educación Especial','SAN JORGE','out','ebo','continua',22010001),(43700,'2019/2020','Huesca','Educación Primaria (E.E.)','NICOLÁS','ESPUÑA PASCUAL','2013-11-20','Centro Privado de Educación Especial','SAN JORGE','out','ebo','continua',22010001),(43701,'2019/2020','Huesca','Educación Primaria (E.E.)','NOELIA VALENTINA','HURTADO GIRÓN','2009-09-04','Colegio de Educación Especial','LA ALEGRÍA','out','ebo','continua',22005157),(43702,'2019/2020','Huesca','Educación Primaria (E.E.)','Pedro José','Bautista Amayas','2012-05-22','Colegio de Educación Infantil y Primaria','PÍO XII','out','ebo','continua',22002338),(43703,'2019/2020','Huesca','Educación Primaria (E.E.)','Sofía','ASTUDILLO TERÁN','2011-07-29','Colegio de Educación Infantil y Primaria','MONTECORONA','out','ebo','continua',22003835),(43704,'2019/2020','Huesca','Educación Primaria (E.E.)','SORAYA','HERNÁNDEZ JORGE','2006-09-20','Colegio de Educación Infantil y Primaria','MONTECORONA','out','ebo','continua',22003835),(43705,'2019/2020','Huesca','Educación Primaria (E.E.)','VERA','LORDA PERALTA','2012-10-17','Colegio de Educación Especial','LA ALEGRÍA','out','ebo','continua',22005157),(43706,'2019/2020','Huesca','Educación Primaria (E.E.)','VICTOR','VIVED ANGUERA','2007-08-14','Centro Privado de Educación Especial','SAN JORGE','out','ebo','continua',22010001),(43707,'2019/2020','Huesca','Educación Primaria (E.E.)','Yousuf','CHAM SISSAWO','2011-08-24','Colegio de Educación Especial','LA ALEGRÍA','out','ebo','continua',22005157),(43708,'2019/2020','Huesca','Educación Primaria (E.E.)','ZAHA','BOUBA MOHAMED','2005-10-18','Colegio de Educación Infantil y Primaria','MONTECORONA','out','ebo','continua',22003835),(43709,'2019/2020','Huesca','E.S.O. (E.E.)','Abdelkebir','El Moutaouakil','2004-11-22','Colegio de Educación Especial','LA ALEGRÍA','out','ebo','continua',22005157),(43710,'2019/2020','Huesca','E.S.O. (E.E.)','ALESSANDRO AUGUSTO','SOARES DIAS','2005-09-17','Centro Privado de Educación Especial','SAN JORGE','out','ebo','continua',22010001),(43711,'2019/2020','Huesca','E.S.O. (E.E.)','Alicia','Ladevesa Gómez','2004-07-01','Colegio de Educación Especial','LA ALEGRÍA','out','ebo','continua',22005157),(43712,'2019/2020','Huesca','E.S.O. (E.E.)','Angel','Amaya Hernández','2004-11-13','Instituto de Educación Secundaria','PIRÁMIDE','out','ebo','no continua',22002511),(43713,'2019/2020','Huesca','E.S.O. (E.E.)','ANTONIO','FERNANDEZ SALAZAR','2003-09-07','Centro Privado de Educación Especial','SAN JORGE','out','ebo','no continua',22010001),(43714,'2019/2020','Huesca','E.S.O. (E.E.)','CARLOS','MONGÍO CAMPO','2004-12-14','Instituto de Educación Secundaria','PIRÁMIDE','out','ebo','continua',22002511),(43715,'2019/2020','Huesca','E.S.O. (E.E.)','Carolina','ENRIQUEZ CANALIS','2003-05-09','Colegio de Educación Especial','LA ALEGRÍA','out','ebo','continua',22005157),(43716,'2019/2020','Huesca','E.S.O. (E.E.)','Chabier','Segarra Royo','2004-08-30','Colegio de Educación Especial','LA ALEGRÍA','out','ebo','continua',22005157),(43717,'2019/2020','Huesca','E.S.O. (E.E.)','CRISTIAN ALEJANDRO','ROJAS MÉNDEZ','2005-01-17','Instituto de Educación Secundaria','PIRÁMIDE','out','ebo','continua',22002511),(43718,'2019/2020','Huesca','E.S.O. (E.E.)','Daniel','Ferreiro Delgado','2003-05-29','Centro Privado de Educación Especial','SAN JORGE','out','ebo','continua',22010001),(43719,'2019/2020','Huesca','E.S.O. (E.E.)','DARIO','VALENZUELA MARTINEZ','2004-12-01','Colegio de Educación Especial','LA ALEGRÍA','out','ebo','continua',22005157),(43720,'2019/2020','Huesca','E.S.O. (E.E.)','David','Abián Hernández','2005-05-03','Centro Privado de Educación Especial','SAN JORGE','out','ebo','continua',22010001),(43721,'2019/2020','Huesca','E.S.O. (E.E.)','David','TORRES JUSTE','2005-10-30','Centro Privado de Educación Especial','SAN JORGE','out','ebo','continua',22010001),(43722,'2019/2020','Huesca','E.S.O. (E.E.)','DOAE','AMELLAH ABBOU','2003-08-11','Colegio de Educación Especial','LA ALEGRÍA','out','ebo','continua',22005157),(43723,'2019/2020','Huesca','E.S.O. (E.E.)','EMANUEL','MOTOI','2005-09-07','Centro Privado de Educación Especial','SAN JORGE','out','ebo','continua',22010001),(43724,'2019/2020','Huesca','E.S.O. (E.E.)','Haizea','Ojeda Antón','2004-02-15','Colegio de Educación Especial','LA ALEGRÍA','out','ebo','continua',22005157),(43725,'2019/2020','Huesca','E.S.O. (E.E.)','Héctor','MARTÍNEZ LARDIÉS','2002-05-24','Centro Privado de Educación Especial','SAN JORGE','ebo','tva','continua',22010001),(43726,'2019/2020','Huesca','E.S.O. (E.E.)','Henda','Fofana Konte','2004-07-31','Colegio de Educación Especial','LA ALEGRÍA','out','ebo','continua',22005157),(43727,'2019/2020','Huesca','E.S.O. (E.E.)','Jaime','ERAS PEIRON','2003-10-09','Colegio de Educación Especial','LA ALEGRÍA','out','ebo','continua',22005157),(43728,'2019/2020','Huesca','E.S.O. (E.E.)','Javier','Lagüéns Larrosa','2003-11-02','Colegio de Educación Especial','LA ALEGRÍA','out','ebo','continua',22005157),(43729,'2019/2020','Huesca','E.S.O. (E.E.)','John','Pérez Navarro','2004-01-03','Instituto de Educación Secundaria','BIELLO ARAGÓN','out','ebo','continua',22004891),(43730,'2019/2020','Huesca','E.S.O. (E.E.)','José','Giménez Navarro','2004-07-07','Colegio de Educación Especial','LA ALEGRÍA','out','ebo','continua',22005157),(43731,'2019/2020','Huesca','E.S.O. (E.E.)','José Álvaro','Castellón Castellón','2004-07-01','Colegio de Educación Especial','LA ALEGRÍA','out','ebo','continua',22005157),(43732,'2019/2020','Huesca','E.S.O. (E.E.)','José Daniel','Torrez Contreras','2007-10-01','Colegio de Educación Infantil y Primaria','PÍO XII','out','ebo','continua',22002338),(43733,'2019/2020','Huesca','E.S.O. (E.E.)','JOSE MARIA','DIAZ VENTURA','2002-09-08','Centro Privado de Educación Especial','SAN JORGE','ebo','tva','continua',22010001),(43734,'2019/2020','Huesca','E.S.O. (E.E.)','Josefa','Giménez Fernández','2006-07-18','Colegio de Educación Infantil y Primaria','PÍO XII','out','ebo','continua',22002338),(43735,'2019/2020','Huesca','E.S.O. (E.E.)','JUAN PABLO','PRIETO VEGA','2005-10-04','Colegio de Educación Especial','LA ALEGRÍA','out','ebo','continua',22005157),(43736,'2019/2020','Huesca','E.S.O. (E.E.)','Julia Alegria','VargasFerrer','2003-01-11','Colegio de Educación Especial','LA ALEGRÍA','out','ebo','continua',22005157),(43737,'2019/2020','Huesca','E.S.O. (E.E.)','Laia','Lasheras Querol','2004-12-31','Colegio de Educación Especial','LA ALEGRÍA','out','ebo','continua',22005157),(43738,'2019/2020','Huesca','E.S.O. (E.E.)','LAURA','ASCASO CANTIN','2002-08-16','Centro Privado de Educación Especial','SAN JORGE','ebo','tva','continua',22010001),(43739,'2019/2020','Huesca','E.S.O. (E.E.)','LUIS GUILLERMO','QUESADA SUAREZ','2001-11-07','Colegio de Educación Especial','LA ALEGRÍA','tva','tva','continua',22005157),(43740,'2019/2020','Huesca','E.S.O. (E.E.)','Marcos','CALVO BOUZAS','2002-09-19','Centro Privado de Educación Especial','SAN JORGE','ebo','tva','continua',22010001),(43741,'2019/2020','Huesca','E.S.O. (E.E.)','Marcos','García Fumanal','2003-04-16','Colegio de Educación Especial','LA ALEGRÍA','out','ebo','continua',22005157),(43742,'2019/2020','Huesca','E.S.O. (E.E.)','Marcos','Oliván Villacampa','2003-01-14','Instituto de Educación Secundaria','BIELLO ARAGÓN','out','ebo','continua',22004891),(43743,'2019/2020','Huesca','E.S.O. (E.E.)','Marcos','Sorribas Contreras','2004-03-26','Colegio de Educación Especial','LA ALEGRÍA','out','ebo','continua',22005157),(43744,'2019/2020','Huesca','E.S.O. (E.E.)','María','Martínez Pérez','2003-10-20','Colegio de Educación Especial','LA ALEGRÍA','out','ebo','continua',22005157),(43745,'2019/2020','Huesca','E.S.O. (E.E.)','Mayka','Escudero Peña','2006-01-13','Colegio de Educación Infantil y Primaria','PÍO XII','out','ebo','continua',22002338),(43746,'2019/2020','Huesca','E.S.O. (E.E.)','Miguel','GIMENEZ NAVARRO','2006-08-27','Colegio de Educación Especial','LA ALEGRÍA','out','ebo','continua',22005157),(43747,'2019/2020','Huesca','E.S.O. (E.E.)','MODIBO','Diarra Traore','2006-01-03','Colegio de Educación Especial','LA ALEGRÍA','out','ebo','continua',22005157),(43748,'2019/2020','Huesca','E.S.O. (E.E.)','Noelia','Llorente Forcada','2003-05-28','Colegio de Educación Especial','LA ALEGRÍA','out','ebo','continua',22005157),(43749,'2019/2020','Huesca','E.S.O. (E.E.)','Nyma Teresa','TUNKARA NIMAGA','2006-03-20','Colegio de Educación Especial','LA ALEGRÍA','out','ebo','continua',22005157),(43750,'2019/2020','Huesca','E.S.O. (E.E.)','PABLO','PERIZ VIU','2005-02-16','Centro Privado de Educación Especial','SAN JORGE','out','ebo','continua',22010001),(43751,'2019/2020','Huesca','E.S.O. (E.E.)','PAULA','RODRIGUEZ MENEN','2004-09-23','Colegio de Educación Especial','LA ALEGRÍA','out','ebo','continua',22005157),(43752,'2019/2020','Huesca','E.S.O. (E.E.)','PAULA','SAN JOSE ARILLA','2004-04-21','Centro Privado de Educación Especial','SAN JORGE','out','ebo','continua',22010001),(43753,'2019/2020','Huesca','E.S.O. (E.E.)','Pol','MORENO TRIBALDÓS','2005-08-03','Colegio de Educación Especial','LA ALEGRÍA','out','ebo','continua',22005157),(43754,'2019/2020','Huesca','E.S.O. (E.E.)','Safiatou','COULIBALY KONATE','2007-03-29','Colegio de Educación Especial','LA ALEGRÍA','out','ebo','continua',22005157),(43755,'2019/2020','Huesca','E.S.O. (E.E.)','Samantha','Zapata Naranjo','2005-04-13','Colegio de Educación Especial','LA ALEGRÍA','out','ebo','continua',22005157),(43756,'2019/2020','Huesca','E.S.O. (E.E.)','Samuel Antonio','Acín Moya','2004-07-19','Colegio de Educación Especial','LA ALEGRÍA','out','ebo','continua',22005157),(43757,'2019/2020','Huesca','E.S.O. (E.E.)','Sandra','BIBOLOTTI MARTÍN','2003-10-30','Colegio de Educación Especial','LA ALEGRÍA','out','ebo','continua',22005157),(43758,'2019/2020','Huesca','E.S.O. (E.E.)','Shayra','Giménez Giménez','2007-07-06','Colegio de Educación Infantil y Primaria','PÍO XII','out','ebo','continua',22002338),(43759,'2019/2020','Huesca','E.S.O. (E.E.)','Sulamita','Perez Gimenez','2004-10-18','Colegio de Educación Especial','LA ALEGRÍA','out','ebo','continua',22005157),(43760,'2019/2020','Huesca','E.S.O. (E.E.)','Tiffany','YEBOAH PEREA','2002-08-03','Colegio de Educación Especial','LA ALEGRÍA','ebo','tva','continua',22005157),(43761,'2019/2020','Huesca','E.S.O. (E.E.)','YERAY','JORGE GIMENEZ','2002-10-06','Instituto de Educación Secundaria','BIELLO ARAGÓN','ebo','tva','continua',22004891),(43762,'2019/2020','Huesca','E.S.O. (E.E.)','Yonatan','Amador','2004-07-20','Instituto de Educación Secundaria','BIELLO ARAGÓN','out','ebo','continua',22004891),(43763,'2019/2020','Huesca','E.S.O. (E.E.)','Zoe','Hurtado Dominguez','2004-08-22','Colegio de Educación Especial','LA ALEGRÍA','out','ebo','continua',22005157),(43764,'2019/2020','Huesca','T.V.A.','AMÓS AARÓN','MONTOLÍU LÓPEZ','2003-10-01','Instituto de Educación Secundaria','PIRÁMIDE','out','tva','continua',22002511),(43765,'2019/2020','Huesca','T.V.A.','ANDREA','ABADIA OBON','2000-01-27','Centro Privado de Educación Especial','SAN JORGE','tva','tva','continua',22010001),(43766,'2019/2020','Huesca','T.V.A.','BRENDA MELODY','HURTADO PACO','2002-04-20','Instituto de Educación Secundaria','PIRÁMIDE','ebo','tva','continua',22002511),(43767,'2019/2020','Huesca','T.V.A.','Daniel','Morillas Barrao','2001-06-02','Instituto de Educación Secundaria','PIRÁMIDE','tva','tva','continua',22002511),(43768,'2019/2020','Huesca','T.V.A.','ENRIQUETA','JAVIERRE OLIVAN','2000-01-18','Centro Privado de Educación Especial','SAN JORGE','tva','tva','continua',22010001),(43769,'2019/2020','Huesca','T.V.A.','Francisco Javier','NASARRE JORDÁN','2002-10-11','Colegio de Educación Especial','LA ALEGRÍA','ebo','tva','continua',22005157),(43770,'2019/2020','Huesca','T.V.A.','Gratal','Fernández López','2001-09-19','Centro Privado de Educación Especial','SAN JORGE','tva','tva','continua',22010001),(43771,'2019/2020','Huesca','T.V.A.','Ivan Valentinov','Ivanov','2003-05-08','Instituto de Educación Secundaria','PIRÁMIDE','out','ebo','continua',22002511),(43772,'2019/2020','Huesca','T.V.A.','José Antonio','Cosculluela Loncan','2000-06-30','Colegio de Educación Especial','LA ALEGRÍA','tva','tva','continua',22005157),(43773,'2019/2020','Huesca','T.V.A.','Jose Francisco','BERDALA GISTAU','2001-10-28','Colegio de Educación Especial','LA ALEGRÍA','tva','tva','continua',22005157),(43774,'2019/2020','Huesca','T.V.A.','MARIA','MUÑOZ LÓPEZ','2000-09-08','Instituto de Educación Secundaria','BIELLO ARAGÓN','tva','tva','continua',22004891),(43775,'2019/2020','Huesca','T.V.A.','MERYEM','SMAILI','2001-01-22','Instituto de Educación Secundaria','BIELLO ARAGÓN','tva','tva','continua',22004891),(43776,'2019/2020','Huesca','T.V.A.','Pedro Anselmo','Lalueza Foncillas','2001-11-14','Centro Privado de Educación Especial','SAN JORGE','tva','tva','continua',22010001),(43777,'2019/2020','Huesca','T.V.A.','RUBÉN','LÓPEZ MOYA','2003-11-14','Instituto de Educación Secundaria','PIRÁMIDE','out','tva','continua',22002511),(43778,'2019/2020','Huesca','T.V.A.','Samuel David','Javierre Saz','2001-02-06','Instituto de Educación Secundaria','PIRÁMIDE','tva','tva','continua',22002511),(43779,'2019/2020','Teruel','Educación Infantil (E.E.)','MARTINA','Utrillas Iglesias','2016-06-17','Colegio de Educación Especial','ARBOLEDA','out','ebo','continua',44003259),(43780,'2019/2020','Teruel','Educación Infantil (E.E.)','Nahím','Bilbao Varela','2015-09-04','Colegio de Educación Especial','GLORIA FUERTES','out','ebo','continua',44004148),(43781,'2019/2020','Teruel','Educación Infantil (E.E.)','Raheem','Ahmad','2015-03-04','Colegio de Educación Especial','GLORIA FUERTES','out','ebo','continua',44004148),(43782,'2019/2020','Teruel','Educación Infantil (E.E.)','UXUE','BLASCO LARA','2013-04-16','Colegio de Educación Especial','GLORIA FUERTES','out','ebo','continua',44004148),(43783,'2019/2020','Teruel','Educación Primaria (E.E.)','ALEXANDRA TEODORA','SANDU','2006-12-21','Colegio de Educación Especial','ARBOLEDA','out','ebo','continua',44003259),(43784,'2019/2020','Teruel','Educación Primaria (E.E.)','Andrei Claudiu','Marinescu Trandafir','2013-04-12','Colegio de Educación Especial','GLORIA FUERTES','out','ebo','continua',44004148),(43785,'2019/2020','Teruel','Educación Primaria (E.E.)','ASIER','VILLARROYA VILLALBA','2013-07-31','Colegio de Educación Especial','ARBOLEDA','out','ebo','continua',44003259),(43786,'2019/2020','Teruel','Educación Primaria (E.E.)','ASMA','RAGUEB','2009-08-07','Colegio de Educación Especial','GLORIA FUERTES','out','ebo','continua',44004148),(43787,'2019/2020','Teruel','Educación Primaria (E.E.)','Asmae','Amin','2011-04-20','Colegio de Educación Especial','ARBOLEDA','out','ebo','continua',44003259),(43788,'2019/2020','Teruel','Educación Primaria (E.E.)','DAFNE','RUIZ BES','2012-05-13','Colegio de Educación Especial','GLORIA FUERTES','out','ebo','continua',44004148),(43789,'2019/2020','Teruel','Educación Primaria (E.E.)','David','Millán Zapater','2010-09-03','Colegio de Educación Especial','GLORIA FUERTES','out','ebo','continua',44004148),(43790,'2019/2020','Teruel','Educación Primaria (E.E.)','David','Uroz López','2011-11-18','Colegio de Educación Especial','ARBOLEDA','out','ebo','continua',44003259),(43791,'2019/2020','Teruel','Educación Primaria (E.E.)','Diana','Torrijo Barrado','2009-05-07','Colegio de Educación Especial','ARBOLEDA','out','ebo','continua',44003259),(43792,'2019/2020','Teruel','Educación Primaria (E.E.)','Elsa','Tena Mestre','2009-04-30','Colegio de Educación Especial','GLORIA FUERTES','out','ebo','continua',44004148),(43793,'2019/2020','Teruel','Educación Primaria (E.E.)','ERIC','SONSONA ALLOZA','2007-10-30','Colegio de Educación Especial','GLORIA FUERTES','out','ebo','continua',44004148),(43794,'2019/2020','Teruel','Educación Primaria (E.E.)','FRANCISCO JOSÉ','CUBILES SUAREZ','2007-11-29','Colegio de Educación Especial','GLORIA FUERTES','out','ebo','continua',44004148),(43795,'2019/2020','Teruel','Educación Primaria (E.E.)','FRANCISCO MANUEL','GARCÍA SÁNCHEZ','2008-01-10','Colegio de Educación Especial','GLORIA FUERTES','out','ebo','continua',44004148),(43796,'2019/2020','Teruel','Educación Primaria (E.E.)','HAMZA','ACHAHBAR','2011-06-13','Colegio de Educación Especial','GLORIA FUERTES','out','ebo','continua',44004148),(43797,'2019/2020','Teruel','Educación Primaria (E.E.)','IONELA SABINA','CHERAR','2008-06-25','Colegio de Educación Especial','GLORIA FUERTES','out','ebo','continua',44004148),(43798,'2019/2020','Teruel','Educación Primaria (E.E.)','ISAAC','GÓMEZ PRERA','2009-10-01','Colegio de Educación Especial','ARBOLEDA','out','ebo','continua',44003259),(43799,'2019/2020','Teruel','Educación Primaria (E.E.)','JARA','GRACIA CUMPLIDO','2012-11-26','Colegio de Educación Especial','ARBOLEDA','out','ebo','continua',44003259),(43800,'2019/2020','Teruel','Educación Primaria (E.E.)','Javier','Redón Paz','2013-11-16','Colegio de Educación Especial','ARBOLEDA','out','ebo','continua',44003259),(43801,'2019/2020','Teruel','Educación Primaria (E.E.)','JORGE','OREA CONEJOS','2008-01-08','Colegio de Educación Especial','ARBOLEDA','out','ebo','continua',44003259),(43802,'2019/2020','Teruel','Educación Primaria (E.E.)','Judith','GRACIA DOMINGO','2008-05-08','Colegio de Educación Especial','ARBOLEDA','out','ebo','continua',44003259),(43803,'2019/2020','Teruel','Educación Primaria (E.E.)','LEYRE','HORNA FUENTES','2008-02-29','Colegio de Educación Especial','GLORIA FUERTES','out','ebo','continua',44004148),(43804,'2019/2020','Teruel','Educación Primaria (E.E.)','LUCAS','Guillén Doñate','2008-11-18','Colegio de Educación Especial','ARBOLEDA','out','ebo','continua',44003259),(43805,'2019/2020','Teruel','Educación Primaria (E.E.)','Marcos','BALAGUER HERRERA','2006-04-25','Colegio de Educación Especial','GLORIA FUERTES','out','ebo','continua',44004148),(43806,'2019/2020','Teruel','Educación Primaria (E.E.)','Marcos','Millán Ruiz','2009-07-02','Colegio de Educación Especial','ARBOLEDA','out','ebo','continua',44003259),(43807,'2019/2020','Teruel','Educación Primaria (E.E.)','Miguel','Sebastiá Villalba','2008-03-08','Colegio de Educación Especial','GLORIA FUERTES','out','ebo','continua',44004148),(43808,'2019/2020','Teruel','Educación Primaria (E.E.)','NOUREDINE','BAYA','2010-06-04','Colegio de Educación Especial','GLORIA FUERTES','out','ebo','continua',44004148),(43809,'2019/2020','Teruel','Educación Primaria (E.E.)','RAÚL','PAGES SANZ','2009-01-16','Colegio de Educación Especial','ARBOLEDA','out','ebo','continua',44003259),(43810,'2019/2020','Teruel','Educación Primaria (E.E.)','RAZVAN ELIAS','COSTEA','2010-12-03','Colegio de Educación Especial','ARBOLEDA','out','ebo','continua',44003259),(43811,'2019/2020','Teruel','Educación Primaria (E.E.)','RUBÉN','MATEO CEBRIÁN','2006-09-05','Colegio de Educación Especial','ARBOLEDA','out','ebo','continua',44003259),(43812,'2019/2020','Teruel','Educación Primaria (E.E.)','SAMUEL','ROBLES MAIRÉN','2011-05-29','Colegio de Educación Especial','GLORIA FUERTES','out','ebo','continua',44004148),(43813,'2019/2020','Teruel','Educación Primaria (E.E.)','SERGIO','TOLÓN CASTRO','2008-04-04','Colegio de Educación Especial','GLORIA FUERTES','out','ebo','continua',44004148),(43814,'2019/2020','Teruel','Educación Primaria (E.E.)','SERIN SALIU','SOUMBOUNDOU','2013-10-12','Colegio de Educación Especial','GLORIA FUERTES','out','ebo','continua',44004148),(43815,'2019/2020','Teruel','Educación Primaria (E.E.)','ZOLIJA','LARHLID','2011-08-04','Colegio de Educación Especial','GLORIA FUERTES','out','ebo','continua',44004148),(43816,'2019/2020','Teruel','E.S.O. (E.E.)','Aarón','Villanueva Doñate','2004-05-25','Colegio de Educación Especial','GLORIA FUERTES','out','ebo','continua',44004148),(43817,'2019/2020','Teruel','E.S.O. (E.E.)','ABDERRAZZAQ','EL GHOUFAIRI','2005-07-30','Colegio de Educación Especial','GLORIA FUERTES','out','ebo','continua',44004148),(43818,'2019/2020','Teruel','E.S.O. (E.E.)','ALBERTO','ORTA PIQUER','2005-01-24','Colegio de Educación Especial','GLORIA FUERTES','out','ebo','continua',44004148),(43819,'2019/2020','Teruel','E.S.O. (E.E.)','Alejandro','ROCA PIERA','2006-08-28','Colegio de Educación Especial','GLORIA FUERTES','out','ebo','continua',44004148),(43820,'2019/2020','Teruel','E.S.O. (E.E.)','Antuaneth Harumi','Arellano Medina','2004-04-29','Colegio de Educación Especial','ARBOLEDA','out','ebo','continua',44003259),(43821,'2019/2020','Teruel','E.S.O. (E.E.)','Ariadna','Vazquez Layunta','2005-07-16','Colegio de Educación Especial','ARBOLEDA','out','ebo','continua',44003259),(43822,'2019/2020','Teruel','E.S.O. (E.E.)','AUREA','FERRER VILLARROYA','2005-01-18','Colegio de Educación Especial','ARBOLEDA','out','ebo','continua',44003259),(43823,'2019/2020','Teruel','E.S.O. (E.E.)','AXEL','SALMONTE','2004-11-28','Colegio de Educación Especial','GLORIA FUERTES','out','ebo','continua',44004148),(43824,'2019/2020','Teruel','E.S.O. (E.E.)','BRAHIM','LAKHIEL','2004-10-19','Colegio de Educación Especial','GLORIA FUERTES','out','ebo','continua',44004148),(43825,'2019/2020','Teruel','E.S.O. (E.E.)','CARLOS','Barra Navas','2002-01-29','Colegio de Educación Especial','ARBOLEDA','ebo','tva','continua',44003259),(43826,'2019/2020','Teruel','E.S.O. (E.E.)','CHAIMANE','TOUFIK','2002-12-06','Colegio de Educación Especial','ARBOLEDA','ebo','tva','continua',44003259),(43827,'2019/2020','Teruel','E.S.O. (E.E.)','Daniel','JIMENA CRUZ','2004-02-06','Colegio de Educación Especial','ARBOLEDA','out','ebo','continua',44003259),(43828,'2019/2020','Teruel','E.S.O. (E.E.)','Daniel','PARÍS CERRUDO','2006-06-17','Colegio de Educación Especial','GLORIA FUERTES','out','ebo','continua',44004148),(43829,'2019/2020','Teruel','E.S.O. (E.E.)','Daniel','Turón Insa','2006-04-06','Colegio de Educación Especial','GLORIA FUERTES','out','ebo','continua',44004148),(43830,'2019/2020','Teruel','E.S.O. (E.E.)','Danna','Sebastián Garrote','2005-12-02','Colegio de Educación Especial','ARBOLEDA','out','ebo','continua',44003259),(43831,'2019/2020','Teruel','E.S.O. (E.E.)','David','VIVAS MARTÍN','2003-06-04','Colegio de Educación Especial','ARBOLEDA','out','ebo','continua',44003259),(43832,'2019/2020','Teruel','E.S.O. (E.E.)','DEYRAL JAVIER','MORILLO RODRIGUEZ','2002-02-28','Colegio de Educación Especial','ARBOLEDA','ebo','tva','continua',44003259),(43833,'2019/2020','Teruel','E.S.O. (E.E.)','Dianelis','Castex Sosa','2002-06-07','Colegio de Educación Especial','ARBOLEDA','ebo','tva','continua',44003259),(43834,'2019/2020','Teruel','E.S.O. (E.E.)','Erik','Maya Gracía','2004-09-30','Colegio de Educación Especial','GLORIA FUERTES','out','ebo','continua',44004148),(43835,'2019/2020','Teruel','E.S.O. (E.E.)','Francisco','Pérez Vilches','2004-10-07','Colegio de Educación Especial','GLORIA FUERTES','out','ebo','continua',44004148),(43836,'2019/2020','Teruel','E.S.O. (E.E.)','ÍKER','BARRANCO LÓPEZ','2005-11-12','Colegio de Educación Especial','GLORIA FUERTES','out','ebo','continua',44004148),(43837,'2019/2020','Teruel','E.S.O. (E.E.)','Iván','Maté Castillo','2005-12-15','Colegio de Educación Especial','GLORIA FUERTES','out','ebo','continua',44004148),(43838,'2019/2020','Teruel','E.S.O. (E.E.)','IVÁN JAVIER','FUENTES MUÑOZ','2005-02-11','Colegio de Educación Especial','GLORIA FUERTES','out','ebo','continua',44004148),(43839,'2019/2020','Teruel','E.S.O. (E.E.)','JENNYFER','GUERRERO GONZALEZ','2003-04-16','Colegio de Educación Especial','ARBOLEDA','out','ebo','continua',44003259),(43840,'2019/2020','Teruel','E.S.O. (E.E.)','José Antonio','Pellicé Pisco','2005-01-19','Colegio de Educación Especial','GLORIA FUERTES','out','ebo','continua',44004148),(43841,'2019/2020','Teruel','E.S.O. (E.E.)','JUAN FLORENCIO','DIAZ NAVARRETE','2002-04-22','Colegio de Educación Especial','ARBOLEDA','ebo','tva','continua',44003259),(43842,'2019/2020','Teruel','E.S.O. (E.E.)','KEMELLY ALTAGRACIA','REYES GONZÁLEZ','2002-10-20','Colegio de Educación Especial','ARBOLEDA','ebo','tva','continua',44003259),(43843,'2019/2020','Teruel','E.S.O. (E.E.)','LUNA','BASURTO CALIXTO','2006-02-20','Colegio de Educación Especial','GLORIA FUERTES','out','ebo','continua',44004148),(43844,'2019/2020','Teruel','E.S.O. (E.E.)','MARIA LIBERTAD','Serpa Pérez','2005-12-27','Colegio de Educación Especial','GLORIA FUERTES','out','ebo','continua',44004148),(43845,'2019/2020','Teruel','E.S.O. (E.E.)','MARÍA TERESA','SAMPER GÓMEZ','2002-09-26','Colegio de Educación Especial','ARBOLEDA','ebo','tva','continua',44003259),(43846,'2019/2020','Teruel','E.S.O. (E.E.)','Marta','Saz Manrique','2004-03-16','Colegio de Educación Especial','ARBOLEDA','out','ebo','continua',44003259),(43847,'2019/2020','Teruel','E.S.O. (E.E.)','PABLO','FUERTES ALEGRE','2004-08-08','Colegio de Educación Especial','GLORIA FUERTES','out','ebo','continua',44004148),(43848,'2019/2020','Teruel','E.S.O. (E.E.)','PATRICIA','BUISÁN MAULEÓN','2005-08-08','Colegio de Educación Especial','GLORIA FUERTES','out','ebo','continua',44004148),(43849,'2019/2020','Teruel','E.S.O. (E.E.)','PEDRO','SANCHEZ ELIAS','2006-09-09','Colegio de Educación Especial','ARBOLEDA','out','ebo','continua',44003259),(43850,'2019/2020','Teruel','E.S.O. (E.E.)','PILAR','FERRER VILLARROYA','2006-04-04','Colegio de Educación Especial','ARBOLEDA','out','ebo','continua',44003259),(43851,'2019/2020','Teruel','E.S.O. (E.E.)','RAÚL','GUILLÉN GÓMEZ','2002-11-06','Colegio de Educación Especial','ARBOLEDA','ebo','tva','continua',44003259),(43852,'2019/2020','Teruel','E.S.O. (E.E.)','RAUL','PASTOR CORTES','2006-11-11','Colegio de Educación Especial','GLORIA FUERTES','out','ebo','continua',44004148),(43853,'2019/2020','Teruel','E.S.O. (E.E.)','RUBÉN','BLASCO RUEDA','2004-07-22','Colegio de Educación Especial','ARBOLEDA','out','ebo','continua',44003259),(43854,'2019/2020','Teruel','E.S.O. (E.E.)','Rubén','Crespo Blasco','2004-08-27','Colegio de Educación Especial','ARBOLEDA','out','ebo','continua',44003259),(43855,'2019/2020','Teruel','E.S.O. (E.E.)','Samantha','SANTANA CRUZ','2005-03-22','Colegio de Educación Especial','GLORIA FUERTES','out','ebo','continua',44004148),(43856,'2019/2020','Teruel','E.S.O. (E.E.)','Sanian Nasrin','Muhammad Mughal','2003-06-13','Colegio de Educación Especial','ARBOLEDA','out','ebo','continua',44003259),(43857,'2019/2020','Teruel','E.S.O. (E.E.)','SARA','HERNANDO DEL CARMEN','2002-01-03','Colegio de Educación Especial','ARBOLEDA','ebo','tva','continua',44003259),(43858,'2019/2020','Teruel','E.S.O. (E.E.)','SVILEN','IVANOV DONDUKOV','2002-03-21','Colegio de Educación Especial','ARBOLEDA','ebo','tva','continua',44003259),(43859,'2019/2020','Teruel','E.S.O. (E.E.)','YONIS IRÁN','SOMOHANO MARTÍNEZ','2004-12-27','Colegio de Educación Especial','ARBOLEDA','out','ebo','continua',44003259),(43860,'2019/2020','Teruel','T.V.A.','ABEL','SECANELLA GARGALLO','2001-09-28','Colegio de Educación Especial','GLORIA FUERTES','tva','tva','continua',44004148),(43861,'2019/2020','Teruel','T.V.A.','Adrian','Erruz Alcañiz','2000-12-03','Colegio de Educación Especial','GLORIA FUERTES','tva','tva','continua',44004148),(43862,'2019/2020','Teruel','T.V.A.','Adrian','VILLANUEVA YUSTE','2000-11-14','Colegio de Educación Especial','ARBOLEDA','tva','tva','continua',44003259),(43863,'2019/2020','Teruel','T.V.A.','Alejandro','Jarque Antoli','2000-06-09','Colegio de Educación Especial','GLORIA FUERTES','tva','tva','continua',44004148),(43864,'2019/2020','Teruel','T.V.A.','ALFONSO','DÍAZ DÍAZ','2000-07-21','Colegio de Educación Especial','ARBOLEDA','tva','tva','continua',44003259),(43865,'2019/2020','Teruel','T.V.A.','Almudena','Asensio Aznar','2001-04-03','Colegio de Educación Especial','GLORIA FUERTES','tva','tva','continua',44004148),(43866,'2019/2020','Teruel','T.V.A.','ANDRÉS','BLASCO NÚÑEZ','2001-09-12','Colegio de Educación Especial','GLORIA FUERTES','tva','tva','continua',44004148),(43867,'2019/2020','Teruel','T.V.A.','Angel','Miralles Velilla','2000-11-01','Colegio de Educación Especial','GLORIA FUERTES','tva','tva','continua',44004148),(43868,'2019/2020','Teruel','T.V.A.','ANTONIO','Cristian Ignat','2003-11-14','Colegio de Educación Especial','GLORIA FUERTES','out','ebo','continua',44004148),(43869,'2019/2020','Teruel','T.V.A.','Bianca Madalina','Pascu','2002-02-26','Colegio de Educación Especial','GLORIA FUERTES','ebo','tva','continua',44004148),(43870,'2019/2020','Teruel','T.V.A.','CARLOS','MILLA GONZALEZ','2000-11-15','Colegio de Educación Especial','GLORIA FUERTES','tva','tva','continua',44004148),(43871,'2019/2020','Teruel','T.V.A.','CHRISTIAN','KONADU','2000-10-01','Colegio de Educación Especial','GLORIA FUERTES','tva','tva','continua',44004148),(43872,'2019/2020','Teruel','T.V.A.','DEYAN','IVANOV DONDUKOV','2000-08-08','Colegio de Educación Especial','ARBOLEDA','tva','tva','continua',44003259),(43873,'2019/2020','Teruel','T.V.A.','ISMAEL','RUBIO ASENSIO','2000-11-10','Colegio de Educación Especial','ARBOLEDA','tva','tva','continua',44003259),(43874,'2019/2020','Teruel','T.V.A.','IVAN','LECHA GONZÁLEZ','2003-04-04','Colegio de Educación Especial','GLORIA FUERTES','out','ebo','continua',44004148),(43875,'2019/2020','Teruel','T.V.A.','JORGE','Giraldos Jiménez','2001-03-20','Colegio de Educación Especial','GLORIA FUERTES','tva','tva','continua',44004148),(43876,'2019/2020','Teruel','T.V.A.','Jorge Jesús','Antolín Herrera','2001-04-26','Colegio de Educación Especial','GLORIA FUERTES','tva','tva','continua',44004148),(43877,'2019/2020','Teruel','T.V.A.','LUCAS','FECÉ SANZ','2003-11-26','Colegio de Educación Especial','GLORIA FUERTES','out','ebo','continua',44004148),(43878,'2019/2020','Teruel','T.V.A.','Natalia','Cano Monfort','2001-08-29','Colegio de Educación Especial','GLORIA FUERTES','tva','tva','continua',44004148),(43879,'2019/2020','Teruel','T.V.A.','Pablo Miguel','Berenguer Celma','2002-04-30','Colegio de Educación Especial','GLORIA FUERTES','ebo','tva','continua',44004148),(43880,'2019/2020','Teruel','T.V.A.','PATRICIA','PITARCH GARCÉS','2003-06-24','Colegio de Educación Especial','GLORIA FUERTES','out','ebo','continua',44004148),(43881,'2019/2020','Teruel','T.V.A.','RUBÉN','GIMÉNEZ GARCÍA','2003-11-18','Colegio de Educación Especial','GLORIA FUERTES','out','ebo','continua',44004148),(43882,'2019/2020','Teruel','T.V.A.','SERGIO','PALACIOS FERRER','2001-11-10','Colegio de Educación Especial','GLORIA FUERTES','tva','tva','continua',44004148),(43883,'2019/2020','Zaragoza','Educación Infantil (E.E.)','ABDALLAH','Baouali Kherif','2013-01-16','Colegio de Educación Especial','JEAN PIAGET','out','ebo','continua',50018131),(43884,'2019/2020','Zaragoza','Educación Infantil (E.E.)','Adrián','Aroca Fago','2014-02-24','Colegio de Educación Infantil y Primaria','RECTOR MAMÉS ESPERABÉ','out','ebo','continua',50008678),(43885,'2019/2020','Zaragoza','Educación Infantil (E.E.)','Adrián','Artieda Alonso','2014-11-28','Centro Privado de Educación Especial','ATADES CENTRO DE EDUCACIÓN ESPECIAL SAN MARTÍN DE PORRES','out','ebo','continua',50007674),(43886,'2019/2020','Zaragoza','Educación Infantil (E.E.)','Adrian','GROS CASTON','2014-07-10','Centro Privado de Educación Especial','LA PURÍSIMA PARA NIÑOS SORDOS','out','ebo','continua',50007376),(43887,'2019/2020','Zaragoza','Educación Infantil (E.E.)','Adrian','MARTIN GIL','2016-07-21','Centro Privado de Educación Especial','LA PURÍSIMA PARA NIÑOS SORDOS','out','ebo','continua',50007376),(43888,'2019/2020','Zaragoza','Educación Infantil (E.E.)','AINHOA','RODRIGUEZ BROCHERO','2016-10-31','Centro Privado de Educación Especial','LA PURÍSIMA PARA NIÑOS SORDOS','out','ebo','continua',50007376),(43889,'2019/2020','Zaragoza','Educación Infantil (E.E.)','Alejandro','Loureda Álvarez','2014-10-17','Centro Privado de Educación Especial','LA PURÍSIMA PARA NIÑOS SORDOS','out','ebo','continua',50007376),(43890,'2019/2020','Zaragoza','Educación Infantil (E.E.)','ALESSIA','LORENZO GARCÍA','2015-09-18','Centro Privado de Educación Especial','LA PURÍSIMA PARA NIÑOS SORDOS','out','ebo','continua',50007376),(43891,'2019/2020','Zaragoza','Educación Infantil (E.E.)','Álvaro','MARTÍNEZ APUNTATE','2014-02-27','Colegio de Educación Especial','ALBORADA','out','ebo','continua',50010387),(43892,'2019/2020','Zaragoza','Educación Infantil (E.E.)','ARYLID GISSELL','REYES MEDINA','2016-10-28','Centro Privado de Educación Especial','ATADES, CENTRO DE EDUCACIÓN ESPECIAL SAN MARTÍN DE PORRES','out','ebo','continua',50007674),(43893,'2019/2020','Zaragoza','Educación Infantil (E.E.)','Ayoub','Hamed','2014-03-12','Colegio de Educación Infantil y Primaria','JULIÁN SANZ IBÁÑEZ','out','ebo','continua',50006049),(43894,'2019/2020','Zaragoza','Educación Infantil (E.E.)','CALEB','MOREIRA GARCIA','2016-07-19','Centro Privado de Educación Especial','LA PURÍSIMA PARA NIÑOS SORDOS','out','ebo','continua',50007376),(43895,'2019/2020','Zaragoza','Educación Infantil (E.E.)','CARLA','Zubiaur Giménez','2014-02-06','Colegio de Educación Especial','JEAN PIAGET','out','ebo','continua',50018131),(43896,'2019/2020','Zaragoza','Educación Infantil (E.E.)','CHEICK OUMAR','DIAKITE','2014-04-30','Centro Privado de Educación Especial','LA PURÍSIMA PARA NIÑOS SORDOS','out','ebo','continua',50007376),(43897,'2019/2020','Zaragoza','Educación Infantil (E.E.)','Clara','Duarte Izquierdo','2014-07-21','Colegio de Educación Especial','RINCÓN DE GOYA','out','ebo','continua',50011537),(43898,'2019/2020','Zaragoza','Educación Infantil (E.E.)','Clara','Sevil Sagarra','2013-12-23','Colegio de Educación Especial','ANGEL RIVIÈRE','out','ebo','continua',50017369),(43899,'2019/2020','Zaragoza','Educación Infantil (E.E.)','CLAUDIA','CARRION GIRAL','2016-05-16','Centro Privado de Educación Especial','LA PURÍSIMA PARA NIÑOS SORDOS','out','ebo','continua',50007376),(43900,'2019/2020','Zaragoza','Educación Infantil (E.E.)','CLAUDIA','RIBAGODA AIN','2013-02-12','Centro Privado de Educación Especial','ATADES CENTRO DE EDUCACIÓN ESPECIAL SAN MARTÍN DE PORRES','out','ebo','continua',50007674),(43901,'2019/2020','Zaragoza','Educación Infantil (E.E.)','Daniel','MORALES GIAGASTRU','2015-03-27','Centro Privado de Educación Especial','SAN GERMÁN','out','ebo','continua',50008915),(43902,'2019/2020','Zaragoza','Educación Infantil (E.E.)','Daniel','Pueyo Beltrán','2016-03-15','Colegio de Educación Especial','ANGEL RIVIÈRE','out','ebo','continua',50017369),(43903,'2019/2020','Zaragoza','Educación Infantil (E.E.)','David','Vinacua Torres','2015-07-15','Colegio de Educación Especial','ANGEL RIVIÈRE','out','ebo','continua',50017369),(43904,'2019/2020','Zaragoza','Educación Infantil (E.E.)','Denzel Alejandro','ZEPEDA ESPINOZA','2015-02-24','Colegio de Educación Especial','ALBORADA','out','ebo','continua',50010387),(43905,'2019/2020','Zaragoza','Educación Infantil (E.E.)','DIEGO','LORENZ LAHOZ','2016-08-01','Centro Privado de Educación Especial','SAN GERMÁN','out','ebo','continua',50008915),(43906,'2019/2020','Zaragoza','Educación Infantil (E.E.)','FLOAREA DANIELA','GROZAVU','2015-04-10','Colegio de Educación Infantil y Primaria','CAMPO DE BORJA','out','ebo','continua',50000850),(43907,'2019/2020','Zaragoza','Educación Infantil (E.E.)','Francisco Javier','GIMENEZ GABARRE','2014-04-12','Centro Privado de Educación Especial','ATADES CENTRO DE EDUCACIÓN ESPECIAL SAN MARTÍN DE PORRES','out','ebo','continua',50007674),(43908,'2019/2020','Zaragoza','Educación Infantil (E.E.)','GABRIEL','BERMEJO FERNANDEZ','2014-02-20','Centro Privado de Educación Especial','LA PURÍSIMA PARA NIÑOS SORDOS','out','ebo','continua',50007376),(43909,'2019/2020','Zaragoza','Educación Infantil (E.E.)','GABRIEL','Sajaia','2014-12-01','Colegio de Educación Infantil y Primaria','JULIÁN SANZ IBÁÑEZ','out','ebo','continua',50006049),(43910,'2019/2020','Zaragoza','Educación Infantil (E.E.)','HUGO','DELGADO DIARTE','2015-09-30','Centro Privado de Educación Especial','LA PURÍSIMA PARA NIÑOS SORDOS','out','ebo','continua',50007376),(43911,'2019/2020','Zaragoza','Educación Infantil (E.E.)','HUGO','Diego Martín','2014-08-26','Colegio de Educación Especial','JEAN PIAGET','out','ebo','continua',50018131),(43912,'2019/2020','Zaragoza','Educación Infantil (E.E.)','IAN','RAMÍREZ GARCÍA','2014-02-18','Centro Privado de Educación Especial','LA PURÍSIMA PARA NIÑOS SORDOS','out','ebo','continua',50007376),(43913,'2019/2020','Zaragoza','Educación Infantil (E.E.)','Inés','González Sánchez','2014-12-02','Centro Privado de Educación Especial','LA PURÍSIMA PARA NIÑOS SORDOS','out','ebo','continua',50007376),(43914,'2019/2020','Zaragoza','Educación Infantil (E.E.)','Irene','Bernad Casanova','2015-05-03','Centro Privado de Educación Especial','LA PURÍSIMA PARA NIÑOS SORDOS','out','ebo','continua',50007376),(43915,'2019/2020','Zaragoza','Educación Infantil (E.E.)','ISAAC','CARCELLER RODRIGUEZ','2014-07-09','Centro Privado de Educación Especial','ATADES, CENTRO DE EDUCACIÓN ESPECIAL SAN MARTÍN DE PORRES','out','ebo','continua',50007674),(43916,'2019/2020','Zaragoza','Educación Infantil (E.E.)','Isabel','FLAMARIQUE PARDIÑAS','2013-08-23','Colegio de Educación Especial','ALBORADA','out','ebo','continua',50010387),(43917,'2019/2020','Zaragoza','Educación Infantil (E.E.)','ISABELLA','Sola Pérez','2016-01-21','Colegio de Educación Especial','JEAN PIAGET','out','ebo','continua',50018131),(43918,'2019/2020','Zaragoza','Educación Infantil (E.E.)','IVÁN','Gutiérrez Olmedo','2014-10-21','Colegio de Educación Especial','JEAN PIAGET','out','ebo','continua',50018131),(43919,'2019/2020','Zaragoza','Educación Infantil (E.E.)','IZAN','Luna Zorrilla','2014-03-28','Centro Privado de Educación Especial','SAN GERMÁN','out','ebo','continua',50008915),(43920,'2019/2020','Zaragoza','Educación Infantil (E.E.)','JANA','DIAZ DIAZ','2014-10-24','Centro Privado de Educación Especial','LA PURÍSIMA PARA NIÑOS SORDOS','out','ebo','continua',50007376),(43921,'2019/2020','Zaragoza','Educación Infantil (E.E.)','Javi','Burriel Molinos','2015-09-01','Colegio de Educación Especial','ANGEL RIVIÈRE','out','ebo','continua',50017369),(43922,'2019/2020','Zaragoza','Educación Infantil (E.E.)','Jesús Alejandro','Matute Tacuri','2016-09-23','Colegio de Educación Infantil y Primaria','MONCAYO','out','ebo','continua',50004612),(43923,'2019/2020','Zaragoza','Educación Infantil (E.E.)','Jimena','Florián Sánchez','2015-10-04','Colegio de Educación Infantil y Primaria','RECTOR MAMÉS ESPERABÉ','out','ebo','continua',50008678),(43924,'2019/2020','Zaragoza','Educación Infantil (E.E.)','JORGE','GONZALEZ COSTA','2013-02-25','Centro Privado de Educación Especial','ATADES CENTRO DE EDUCACIÓN ESPECIAL SAN MARTÍN DE PORRES','out','ebo','continua',50007674),(43925,'2019/2020','Zaragoza','Educación Infantil (E.E.)','JORGE','Lorenzo García','2015-09-18','Centro Privado de Educación Especial','LA PURÍSIMA PARA NIÑOS SORDOS','out','ebo','continua',50007376),(43926,'2019/2020','Zaragoza','Educación Infantil (E.E.)','JUAN JOSE','JIMENEZ RAMIREZ','2016-04-23','Centro Privado de Educación Especial','ATADES, CENTRO DE EDUCACIÓN ESPECIAL SAN MARTÍN DE PORRES','out','ebo','continua',50007674),(43927,'2019/2020','Zaragoza','Educación Infantil (E.E.)','JULEN','AGUERRI BARCOS','2014-04-01','Centro Privado de Educación Especial','LA PURÍSIMA PARA NIÑOS SORDOS','out','ebo','continua',50007376),(43928,'2019/2020','Zaragoza','Educación Infantil (E.E.)','LINA','TALIBI','2016-06-22','Colegio de Educación Especial','ALBORADA','out','ebo','continua',50010387),(43929,'2019/2020','Zaragoza','Educación Infantil (E.E.)','LUCAS','RELANCIO LAPIEDRA','2016-06-15','Colegio de Educación Especial','ALBORADA','out','ebo','continua',50010387),(43930,'2019/2020','Zaragoza','Educación Infantil (E.E.)','MAHAMADU','TOURAY','2014-12-18','Centro Privado de Educación Especial','LA PURÍSIMA PARA NIÑOS SORDOS','out','ebo','continua',50007376),(43931,'2019/2020','Zaragoza','Educación Infantil (E.E.)','Marcos','CORNAGO ESCORIHUELA','2014-11-07','Colegio de Educación Especial','RINCÓN DE GOYA','out','ebo','continua',50011537),(43932,'2019/2020','Zaragoza','Educación Infantil (E.E.)','MARIO','PONTAQUE BORRAZ','2016-11-15','Centro Privado de Educación Especial','LA PURÍSIMA PARA NIÑOS SORDOS','out','ebo','continua',50007376),(43933,'2019/2020','Zaragoza','Educación Infantil (E.E.)','MARTÍN','GARRIDO HERNÁNDEZ','2016-06-01','Centro Privado de Educación Especial','SAN GERMÁN','out','ebo','continua',50008915),(43934,'2019/2020','Zaragoza','Educación Infantil (E.E.)','Martín','SALVADOR JURADO','2015-10-17','Colegio de Educación Especial','ALBORADA','out','ebo','continua',50010387),(43935,'2019/2020','Zaragoza','Educación Infantil (E.E.)','MARTÍN','TIESTOS PALLARÉS','2015-08-08','Centro Privado de Educación Especial','LA PURÍSIMA PARA NIÑOS SORDOS','out','ebo','continua',50007376),(43936,'2019/2020','Zaragoza','Educación Infantil (E.E.)','MUSA','TUNKARA','2015-01-04','Centro Privado de Educación Especial','MARÍA SORIANO','out','ebo','continua',50009646),(43937,'2019/2020','Zaragoza','Educación Infantil (E.E.)','NEYZHAN','NSUE ASIA','2014-10-31','Colegio de Educación Infantil y Primaria','SAN BRAULIO','out','ebo','continua',50006128),(43938,'2019/2020','Zaragoza','Educación Infantil (E.E.)','Ouail','Chaouchi','2016-12-27','Colegio de Educación Especial','ALBORADA','out','ebo','continua',50010387),(43939,'2019/2020','Zaragoza','Educación Infantil (E.E.)','ROCÍO','TORIL GILBER','2015-10-28','Centro Privado de Educación Especial','LA PURÍSIMA PARA NIÑOS SORDOS','out','ebo','continua',50007376),(43940,'2019/2020','Zaragoza','Educación Infantil (E.E.)','ROKHEYA','NIANG','2015-07-14','Colegio de Educación Especial','ALBORADA','out','ebo','continua',50010387),(43941,'2019/2020','Zaragoza','Educación Infantil (E.E.)','Rubén','García Villanueva','2014-04-28','Centro Privado de Educación Especial','ATADES CENTRO DE EDUCACIÓN ESPECIAL SAN MARTÍN DE PORRES','out','ebo','continua',50007674),(43942,'2019/2020','Zaragoza','Educación Infantil (E.E.)','Saiah','Djilali','2015-01-03','Colegio de Educación Infantil y Primaria','RECTOR MAMÉS ESPERABÉ','out','ebo','continua',50008678),(43943,'2019/2020','Zaragoza','Educación Infantil (E.E.)','SARA','MIRAVETE DE LA VEGA','2016-10-04','Centro Privado de Educación Especial','ATADES, CENTRO DE EDUCACIÓN ESPECIAL SAN MARTÍN DE PORRES','out','ebo','continua',50007674),(43944,'2019/2020','Zaragoza','Educación Infantil (E.E.)','SULAIMA','JIMENEZ RAMIREZ','2016-04-23','Centro Privado de Educación Especial','ATADES, CENTRO DE EDUCACIÓN ESPECIAL SAN MARTÍN DE PORRES','out','ebo','continua',50007674),(43945,'2019/2020','Zaragoza','Educación Infantil (E.E.)','Walid','Juan Zragua','2014-05-04','Colegio de Educación Especial','ANGEL RIVIÈRE','out','ebo','continua',50017369),(43946,'2019/2020','Zaragoza','Educación Infantil (E.E.)','Yanislav','Rumenov Asenov','2015-10-14','Colegio de Educación Infantil y Primaria','RECTOR MAMÉS ESPERABÉ','out','ebo','no continua',50008678),(43947,'2019/2020','Zaragoza','Educación Infantil (E.E.)','YASMINA','TORRALBA VIZARRAGA','2014-10-04','Centro Privado de Educación Especial','ATADES, CENTRO DE EDUCACIÓN ESPECIAL SAN MARTÍN DE PORRES','out','ebo','continua',50007674),(43948,'2019/2020','Zaragoza','Educación Infantil (E.E.)','Yassin','Djilali','2015-01-03','Colegio de Educación Infantil y Primaria','RECTOR MAMÉS ESPERABÉ','out','ebo','continua',50008678),(43949,'2019/2020','Zaragoza','Educación Infantil (E.E.)','Yihan','LIU','2015-04-09','Centro Privado de Educación Especial','LA PURÍSIMA PARA NIÑOS SORDOS','out','ebo','continua',50007376),(43950,'2019/2020','Zaragoza','Educación Infantil (E.E.)','Zihan','Shi','2014-11-24','Colegio de Educación Especial','ANGEL RIVIÈRE','out','ebo','continua',50017369),(43951,'2019/2020','Zaragoza','Educación Primaria (E.E.)','Aarón','Romero Chica','2010-03-11','Colegio de Educación Especial','RINCÓN DE GOYA','out','ebo','continua',50011537),(43952,'2019/2020','Zaragoza','Educación Primaria (E.E.)','ABEL','Dikatuka Lema','2009-09-16','Centro Privado de Educación Especial','ATADES, CENTRO DE EDUCACIÓN ESPECIAL SAN MARTÍN DE PORRES','out','ebo','continua',50007674),(43953,'2019/2020','Zaragoza','Educación Primaria (E.E.)','ADAM','EL YAAGOUBI','2008-06-06','Centro Privado de Educación Especial','LOS PUEYOS','out','ebo','continua',50009488),(43954,'2019/2020','Zaragoza','Educación Primaria (E.E.)','ADAM','GHARBAOUI','2012-04-19','Centro Privado de Educación Especial','LOS PUEYOS','out','ebo','continua',50009488),(43955,'2019/2020','Zaragoza','Educación Primaria (E.E.)','ADAM','WALID EZZATRI','2009-02-18','Centro Privado de Educación Especial','LA PURÍSIMA PARA NIÑOS SORDOS','out','ebo','continua',50007376),(43956,'2019/2020','Zaragoza','Educación Primaria (E.E.)','Adem','Attif','2008-01-12','Colegio de Educación Infantil y Primaria','RECTOR MAMÉS ESPERABÉ','out','ebo','continua',50008678),(43957,'2019/2020','Zaragoza','Educación Primaria (E.E.)','ADONAY','HERNÁNDEZ SOLER','2011-12-13','Colegio de Educación Especial','ALBORADA','out','ebo','continua',50010387),(43958,'2019/2020','Zaragoza','Educación Primaria (E.E.)','Adrián','DEL TIEMPO TRASOBARES','2008-12-14','Colegio de Educación Especial','ALBORADA','out','ebo','continua',50010387),(43959,'2019/2020','Zaragoza','Educación Primaria (E.E.)','Adrian','FERNÁNDEZ LAFUENTE','2007-03-22','Colegio de Educación Especial','RINCÓN DE GOYA','out','ebo','continua',50011537),(43960,'2019/2020','Zaragoza','Educación Primaria (E.E.)','ADRIANA','MORALES GÁLLEGO','2007-11-11','Centro Privado de Educación Especial','SAN GERMÁN','out','ebo','continua',50008915),(43961,'2019/2020','Zaragoza','Educación Primaria (E.E.)','AGUSTÍN','Padillo Guerrero','2008-04-13','Colegio de Educación Especial','JEAN PIAGET','out','ebo','continua',50018131),(43962,'2019/2020','Zaragoza','Educación Primaria (E.E.)','AINHOA','CRESPO BARRIOS','2011-06-09','Centro Privado de Educación Especial','SAN GERMÁN','out','ebo','continua',50008915),(43963,'2019/2020','Zaragoza','Educación Primaria (E.E.)','AINHOA VALENTINA','García Díaz','2013-10-24','Colegio de Educación Especial','JEAN PIAGET','out','ebo','continua',50018131),(43964,'2019/2020','Zaragoza','Educación Primaria (E.E.)','ALBA','LEQUIO LECHON','2007-10-24','Centro Privado de Educación Especial','LA PURÍSIMA PARA NIÑOS SORDOS','out','ebo','continua',50007376),(43965,'2019/2020','Zaragoza','Educación Primaria (E.E.)','ALBERTO','Remacha Benedí','2012-07-07','Centro Privado de Educación Especial','LOS PUEYOS','out','ebo','continua',50009488),(43966,'2019/2020','Zaragoza','Educación Primaria (E.E.)','Alejandra','RUIZ LABORDA','2011-09-01','Colegio de Educación Especial','ALBORADA','out','ebo','continua',50010387),(43967,'2019/2020','Zaragoza','Educación Primaria (E.E.)','Alejandro','BAILO GIL','2007-11-21','Centro Privado de Educación Especial','CEDES','out','ebo','continua',50008630),(43968,'2019/2020','Zaragoza','Educación Primaria (E.E.)','Alejandro','Gonzalo Larriba','2010-02-20','Centro Privado de Educación Especial','ATADES, CENTRO DE EDUCACIÓN ESPECIAL SAN MARTÍN DE PORRES','out','ebo','continua',50007674),(43969,'2019/2020','Zaragoza','Educación Primaria (E.E.)','Alejandro','Gros Ayuso','2008-07-09','Colegio de Educación Especial','JEAN PIAGET','out','ebo','continua',50018131),(43970,'2019/2020','Zaragoza','Educación Primaria (E.E.)','Alejandro','Ibáñez Luna','2007-11-14','Centro Privado de Educación Especial','CEDES','out','ebo','continua',50008630),(43971,'2019/2020','Zaragoza','Educación Primaria (E.E.)','Alejandro','Llorente Marro','2007-09-03','Colegio de Educación Especial','ALBORADA','out','ebo','continua',50010387),(43972,'2019/2020','Zaragoza','Educación Primaria (E.E.)','Alejandro','Palacios Jimeno','2007-08-24','Colegio de Educación Infantil y Primaria','SAN BRAULIO','out','ebo','continua',50006128),(43973,'2019/2020','Zaragoza','Educación Primaria (E.E.)','Alejandro Marian','Catana','2011-02-07','Colegio de Educación Especial','SEGEDA','out','ebo','continua',50019408),(43974,'2019/2020','Zaragoza','Educación Primaria (E.E.)','Alexandra','Romeo Valiente','2007-08-27','Colegio de Educación Especial','SEGEDA','out','ebo','continua',50019408),(43975,'2019/2020','Zaragoza','Educación Primaria (E.E.)','Alexandru Mihaita','Bolan','2008-01-09','Colegio de Educación Infantil y Primaria','SAN BRAULIO','out','ebo','continua',50006128),(43976,'2019/2020','Zaragoza','Educación Primaria (E.E.)','Alicia','Nogueira Julián','2009-04-10','Colegio de Educación Especial','JEAN PIAGET','out','ebo','continua',50018131),(43977,'2019/2020','Zaragoza','Educación Primaria (E.E.)','Alicia','Rusu Carmona','2011-11-05','Colegio de Educación Especial','JEAN PIAGET','out','ebo','continua',50018131),(43978,'2019/2020','Zaragoza','Educación Primaria (E.E.)','Álvaro','YANES GARCÍA ROSALES','2009-03-31','Centro Privado de Educación Especial','LA PURÍSIMA PARA NIÑOS SORDOS','out','ebo','continua',50007376),(43979,'2019/2020','Zaragoza','Educación Primaria (E.E.)','ANAS','BENGRAB TADRIST','2007-12-19','Centro Privado de Educación Especial','ATADES CENTRO DE EDUCACIÓN ESPECIAL SAN MARTÍN DE PORRES','out','ebo','continua',50007674),(43980,'2019/2020','Zaragoza','Educación Primaria (E.E.)','Angel','MASIE NSANG','2008-10-06','Centro Privado de Educación Especial','MARÍA SORIANO','out','ebo','continua',50009646),(43981,'2019/2020','Zaragoza','Educación Primaria (E.E.)','Ángela','Cervera Oroquieta','2007-09-27','Colegio de Educación Especial','ANGEL RIVIÈRE','out','ebo','continua',50017369),(43982,'2019/2020','Zaragoza','Educación Primaria (E.E.)','ANTONIO','Marqués Sánchez','2008-04-29','Colegio de Educación Especial','SEGEDA','out','ebo','continua',50019408),(43983,'2019/2020','Zaragoza','Educación Primaria (E.E.)','ANTONIO','Matamoros Requeno','2012-02-29','Centro Privado de Educación Especial','ATADES CENTRO DE EDUCACIÓN ESPECIAL SAN MARTÍN DE PORRES','out','ebo','continua',50007674),(43984,'2019/2020','Zaragoza','Educación Primaria (E.E.)','ANTONIO','TORRES FRAILE','2005-10-18','Centro Privado de Educación Especial','MARÍA SORIANO','out','ebo','continua',50009646),(43985,'2019/2020','Zaragoza','Educación Primaria (E.E.)','Antonio Joel','Dual Mendoza','2009-01-19','Centro Privado de Educación Especial','MARÍA SORIANO','out','ebo','continua',50009646),(43986,'2019/2020','Zaragoza','Educación Primaria (E.E.)','Arfan','Barro','2009-09-03','Centro Privado de Educación Especial','ATADES, CENTRO DE EDUCACIÓN ESPECIAL SAN MARTÍN DE PORRES','out','ebo','continua',50007674),(43987,'2019/2020','Zaragoza','Educación Primaria (E.E.)','Arianne','Blanco Llop','2011-12-21','Colegio de Educación Especial','ANGEL RIVIÈRE','out','ebo','continua',50017369),(43988,'2019/2020','Zaragoza','Educación Primaria (E.E.)','Arley','Pérez Cedano','2007-09-14','Colegio de Educación Especial','RINCÓN DE GOYA','out','ebo','continua',50011537),(43989,'2019/2020','Zaragoza','Educación Primaria (E.E.)','ARTURO','Montes Nchama','2008-10-27','Colegio de Educación Especial','JEAN PIAGET','out','ebo','continua',50018131),(43990,'2019/2020','Zaragoza','Educación Primaria (E.E.)','ARWEN','GRACIA VIÑAS','2005-09-17','Centro Privado de Educación Especial','MARÍA SORIANO','out','ebo','continua',50009646),(43991,'2019/2020','Zaragoza','Educación Primaria (E.E.)','ASHLEY ARIADNA','DE LEÓN DOMÍNGUEZ','2009-11-18','Centro Privado de Educación Especial','CEDES','out','ebo','continua',50008630),(43992,'2019/2020','Zaragoza','Educación Primaria (E.E.)','Betania','Nganso Pettcha Alpuente','2010-06-22','Colegio de Educación Especial','RINCÓN DE GOYA','out','ebo','continua',50011537),(43993,'2019/2020','Zaragoza','Educación Primaria (E.E.)','Bianca Beatrice','Martinas','2008-04-14','Centro Privado de Educación Especial','ATADES, CENTRO DE EDUCACIÓN ESPECIAL SAN MARTÍN DE PORRES','out','ebo','continua',50007674),(43994,'2019/2020','Zaragoza','Educación Primaria (E.E.)','Bianca Mihaela','Lica','2012-12-05','Centro Privado de Educación Especial','LA PURÍSIMA PARA NIÑOS SORDOS','out','ebo','continua',50007376),(43995,'2019/2020','Zaragoza','Educación Primaria (E.E.)','BRAYAN','HERNÁNDEZ ORTEGA','2008-12-20','Centro Privado de Educación Especial','SAN GERMÁN','out','ebo','continua',50008915),(43996,'2019/2020','Zaragoza','Educación Primaria (E.E.)','BRYAN WILLIAM','De Oliveira Siqueira','2010-03-23','Colegio de Educación Especial','JEAN PIAGET','out','ebo','continua',50018131),(43997,'2019/2020','Zaragoza','Educación Primaria (E.E.)','CANDELA','Yago Monge','2011-05-17','Colegio de Educación Especial','JEAN PIAGET','out','ebo','continua',50018131),(43998,'2019/2020','Zaragoza','Educación Primaria (E.E.)','CARLA','BERNAL GOMEZ','2008-05-02','Centro Privado de Educación Especial','ATADES, CENTRO DE EDUCACIÓN ESPECIAL SAN MARTÍN DE PORRES','out','ebo','continua',50007674),(43999,'2019/2020','Zaragoza','Educación Primaria (E.E.)','CARLOS','García Suarez','2009-09-21','Centro Privado de Educación Especial','ATADES, CENTRO DE EDUCACIÓN ESPECIAL SAN MARTÍN DE PORRES','out','ebo','continua',50007674),(44000,'2019/2020','Zaragoza','Educación Primaria (E.E.)','Celia','CASES ALTURA','2008-12-31','Colegio de Educación Especial','ALBORADA','out','ebo','continua',50010387),(44001,'2019/2020','Zaragoza','Educación Primaria (E.E.)','CESAR','PARDOS GONZALEZ','2007-08-12','Centro Privado de Educación Especial','ATADES, CENTRO DE EDUCACIÓN ESPECIAL SAN MARTÍN DE PORRES','out','ebo','continua',50007674),(44002,'2019/2020','Zaragoza','Educación Primaria (E.E.)','CESAR LORENZO','GIMENEZ OLIVER','2008-08-11','Centro Privado de Educación Especial','ATADES, CENTRO DE EDUCACIÓN ESPECIAL SAN MARTÍN DE PORRES','out','ebo','continua',50007674),(44003,'2019/2020','Zaragoza','Educación Primaria (E.E.)','CHRIS JOSEPH','TRUJILLO PEREZ','2011-07-28','Centro Privado de Educación Especial','LA PURÍSIMA PARA NIÑOS SORDOS','out','ebo','continua',50007376),(44004,'2019/2020','Zaragoza','Educación Primaria (E.E.)','CIRILO ALEJANDRO','MBO NCHAMA','2010-12-02','Colegio de Educación Especial','ALBORADA','out','ebo','continua',50010387),(44005,'2019/2020','Zaragoza','Educación Primaria (E.E.)','CRISTIAN','Escanero Gelpi','2011-10-31','Centro Privado de Educación Especial','LA PURÍSIMA PARA NIÑOS SORDOS','out','ebo','continua',50007376),(44006,'2019/2020','Zaragoza','Educación Primaria (E.E.)','CRISTIAN','HERNANDEZ CABRERA','2007-09-24','Centro Privado de Educación Especial','CEDES','out','ebo','continua',50008630),(44007,'2019/2020','Zaragoza','Educación Primaria (E.E.)','CRISTIAN','IGARZA CERULIA','2011-08-19','Colegio de Educación Especial','ALBORADA','out','ebo','continua',50010387),(44008,'2019/2020','Zaragoza','Educación Primaria (E.E.)','CRISTIAN','MEJÍAS HERNÁNDEZ','2005-06-29','Centro Privado de Educación Especial','MARÍA SORIANO','out','ebo','continua',50009646),(44009,'2019/2020','Zaragoza','Educación Primaria (E.E.)','Cristina','Giménez Giménez','2007-05-31','Centro Privado de Educación Especial','ATADES, CENTRO DE EDUCACIÓN ESPECIAL SAN MARTÍN DE PORRES','out','ebo','continua',50007674),(44010,'2019/2020','Zaragoza','Educación Primaria (E.E.)','Daniel','Gómez Aular','2009-08-15','Centro Privado de Educación Especial','LA PURÍSIMA PARA NIÑOS SORDOS','out','ebo','continua',50007376),(44011,'2019/2020','Zaragoza','Educación Primaria (E.E.)','Daniel','Lavilla Cortés','2013-03-18','Colegio de Educación Infantil y Primaria','RECTOR MAMÉS ESPERABÉ','out','ebo','continua',50008678),(44012,'2019/2020','Zaragoza','Educación Primaria (E.E.)','Daniel','MESEGUER SEBASTIAN','2010-04-18','Centro Privado de Educación Especial','LA PURÍSIMA PARA NIÑOS SORDOS','out','ebo','continua',50007376),(44013,'2019/2020','Zaragoza','Educación Primaria (E.E.)','Daniel','Ochoa Barreras','2012-01-14','Centro Privado de Educación Especial','LA PURÍSIMA PARA NIÑOS SORDOS','out','ebo','continua',50007376),(44014,'2019/2020','Zaragoza','Educación Primaria (E.E.)','Daniel','Rey Jiménez','2008-02-14','Colegio de Educación Especial','ANGEL RIVIÈRE','out','ebo','continua',50017369),(44015,'2019/2020','Zaragoza','Educación Primaria (E.E.)','Daniel','Rojano García','2011-06-09','Colegio de Educación Especial','ANGEL RIVIÈRE','out','ebo','continua',50017369),(44016,'2019/2020','Zaragoza','Educación Primaria (E.E.)','Daniela','Martínez Martínez','2007-08-25','Colegio de Educación Especial','RINCÓN DE GOYA','out','ebo','continua',50011537),(44017,'2019/2020','Zaragoza','Educación Primaria (E.E.)','David','Esteves Alves','2007-06-07','Colegio de Educación Especial','RINCÓN DE GOYA','out','ebo','continua',50011537),(44018,'2019/2020','Zaragoza','Educación Primaria (E.E.)','David','GRACIA LAGA','2009-04-13','Centro Privado de Educación Especial','LA PURÍSIMA PARA NIÑOS SORDOS','out','ebo','continua',50007376),(44019,'2019/2020','Zaragoza','Educación Primaria (E.E.)','David','Sánchez Herrando','2010-03-01','Centro Privado de Educación Especial','LOS PUEYOS','out','ebo','continua',50009488),(44020,'2019/2020','Zaragoza','Educación Primaria (E.E.)','Diana Paula','Paval','2008-09-24','Centro Privado de Educación Especial','LA PURÍSIMA PARA NIÑOS SORDOS','out','ebo','continua',50007376),(44021,'2019/2020','Zaragoza','Educación Primaria (E.E.)','DIEGO','ALASTUEY CAMPOS','2010-04-17','Centro Privado de Educación Especial','SAN GERMÁN','out','ebo','continua',50008915),(44022,'2019/2020','Zaragoza','Educación Primaria (E.E.)','DIEGO','BELLO CABRIA','2010-07-03','Centro Privado de Educación Especial','SAN GERMÁN','out','ebo','continua',50008915),(44023,'2019/2020','Zaragoza','Educación Primaria (E.E.)','DIEGO','BROCATE PLO','2010-10-24','Colegio de Educación Especial','ALBORADA','out','ebo','continua',50010387),(44024,'2019/2020','Zaragoza','Educación Primaria (E.E.)','DIEGO','FRANCO BORAO','2008-09-25','Centro Privado de Educación Especial','CEDES','out','ebo','continua',50008630),(44025,'2019/2020','Zaragoza','Educación Primaria (E.E.)','DIEGO','Osanz Gómez','2011-05-26','Colegio de Educación Infantil y Primaria','RECTOR MAMÉS ESPERABÉ','out','ebo','continua',50008678),(44026,'2019/2020','Zaragoza','Educación Primaria (E.E.)','DIEGO MUGUREL','ILIE','2009-04-30','Colegio de Educación Infantil y Primaria','CAMPO DE BORJA','out','ebo','continua',50000850),(44027,'2019/2020','Zaragoza','Educación Primaria (E.E.)','Diego Nicolae','Ionas','2009-01-04','Centro Privado de Educación Especial','LA PURÍSIMA PARA NIÑOS SORDOS','out','ebo','continua',50007376),(44028,'2019/2020','Zaragoza','Educación Primaria (E.E.)','Dilawar','HUSSAIN','2010-03-11','Centro Privado de Educación Especial','LA PURÍSIMA PARA NIÑOS SORDOS','out','ebo','continua',50007376),(44029,'2019/2020','Zaragoza','Educación Primaria (E.E.)','Eduardo','Sánchez Pérez','2011-01-11','Colegio de Educación Especial','RINCÓN DE GOYA','out','ebo','continua',50011537),(44030,'2019/2020','Zaragoza','Educación Primaria (E.E.)','EFRAH DEL','RIO DOMINGO','2009-10-25','Centro Privado de Educación Especial','LA PURÍSIMA PARA NIÑOS SORDOS','out','ebo','continua',50007376),(44031,'2019/2020','Zaragoza','Educación Primaria (E.E.)','EIDAN FRANCISCO','Rubio Lisbona','2011-03-21','Colegio de Educación Especial','JEAN PIAGET','out','ebo','continua',50018131),(44032,'2019/2020','Zaragoza','Educación Primaria (E.E.)','Elías','Iliev Petrov','2006-07-15','Centro Privado de Educación Especial','MARÍA SORIANO','out','ebo','continua',50009646),(44033,'2019/2020','Zaragoza','Educación Primaria (E.E.)','Elias Wael','ISSA ZAHRAN','2010-02-05','Centro Privado de Educación Especial','ATADES, CENTRO DE EDUCACIÓN ESPECIAL SAN MARTÍN DE PORRES','out','ebo','continua',50007674),(44034,'2019/2020','Zaragoza','Educación Primaria (E.E.)','Elisa Andreea','CAPRARU','2012-09-26','Colegio de Educación Especial','ALBORADA','out','ebo','continua',50010387),(44035,'2019/2020','Zaragoza','Educación Primaria (E.E.)','Elyas','Elmasouf','2013-10-04','Colegio de Educación Especial','SEGEDA','out','ebo','continua',50019408),(44036,'2019/2020','Zaragoza','Educación Primaria (E.E.)','Enrique','Jiménez Giménez','2004-01-10','Centro Privado de Educación Especial','MARÍA SORIANO','out','ebo','continua',50009646),(44037,'2019/2020','Zaragoza','Educación Primaria (E.E.)','ENZO','PASCUAL SANTOS','2011-01-07','Colegio de Educación Especial','RINCÓN DE GOYA','out','ebo','continua',50011537),(44038,'2019/2020','Zaragoza','Educación Primaria (E.E.)','ERIC','Marin Ocejo','2009-12-30','Colegio de Educación Especial','ANGEL RIVIÈRE','out','ebo','continua',50017369),(44039,'2019/2020','Zaragoza','Educación Primaria (E.E.)','ERIC MARIAN','Cismaru','2011-07-30','Colegio de Educación Especial','JEAN PIAGET','out','ebo','continua',50018131),(44040,'2019/2020','Zaragoza','Educación Primaria (E.E.)','Erik David','Yanez Quinatoa','2007-01-16','Colegio de Educación Infantil y Primaria','SAN BRAULIO','out','ebo','continua',50006128),(44041,'2019/2020','Zaragoza','Educación Primaria (E.E.)','Erika','Arantegui Palacín','2008-11-03','Centro Privado de Educación Especial','ATADES, CENTRO DE EDUCACIÓN ESPECIAL SAN MARTÍN DE PORRES','out','ebo','continua',50007674),(44042,'2019/2020','Zaragoza','Educación Primaria (E.E.)','Estela','Gracia Duato','2008-01-17','Colegio de Educación Infantil y Primaria','RECTOR MAMÉS ESPERABÉ','out','ebo','continua',50008678),(44043,'2019/2020','Zaragoza','Educación Primaria (E.E.)','FCO NICOLÁS','Martínez Balbuena','2008-03-03','Centro Privado de Educación Especial','ATADES, CENTRO DE EDUCACIÓN ESPECIAL SAN MARTÍN DE PORRES','out','ebo','continua',50007674),(44044,'2019/2020','Zaragoza','Educación Primaria (E.E.)','FERNANDO','FERNANDEZ HERNANDEZ','2009-08-18','Centro Privado de Educación Especial','LA PURÍSIMA PARA NIÑOS SORDOS','out','ebo','continua',50007376),(44045,'2019/2020','Zaragoza','Educación Primaria (E.E.)','FERNANDO','Posa Navarro','2012-02-20','Colegio de Educación Especial','JEAN PIAGET','out','ebo','continua',50018131),(44046,'2019/2020','Zaragoza','Educación Primaria (E.E.)','FLORIN EMILIAN','CHIRICA','2010-09-22','Centro Privado de Educación Especial','ATADES CENTRO DE EDUCACIÓN ESPECIAL SAN MARTÍN DE PORRES','out','ebo','continua',50007674),(44047,'2019/2020','Zaragoza','Educación Primaria (E.E.)','FRAN','LAZARO PEREZ','2011-07-15','Colegio de Educación Especial','RINCÓN DE GOYA','out','ebo','continua',50011537),(44048,'2019/2020','Zaragoza','Educación Primaria (E.E.)','FRANCISCO MANUEL','PEIXOTO TEIXEIRA','2012-10-09','Colegio de Educación Especial','ALBORADA','out','ebo','continua',50010387),(44049,'2019/2020','Zaragoza','Educación Primaria (E.E.)','GABRIEL','REGLERO LUCIANO OLIVEIRA','2010-01-31','Centro Privado de Educación Especial','CEDES','out','ebo','continua',50008630),(44050,'2019/2020','Zaragoza','Educación Primaria (E.E.)','GEORGII','Sandaliuk','2010-11-30','Colegio de Educación Especial','JEAN PIAGET','out','ebo','continua',50018131),(44051,'2019/2020','Zaragoza','Educación Primaria (E.E.)','Germán','Pina Gaya','2012-06-30','Centro Privado de Educación Especial','ATADES, CENTRO DE EDUCACIÓN ESPECIAL SAN MARTÍN DE PORRES','out','ebo','continua',50007674),(44052,'2019/2020','Zaragoza','Educación Primaria (E.E.)','GONZALO','Sagardoy Agudo','2011-02-05','Colegio de Educación Especial','JEAN PIAGET','out','ebo','continua',50018131),(44053,'2019/2020','Zaragoza','Educación Primaria (E.E.)','Guenael','Sanz Beltrán','2008-10-27','Colegio de Educación Especial','RINCÓN DE GOYA','out','ebo','continua',50011537),(44054,'2019/2020','Zaragoza','Educación Primaria (E.E.)','GUILLERMO JAVIER','ESTEVE ALBERO','2011-05-04','Centro Privado de Educación Especial','LA PURÍSIMA PARA NIÑOS SORDOS','out','ebo','continua',50007376),(44055,'2019/2020','Zaragoza','Educación Primaria (E.E.)','Hajjar','Daoud','2011-08-13','Colegio de Educación Especial','ANGEL RIVIÈRE','out','ebo','continua',50017369),(44056,'2019/2020','Zaragoza','Educación Primaria (E.E.)','HUGO','CEBOLLADA TALAYERO','2009-01-26','Colegio de Educación Especial','RINCÓN DE GOYA','out','ebo','continua',50011537),(44057,'2019/2020','Zaragoza','Educación Primaria (E.E.)','HUGO','GIMENEZ LOPEZ','2009-03-11','Centro Privado de Educación Especial','CEDES','out','ebo','continua',50008630),(44058,'2019/2020','Zaragoza','Educación Primaria (E.E.)','HUGO','Guerrero Hernando','2013-08-10','Centro Privado de Educación Especial','LA PURÍSIMA PARA NIÑOS SORDOS','out','ebo','continua',50007376),(44059,'2019/2020','Zaragoza','Educación Primaria (E.E.)','HUGO','LANZUELA RUBIO','2007-04-14','Centro Privado de Educación Especial','CEDES','out','ebo','continua',50008630),(44060,'2019/2020','Zaragoza','Educación Primaria (E.E.)','HUGO','RUIZ BAETA','2010-12-11','Centro Privado de Educación Especial','SAN GERMÁN','out','ebo','continua',50008915),(44061,'2019/2020','Zaragoza','Educación Primaria (E.E.)','IAN ALEXANDRU','RADULESCU','2012-06-07','Centro Privado de Educación Especial','SAN GERMÁN','out','ebo','continua',50008915),(44062,'2019/2020','Zaragoza','Educación Primaria (E.E.)','Ifeanyi','Ikwuoma','2008-10-02','Centro Privado de Educación Especial','ATADES, CENTRO DE EDUCACIÓN ESPECIAL SAN MARTÍN DE PORRES','out','ebo','continua',50007674),(44063,'2019/2020','Zaragoza','Educación Primaria (E.E.)','ILIANA','CARRASCO OTIN','2008-04-18','Centro Privado de Educación Especial','ATADES CENTRO DE EDUCACIÓN ESPECIAL SAN MARTÍN DE PORRES','out','ebo','continua',50007674),(44064,'2019/2020','Zaragoza','Educación Primaria (E.E.)','IMAN','BEN MRAD SAHRAOUI','2003-07-24','Centro Privado de Educación Especial','MARÍA SORIANO','out','ebo','continua',50009646),(44065,'2019/2020','Zaragoza','Educación Primaria (E.E.)','Irene','Arrese Pallarés','2011-07-21','Colegio de Educación Especial','ANGEL RIVIÈRE','out','ebo','continua',50017369),(44066,'2019/2020','Zaragoza','Educación Primaria (E.E.)','Irene','Serrano Santamaría','2012-02-24','Colegio de Educación Especial','RINCÓN DE GOYA','out','ebo','continua',50011537),(44067,'2019/2020','Zaragoza','Educación Primaria (E.E.)','ISAAC','NAVARRO BERGES','2013-07-09','Centro Privado de Educación Especial','LA PURÍSIMA PARA NIÑOS SORDOS','out','ebo','no continua',50007376),(44068,'2019/2020','Zaragoza','Educación Primaria (E.E.)','Isabel','Aina Gan','2004-12-01','Centro Privado de Educación Especial','MARÍA SORIANO','out','ebo','continua',50009646),(44069,'2019/2020','Zaragoza','Educación Primaria (E.E.)','ITZIAR','FERRER RUMBO','2007-03-17','Colegio de Educación Especial','RINCÓN DE GOYA','out','ebo','continua',50011537),(44070,'2019/2020','Zaragoza','Educación Primaria (E.E.)','Iván','Soria Peribañez','2010-09-20','Colegio de Educación Especial','ANGEL RIVIÈRE','out','ebo','continua',50017369),(44071,'2019/2020','Zaragoza','Educación Primaria (E.E.)','IVO IVAYLOV','TODOROV','2011-01-15','Colegio de Educación Especial','ALBORADA','out','ebo','continua',50010387),(44072,'2019/2020','Zaragoza','Educación Primaria (E.E.)','IZAN','García Marco','2009-03-06','Centro Privado de Educación Especial','ATADES, CENTRO DE EDUCACIÓN ESPECIAL SAN MARTÍN DE PORRES','out','ebo','continua',50007674),(44073,'2019/2020','Zaragoza','Educación Primaria (E.E.)','Jairo','López Jiménez','2012-03-07','Colegio de Educación Especial','ANGEL RIVIÈRE','out','ebo','continua',50017369),(44074,'2019/2020','Zaragoza','Educación Primaria (E.E.)','Jairo','Rodriguez Lafuente','2012-01-21','Colegio de Educación Especial','JEAN PIAGET','out','ebo','continua',50018131),(44075,'2019/2020','Zaragoza','Educación Primaria (E.E.)','Javier','ALONSO MARTINEZ','2009-04-13','Centro Privado de Educación Especial','LA PURÍSIMA PARA NIÑOS SORDOS','out','ebo','continua',50007376),(44076,'2019/2020','Zaragoza','Educación Primaria (E.E.)','JAWAD','BEGOUG','2013-07-09','Colegio de Educación Infantil y Primaria','SAN BRAULIO','out','ebo','continua',50006128),(44077,'2019/2020','Zaragoza','Educación Primaria (E.E.)','Jenifer','Gonçalves Dos Santos','2007-09-26','Colegio de Educación Infantil y Primaria','SAN BRAULIO','out','ebo','continua',50006128),(44078,'2019/2020','Zaragoza','Educación Primaria (E.E.)','JESÚS','GARCÍA ROS','2008-07-23','Centro Privado de Educación Especial','SAN GERMÁN','out','ebo','continua',50008915),(44079,'2019/2020','Zaragoza','Educación Primaria (E.E.)','Jiahao','LI','2011-10-19','Centro Privado de Educación Especial','LA PURÍSIMA PARA NIÑOS SORDOS','out','ebo','continua',50007376),(44080,'2019/2020','Zaragoza','Educación Primaria (E.E.)','Jimena','GARCÍA ÁLVAREZ','2008-11-12','Centro Privado de Educación Especial','LA PURÍSIMA PARA NIÑOS SORDOS','out','ebo','continua',50007376),(44081,'2019/2020','Zaragoza','Educación Primaria (E.E.)','Jimena','MOLINE CARBAJAL','2011-10-28','Centro Privado de Educación Especial','SAN GERMÁN','out','ebo','continua',50008915),(44082,'2019/2020','Zaragoza','Educación Primaria (E.E.)','Jinan','Elotmani','2013-10-16','Centro Privado de Educación Especial','LA PURÍSIMA PARA NIÑOS SORDOS','out','ebo','continua',50007376),(44083,'2019/2020','Zaragoza','Educación Primaria (E.E.)','Joel','Gabarre Pérez','2012-05-24','Colegio de Educación Especial','ANGEL RIVIÈRE','out','ebo','continua',50017369),(44084,'2019/2020','Zaragoza','Educación Primaria (E.E.)','Joel','González Toro','2008-02-28','Colegio de Educación Especial','JEAN PIAGET','out','ebo','continua',50018131),(44085,'2019/2020','Zaragoza','Educación Primaria (E.E.)','Joel','González Toro','2008-02-28','Centro Privado de Educación Especial','MARÍA SORIANO','out','ebo','no continua',50009646),(44086,'2019/2020','Zaragoza','Educación Primaria (E.E.)','Joel','MARÍN SEVILLA','2006-06-03','Centro Privado de Educación Especial','MARÍA SORIANO','out','ebo','continua',50009646),(44087,'2019/2020','Zaragoza','Educación Primaria (E.E.)','JOEL ALEJANDRO','REYES CASTILLO','2011-06-05','Colegio de Educación Infantil y Primaria','JULIÁN SANZ IBÁÑEZ','out','ebo','continua',50006049),(44088,'2019/2020','Zaragoza','Educación Primaria (E.E.)','JOHANA','SANTOS DE LAS HERAS','2008-08-08','Centro Privado de Educación Especial','CEDES','out','ebo','continua',50008630),(44089,'2019/2020','Zaragoza','Educación Primaria (E.E.)','Jonathan','PILIPENKO','2013-12-20','Colegio de Educación Infantil y Primaria','SAN BRAULIO','out','ebo','continua',50006128),(44090,'2019/2020','Zaragoza','Educación Primaria (E.E.)','JORGE','COCA ROYO','2012-07-17','Centro Privado de Educación Especial','LA PURÍSIMA PARA NIÑOS SORDOS','out','ebo','continua',50007376),(44091,'2019/2020','Zaragoza','Educación Primaria (E.E.)','JORGE','NEGRE ANTORÁN','2007-07-15','Centro Privado de Educación Especial','CEDES','out','ebo','continua',50008630),(44092,'2019/2020','Zaragoza','Educación Primaria (E.E.)','JORGE','Salvatierra Mayo','2011-04-05','Colegio de Educación Infantil y Primaria','RECTOR MAMÉS ESPERABÉ','out','ebo','continua',50008678),(44093,'2019/2020','Zaragoza','Educación Primaria (E.E.)','JORGE','Sierra Mené','2011-08-13','Colegio de Educación Especial','JEAN PIAGET','out','ebo','continua',50018131),(44094,'2019/2020','Zaragoza','Educación Primaria (E.E.)','JORGE','TRAID RUIZ','2010-01-28','Colegio de Educación Especial','ALBORADA','out','ebo','continua',50010387),(44095,'2019/2020','Zaragoza','Educación Primaria (E.E.)','Jorge Daniel','Peixoto Ribeiro','2009-01-30','Colegio de Educación Especial','RINCÓN DE GOYA','out','ebo','continua',50011537),(44096,'2019/2020','Zaragoza','Educación Primaria (E.E.)','Josabet','TEDESCO ALVARADO','2012-03-12','Centro Privado de Educación Especial','LA PURÍSIMA PARA NIÑOS SORDOS','out','ebo','continua',50007376),(44097,'2019/2020','Zaragoza','Educación Primaria (E.E.)','José','CARDIEL CALOMARDE','2008-12-31','Centro Privado de Educación Especial','CEDES','out','ebo','continua',50008630),(44098,'2019/2020','Zaragoza','Educación Primaria (E.E.)','JOSE','GABARRE GABARRE','2008-11-03','Centro Privado de Educación Especial','LA PURÍSIMA PARA NIÑOS SORDOS','out','ebo','continua',50007376),(44099,'2019/2020','Zaragoza','Educación Primaria (E.E.)','JOSE ANTONIO','ENEME ASOMO','2007-07-22','Centro Privado de Educación Especial','LOS PUEYOS','out','ebo','continua',50009488),(44100,'2019/2020','Zaragoza','Educación Primaria (E.E.)','JOSÉ MIGUEL','LIÉBANA CLAVERÍA','2011-04-09','Colegio de Educación Especial','RINCÓN DE GOYA','out','ebo','continua',50011537),(44101,'2019/2020','Zaragoza','Educación Primaria (E.E.)','Joseba','Ugarte Rodríguez','2010-03-06','Centro Privado de Educación Especial','ATADES, CENTRO DE EDUCACIÓN ESPECIAL SAN MARTÍN DE PORRES','out','ebo','continua',50007674),(44102,'2019/2020','Zaragoza','Educación Primaria (E.E.)','Joseph Steven','Rodríguez Romero','2007-01-28','Centro Privado de Educación Especial','ATADES, CENTRO DE EDUCACIÓN ESPECIAL SAN MARTÍN DE PORRES','out','ebo','continua',50007674),(44103,'2019/2020','Zaragoza','Educación Primaria (E.E.)','Juan','Benítez Pichaco','2011-05-22','Colegio de Educación Especial','SEGEDA','out','ebo','continua',50019408),(44104,'2019/2020','Zaragoza','Educación Primaria (E.E.)','JUAN JOSE','LAZARO SILVA','2008-05-30','Centro Privado de Educación Especial','CEDES','out','ebo','continua',50008630),(44105,'2019/2020','Zaragoza','Educación Primaria (E.E.)','JUAN JOSE','PEREZ ARANGO','2010-12-26','Centro Privado de Educación Especial','ATADES, CENTRO DE EDUCACIÓN ESPECIAL SAN MARTÍN DE PORRES','out','ebo','continua',50007674),(44106,'2019/2020','Zaragoza','Educación Primaria (E.E.)','Juan Luis','ESTEBAN NGUEMA','2005-10-14','Centro Privado de Educación Especial','LOS PUEYOS','out','ebo','continua',50009488),(44107,'2019/2020','Zaragoza','Educación Primaria (E.E.)','JUDA','Dual Mendoza','2010-06-28','Centro Privado de Educación Especial','MARÍA SORIANO','out','ebo','continua',50009646),(44108,'2019/2020','Zaragoza','Educación Primaria (E.E.)','JULIA','Blasco Soares','2011-04-15','Colegio de Educación Especial','JEAN PIAGET','out','ebo','continua',50018131),(44109,'2019/2020','Zaragoza','Educación Primaria (E.E.)','JULIA','GONZÁLEZ ANDRÉS','2004-12-15','Centro Privado de Educación Especial','MARÍA SORIANO','out','ebo','continua',50009646),(44110,'2019/2020','Zaragoza','Educación Primaria (E.E.)','Julián','Quirama de la Cruz','2009-04-19','Centro Privado de Educación Especial','ATADES, CENTRO DE EDUCACIÓN ESPECIAL SAN MARTÍN DE PORRES','out','ebo','continua',50007674),(44111,'2019/2020','Zaragoza','Educación Primaria (E.E.)','JUSTIN AARON','FAJARDO CHAVEZ','2010-07-22','Centro Privado de Educación Especial','LA PURÍSIMA PARA NIÑOS SORDOS','out','ebo','continua',50007376),(44112,'2019/2020','Zaragoza','Educación Primaria (E.E.)','JUSTIN ALEXANDER','LISO DE LOS SANTOS','2013-01-03','Centro Privado de Educación Especial','LA PURÍSIMA PARA NIÑOS SORDOS','out','ebo','continua',50007376),(44113,'2019/2020','Zaragoza','Educación Primaria (E.E.)','KAROL DANIELA','VARGAS MIRANDA','2002-11-21','Centro Privado de Educación Especial','MARÍA SORIANO','ebo','ebo','continua',50009646),(44114,'2019/2020','Zaragoza','Educación Primaria (E.E.)','Kevin Alexander','JIMENEZ RODRIGUEZ','2009-02-02','Centro Privado de Educación Especial','ATADES, CENTRO DE EDUCACIÓN ESPECIAL SAN MARTÍN DE PORRES','out','ebo','continua',50007674),(44115,'2019/2020','Zaragoza','Educación Primaria (E.E.)','Kuta Faustina','DEMBELE','2007-07-12','Centro Privado de Educación Especial','LA PURÍSIMA PARA NIÑOS SORDOS','out','ebo','continua',50007376),(44116,'2019/2020','Zaragoza','Educación Primaria (E.E.)','LAURA','Blasco Pueyo','2009-10-30','Colegio de Educación Especial','JEAN PIAGET','out','ebo','continua',50018131),(44117,'2019/2020','Zaragoza','Educación Primaria (E.E.)','LAURA','De Yarza González Lacarra','2009-08-04','Colegio de Educación Especial','JEAN PIAGET','out','ebo','continua',50018131),(44118,'2019/2020','Zaragoza','Educación Primaria (E.E.)','LAURA','Stanciu Martinez','2009-01-20','Centro Privado de Educación Especial','MARÍA SORIANO','out','ebo','continua',50009646),(44119,'2019/2020','Zaragoza','Educación Primaria (E.E.)','LAURA DELFINA','NSI NCHAMA','2008-04-20','Centro Privado de Educación Especial','LA PURÍSIMA PARA NIÑOS SORDOS','out','ebo','continua',50007376),(44120,'2019/2020','Zaragoza','Educación Primaria (E.E.)','Leonel Eduardo','Chulde Huanca','2011-07-05','Colegio de Educación Especial','ANGEL RIVIÈRE','out','ebo','continua',50017369),(44121,'2019/2020','Zaragoza','Educación Primaria (E.E.)','LEYRE','García Muñoz','2010-03-20','Centro Privado de Educación Especial','LA PURÍSIMA PARA NIÑOS SORDOS','out','ebo','no continua',50007376),(44122,'2019/2020','Zaragoza','Educación Primaria (E.E.)','LEYRE','Giménez Álvarez','2012-02-21','Centro Privado de Educación Especial','LA PURÍSIMA PARA NIÑOS SORDOS','out','ebo','continua',50007376),(44123,'2019/2020','Zaragoza','Educación Primaria (E.E.)','Limam','Yumani Hammi','2012-07-27','Colegio de Educación Infantil y Primaria','SAN BRAULIO','out','ebo','continua',50006128),(44124,'2019/2020','Zaragoza','Educación Primaria (E.E.)','Lizer','VICENTE GRACIA','2013-01-30','Colegio de Educación Especial','ALBORADA','out','ebo','continua',50010387),(44125,'2019/2020','Zaragoza','Educación Primaria (E.E.)','Lorena','Alcayne González','2008-01-26','Centro Privado de Educación Especial','ATADES CENTRO DE EDUCACIÓN ESPECIAL SAN MARTÍN DE PORRES','out','ebo','continua',50007674),(44126,'2019/2020','Zaragoza','Educación Primaria (E.E.)','Lorena','Ciocan','2007-05-16','Colegio de Educación Especial','RINCÓN DE GOYA','out','ebo','continua',50011537),(44127,'2019/2020','Zaragoza','Educación Primaria (E.E.)','Lorién','Negredo Calonge','2006-08-18','Centro Privado de Educación Especial','CEDES','out','ebo','continua',50008630),(44128,'2019/2020','Zaragoza','Educación Primaria (E.E.)','LUCAS','BRIANSO BUENO','2009-06-23','Centro Privado de Educación Especial','LA PURÍSIMA PARA NIÑOS SORDOS','out','ebo','continua',50007376),(44129,'2019/2020','Zaragoza','Educación Primaria (E.E.)','LUCAS','FERNÁNDEZ FOZ','2009-09-09','Colegio de Educación Especial','ALBORADA','out','ebo','continua',50010387),(44130,'2019/2020','Zaragoza','Educación Primaria (E.E.)','LUCAS','García Marco','2010-12-17','Centro Privado de Educación Especial','ATADES, CENTRO DE EDUCACIÓN ESPECIAL SAN MARTÍN DE PORRES','out','ebo','continua',50007674),(44131,'2019/2020','Zaragoza','Educación Primaria (E.E.)','Lucas Javier','Mojica Dinconiu','2012-10-19','Centro Privado de Educación Especial','CEDES','out','ebo','continua',50008630),(44132,'2019/2020','Zaragoza','Educación Primaria (E.E.)','LUCÍA','Abad Gálvez','2009-04-27','Colegio de Educación Especial','JEAN PIAGET','out','ebo','continua',50018131),(44133,'2019/2020','Zaragoza','Educación Primaria (E.E.)','Lucía','Díaz Gordo','2008-12-03','Colegio de Educación Especial','RINCÓN DE GOYA','out','ebo','continua',50011537),(44134,'2019/2020','Zaragoza','Educación Primaria (E.E.)','LUCIA','LUCAS QUINTANILLA','2012-12-17','Centro Privado de Educación Especial','MARÍA SORIANO','out','ebo','continua',50009646),(44135,'2019/2020','Zaragoza','Educación Primaria (E.E.)','LUCÍA','MENÉ NARTÍN','2013-06-27','Centro Privado de Educación Especial','LOS PUEYOS','out','ebo','continua',50009488),(44136,'2019/2020','Zaragoza','Educación Primaria (E.E.)','Lucía','SALINAS MORELLA','2012-10-24','Centro Privado de Educación Especial','ATADES, CENTRO DE EDUCACIÓN ESPECIAL SAN MARTÍN DE PORRES','out','ebo','continua',50007674),(44137,'2019/2020','Zaragoza','Educación Primaria (E.E.)','Luis','Saavedra Vanhauwaert','2013-09-02','Colegio de Educación Infantil y Primaria','JULIÁN SANZ IBÁÑEZ','out','ebo','continua',50006049),(44138,'2019/2020','Zaragoza','Educación Primaria (E.E.)','LUIS MIGUEL','PAREDES AGUILAR','2007-08-15','Centro Privado de Educación Especial','ATADES CENTRO DE EDUCACIÓN ESPECIAL SAN MARTÍN DE PORRES','out','ebo','continua',50007674),(44139,'2019/2020','Zaragoza','Educación Primaria (E.E.)','LUNA','Longas Martín','2008-08-06','Centro Privado de Educación Especial','CEDES','out','ebo','continua',50008630),(44140,'2019/2020','Zaragoza','Educación Primaria (E.E.)','Madeleine','Baladimas Cassiani','2009-11-10','Centro Privado de Educación Especial','ATADES, CENTRO DE EDUCACIÓN ESPECIAL SAN MARTÍN DE PORRES','out','ebo','continua',50007674),(44141,'2019/2020','Zaragoza','Educación Primaria (E.E.)','Magat','Ndao Feidor','2013-12-24','Colegio de Educación Especial','ANGEL RIVIÈRE','out','ebo','continua',50017369),(44142,'2019/2020','Zaragoza','Educación Primaria (E.E.)','Mamadou','MIMÉ DIEYE','2009-02-28','Colegio de Educación Especial','ALBORADA','out','ebo','continua',50010387),(44143,'2019/2020','Zaragoza','Educación Primaria (E.E.)','Manuel','MIANA GUERRERO','2008-12-11','Centro Privado de Educación Especial','CEDES','out','ebo','continua',50008630),(44144,'2019/2020','Zaragoza','Educación Primaria (E.E.)','Manuel Jesús','Navarro Flor','2008-05-26','Colegio de Educación Especial','SEGEDA','out','ebo','continua',50019408),(44145,'2019/2020','Zaragoza','Educación Primaria (E.E.)','MARA','ALONSO GARCES','2013-09-06','Colegio de Educación Especial','RINCÓN DE GOYA','out','ebo','continua',50011537),(44146,'2019/2020','Zaragoza','Educación Primaria (E.E.)','Marcos','BADÍA LUMBRERAS','2011-03-17','Colegio de Educación Especial','RINCÓN DE GOYA','out','ebo','continua',50011537),(44147,'2019/2020','Zaragoza','Educación Primaria (E.E.)','Marcos','Gracia Gil','2008-03-06','Centro Privado de Educación Especial','CEDES','out','ebo','continua',50008630),(44148,'2019/2020','Zaragoza','Educación Primaria (E.E.)','Marcos','Macai Barbu','2010-12-20','Colegio de Educación Especial','ANGEL RIVIÈRE','out','ebo','continua',50017369),(44149,'2019/2020','Zaragoza','Educación Primaria (E.E.)','Marcos','Martínez Lerena','2010-12-27','Colegio de Educación Especial','JEAN PIAGET','out','ebo','continua',50018131),(44150,'2019/2020','Zaragoza','Educación Primaria (E.E.)','Marcos','PARACUELLOS REBLET','2013-09-23','Colegio de Educación Especial','ALBORADA','out','ebo','continua',50010387),(44151,'2019/2020','Zaragoza','Educación Primaria (E.E.)','María','Colás Castrillo','2011-07-14','Centro Privado de Educación Especial','LA PURÍSIMA PARA NIÑOS SORDOS','out','ebo','continua',50007376),(44152,'2019/2020','Zaragoza','Educación Primaria (E.E.)','MARÍA','Gonzalvo de Gregorio','2008-06-02','Colegio de Educación Especial','JEAN PIAGET','out','ebo','continua',50018131),(44153,'2019/2020','Zaragoza','Educación Primaria (E.E.)','MARIA DE OBARRA','LAZARO IGLESIAS','2012-07-26','Colegio de Educación Especial','ALBORADA','out','ebo','continua',50010387),(44154,'2019/2020','Zaragoza','Educación Primaria (E.E.)','María Luisa','Gaspar Vallejo','2012-11-05','Centro Privado de Educación Especial','ATADES, CENTRO DE EDUCACIÓN ESPECIAL SAN MARTÍN DE PORRES','out','ebo','continua',50007674),(44155,'2019/2020','Zaragoza','Educación Primaria (E.E.)','MARÍA PILAR','FERRER ESCORIHUELA','2009-11-10','Centro Privado de Educación Especial','CEDES','out','ebo','continua',50008630),(44156,'2019/2020','Zaragoza','Educación Primaria (E.E.)','Marina','Alonso Santamaría','2010-11-05','Colegio de Educación Especial','ANGEL RIVIÈRE','out','ebo','continua',50017369),(44157,'2019/2020','Zaragoza','Educación Primaria (E.E.)','Marina','Jiménez Ara','2009-06-11','Colegio de Educación Especial','JEAN PIAGET','out','ebo','continua',50018131),(44158,'2019/2020','Zaragoza','Educación Primaria (E.E.)','Marina Andreea','Roman','2010-07-24','Centro Privado de Educación Especial','MARÍA SORIANO','out','ebo','continua',50009646),(44159,'2019/2020','Zaragoza','Educación Primaria (E.E.)','MARIO','García Ferrer','2010-10-17','Colegio de Educación Especial','ANGEL RIVIÈRE','out','ebo','continua',50017369),(44160,'2019/2020','Zaragoza','Educación Primaria (E.E.)','MARIO','GARCÍA PELAYO','2002-10-26','Centro Privado de Educación Especial','MARÍA SORIANO','ebo','ebo','continua',50009646),(44161,'2019/2020','Zaragoza','Educación Primaria (E.E.)','MARIO','Ramón Berduque','2009-03-03','Centro Privado de Educación Especial','CEDES','out','ebo','continua',50008630),(44162,'2019/2020','Zaragoza','Educación Primaria (E.E.)','Marisol Fernanda','Naulaguari Guambaña','2011-06-15','Centro Privado de Educación Especial','LA PURÍSIMA PARA NIÑOS SORDOS','out','ebo','continua',50007376),(44163,'2019/2020','Zaragoza','Educación Primaria (E.E.)','Marta','Escanilla Baena','2007-02-01','Colegio de Educación Especial','ANGEL RIVIÈRE','out','ebo','continua',50017369),(44164,'2019/2020','Zaragoza','Educación Primaria (E.E.)','Marta Elena','Padillo Yagual','2013-08-06','Colegio de Educación Especial','ANGEL RIVIÈRE','out','ebo','continua',50017369),(44165,'2019/2020','Zaragoza','Educación Primaria (E.E.)','Martín','Díaz Giménez','2004-10-02','Centro Privado de Educación Especial','MARÍA SORIANO','out','ebo','continua',50009646),(44166,'2019/2020','Zaragoza','Educación Primaria (E.E.)','Martin','MONASTERIO RODRIGO','2011-10-08','Centro Privado de Educación Especial','LA PURÍSIMA PARA NIÑOS SORDOS','out','ebo','continua',50007376),(44167,'2019/2020','Zaragoza','Educación Primaria (E.E.)','Martin Alejandro','Valderrama Vásquez','2011-08-25','Centro Privado de Educación Especial','ATADES, CENTRO DE EDUCACIÓN ESPECIAL SAN MARTÍN DE PORRES','out','ebo','continua',50007674),(44168,'2019/2020','Zaragoza','Educación Primaria (E.E.)','MARTINA','De Carranza Hernández','2010-11-10','Colegio de Educación Infantil y Primaria','SAN BRAULIO','out','ebo','continua',50006128),(44169,'2019/2020','Zaragoza','Educación Primaria (E.E.)','Mathias','SÁNCHEZ GALLEGO','2013-11-13','Colegio de Educación Especial','ALBORADA','out','ebo','no continua',50010387),(44170,'2019/2020','Zaragoza','Educación Primaria (E.E.)','Meriam','EL MAANAWI','2010-01-02','Colegio de Educación Especial','ALBORADA','out','ebo','continua',50010387),(44171,'2019/2020','Zaragoza','Educación Primaria (E.E.)','Miguel','Antón Bendicho','2010-11-30','Colegio de Educación Especial','SEGEDA','out','ebo','continua',50019408),(44172,'2019/2020','Zaragoza','Educación Primaria (E.E.)','Miguel','García Oscáriz','2010-06-13','Colegio de Educación Especial','JEAN PIAGET','out','ebo','continua',50018131),(44173,'2019/2020','Zaragoza','Educación Primaria (E.E.)','Miguel','GARICANO GUALLAR','2007-01-18','Centro Privado de Educación Especial','CEDES','out','ebo','continua',50008630),(44174,'2019/2020','Zaragoza','Educación Primaria (E.E.)','MIGUEL ANGEL','FERRERO BAUTISTA','2012-07-07','Colegio de Educación Infantil y Primaria','SAN BRAULIO','out','ebo','continua',50006128),(44175,'2019/2020','Zaragoza','Educación Primaria (E.E.)','Miguel José','PERALTA ALCONCHEL','2009-03-13','Centro Privado de Educación Especial','ATADES, CENTRO DE EDUCACIÓN ESPECIAL SAN MARTÍN DE PORRES','out','ebo','continua',50007674),(44176,'2019/2020','Zaragoza','Educación Primaria (E.E.)','Minerva Valentina','González Vera','2011-09-13','Centro Privado de Educación Especial','LA PURÍSIMA PARA NIÑOS SORDOS','out','ebo','continua',50007376),(44177,'2019/2020','Zaragoza','Educación Primaria (E.E.)','MIRANDA','Martínez González','2008-07-27','Colegio de Educación Especial','JEAN PIAGET','out','ebo','continua',50018131),(44178,'2019/2020','Zaragoza','Educación Primaria (E.E.)','Miriam','GIMENO RUZ','2010-05-11','Colegio de Educación Especial','ALBORADA','out','ebo','continua',50010387),(44179,'2019/2020','Zaragoza','Educación Primaria (E.E.)','Mohamed','Attif','2010-11-20','Colegio de Educación Infantil y Primaria','RECTOR MAMÉS ESPERABÉ','out','ebo','continua',50008678),(44180,'2019/2020','Zaragoza','Educación Primaria (E.E.)','Mohamed','Bokhari','2010-06-24','Centro Privado de Educación Especial','MARÍA SORIANO','out','ebo','continua',50009646),(44181,'2019/2020','Zaragoza','Educación Primaria (E.E.)','Mohamed','CHTIOUANE CULEA','2008-07-20','Colegio de Educación Infantil y Primaria','SAN BRAULIO','out','ebo','continua',50006128),(44182,'2019/2020','Zaragoza','Educación Primaria (E.E.)','MOHAMED ELIAS','BENHENNI TAYED','2011-12-03','Centro Privado de Educación Especial','LA PURÍSIMA PARA NIÑOS SORDOS','out','ebo','continua',50007376),(44183,'2019/2020','Zaragoza','Educación Primaria (E.E.)','MOHAMED FADEL','Errer Bouzeid','2009-01-25','Colegio de Educación Especial','JEAN PIAGET','out','ebo','continua',50018131),(44184,'2019/2020','Zaragoza','Educación Primaria (E.E.)','Mohamed Reda','El Khattabi','2008-06-12','Colegio de Educación Especial','RINCÓN DE GOYA','out','ebo','continua',50011537),(44185,'2019/2020','Zaragoza','Educación Primaria (E.E.)','MOHAMMED','LARHLID','2013-08-23','Centro Privado de Educación Especial','LA PURÍSIMA PARA NIÑOS SORDOS','out','ebo','continua',50007376),(44186,'2019/2020','Zaragoza','Educación Primaria (E.E.)','MOISES','GIMÉNEZ SORIANO','2008-05-01','Centro Privado de Educación Especial','LA PURÍSIMA PARA NIÑOS SORDOS','out','ebo','continua',50007376),(44187,'2019/2020','Zaragoza','Educación Primaria (E.E.)','MUSTAFA ABDELLAM','FATMI','2014-03-24','Colegio de Educación Especial','ALBORADA','out','ebo','continua',50010387),(44188,'2019/2020','Zaragoza','Educación Primaria (E.E.)','NADIA YOLANDA','ABOUHADDI LOMBARDI','2008-04-02','Centro Privado de Educación Especial','ATADES, CENTRO DE EDUCACIÓN ESPECIAL SAN MARTÍN DE PORRES','out','ebo','continua',50007674),(44189,'2019/2020','Zaragoza','Educación Primaria (E.E.)','NAIARA','GUILLEN VILLEGAS','2011-10-10','Centro Privado de Educación Especial','LA PURÍSIMA PARA NIÑOS SORDOS','out','ebo','continua',50007376),(44190,'2019/2020','Zaragoza','Educación Primaria (E.E.)','Natalia','Martín Jiménez','2011-05-09','Centro Privado de Educación Especial','LA PURÍSIMA PARA NIÑOS SORDOS','out','ebo','continua',50007376),(44191,'2019/2020','Zaragoza','Educación Primaria (E.E.)','Natou','Seck Melero','2012-03-15','Centro Privado de Educación Especial','ATADES, CENTRO DE EDUCACIÓN ESPECIAL SAN MARTÍN DE PORRES','out','ebo','continua',50007674),(44192,'2019/2020','Zaragoza','Educación Primaria (E.E.)','NAYARA','PEÑA CORTÉS','2009-08-02','Colegio de Educación Infantil y Primaria','JULIÁN SANZ IBÁÑEZ','out','ebo','continua',50006049),(44193,'2019/2020','Zaragoza','Educación Primaria (E.E.)','NAYARA','RODRIGUES ARELLANO','2008-03-12','Colegio de Educación Especial','ALBORADA','out','ebo','continua',50010387),(44194,'2019/2020','Zaragoza','Educación Primaria (E.E.)','Naylet Milagro','González Suárez','2007-12-21','Colegio de Educación Especial','ANGEL RIVIÈRE','out','ebo','continua',50017369),(44195,'2019/2020','Zaragoza','Educación Primaria (E.E.)','Nicolae','LIULEA','2008-11-30','Colegio de Educación Especial','ALBORADA','out','ebo','continua',50010387),(44196,'2019/2020','Zaragoza','Educación Primaria (E.E.)','Nicolás','Valencia Guillén','2011-04-26','Colegio de Educación Especial','ALBORADA','out','ebo','continua',50010387),(44197,'2019/2020','Zaragoza','Educación Primaria (E.E.)','NICOLAS BOGDAN','VICENTE GRACIA','2011-10-28','Centro Privado de Educación Especial','LA PURÍSIMA PARA NIÑOS SORDOS','out','ebo','continua',50007376),(44198,'2019/2020','Zaragoza','Educación Primaria (E.E.)','Nicolás Gael','Dávila Franco','2007-02-14','Colegio de Educación Especial','RINCÓN DE GOYA','out','ebo','continua',50011537),(44199,'2019/2020','Zaragoza','Educación Primaria (E.E.)','Óscar','González Bouzán','2013-09-10','Centro Privado de Educación Especial','LA PURÍSIMA PARA NIÑOS SORDOS','out','ebo','continua',50007376),(44200,'2019/2020','Zaragoza','Educación Primaria (E.E.)','ÓSCAR DANIEL','BERGES ARBUÉS','2006-01-09','Centro Privado de Educación Especial','CEDES','out','ebo','continua',50008630),(44201,'2019/2020','Zaragoza','Educación Primaria (E.E.)','PABLO','LALANZA TIESTOS','2008-02-10','Centro Privado de Educación Especial','LA PURÍSIMA PARA NIÑOS SORDOS','out','ebo','no continua',50007376),(44202,'2019/2020','Zaragoza','Educación Primaria (E.E.)','PABLO','TEMPRADO ZAPATA','2007-01-31','Centro Privado de Educación Especial','CEDES','out','ebo','continua',50008630),(44203,'2019/2020','Zaragoza','Educación Primaria (E.E.)','PAULA','BARÓN CUADRADO','2003-10-14','Centro Privado de Educación Especial','MARÍA SORIANO','out','ebo','continua',50009646),(44204,'2019/2020','Zaragoza','Educación Primaria (E.E.)','PAULA','ISASI DE ISASMENDI MODREGO','2011-01-13','Colegio de Educación Especial','ALBORADA','out','ebo','continua',50010387),(44205,'2019/2020','Zaragoza','Educación Primaria (E.E.)','PAULA','Miret Marín','2007-02-08','Colegio de Educación Especial','SEGEDA','out','ebo','continua',50019408),(44206,'2019/2020','Zaragoza','Educación Primaria (E.E.)','PAULA','MURILLO SÁNCHEZ','2013-08-28','Centro Privado de Educación Especial','SAN GERMÁN','out','ebo','continua',50008915),(44207,'2019/2020','Zaragoza','Educación Primaria (E.E.)','PENDA','KEBE DIOP','2008-11-09','Centro Privado de Educación Especial','ATADES, CENTRO DE EDUCACIÓN ESPECIAL SAN MARTÍN DE PORRES','out','ebo','continua',50007674),(44208,'2019/2020','Zaragoza','Educación Primaria (E.E.)','PILAR','Cervera Oroquieta','2007-09-27','Colegio de Educación Especial','ANGEL RIVIÈRE','out','ebo','continua',50017369),(44209,'2019/2020','Zaragoza','Educación Primaria (E.E.)','Rachel de la Caridad','Fernández Menéndez','2004-07-28','Centro Privado de Educación Especial','MARÍA SORIANO','out','ebo','continua',50009646),(44210,'2019/2020','Zaragoza','Educación Primaria (E.E.)','RAFAEL','Bautista Dual','2011-11-21','Colegio de Educación Especial','JEAN PIAGET','out','ebo','continua',50018131),(44211,'2019/2020','Zaragoza','Educación Primaria (E.E.)','RAFAEL','GIMÉNEZ COLMENERO','2009-01-30','Colegio de Educación Especial','ALBORADA','out','ebo','continua',50010387),(44212,'2019/2020','Zaragoza','Educación Primaria (E.E.)','Raúl','Cezón Iordache','2007-11-25','Colegio de Educación Especial','RINCÓN DE GOYA','out','ebo','continua',50011537),(44213,'2019/2020','Zaragoza','Educación Primaria (E.E.)','RICARDO','POYO POLO','2006-09-14','Centro Privado de Educación Especial','MARÍA SORIANO','out','ebo','continua',50009646),(44214,'2019/2020','Zaragoza','Educación Primaria (E.E.)','Richard Eduardo','RODRIGUEZ DE FREITAS','2013-05-20','Centro Privado de Educación Especial','ATADES, CENTRO DE EDUCACIÓN ESPECIAL SAN MARTÍN DE PORRES','out','ebo','continua',50007674),(44215,'2019/2020','Zaragoza','Educación Primaria (E.E.)','Robert Viorel','STANILA','2008-06-22','Centro Privado de Educación Especial','LA PURÍSIMA PARA NIÑOS SORDOS','out','ebo','continua',50007376),(44216,'2019/2020','Zaragoza','Educación Primaria (E.E.)','Roberto Carlos','Zamfirescu','2013-07-27','Centro Privado de Educación Especial','LA PURÍSIMA PARA NIÑOS SORDOS','out','ebo','continua',50007376),(44217,'2019/2020','Zaragoza','Educación Primaria (E.E.)','RODRIGO','FORNS NEBRA','2007-03-15','Centro Privado de Educación Especial','ATADES CENTRO DE EDUCACIÓN ESPECIAL SAN MARTÍN DE PORRES','out','ebo','continua',50007674),(44218,'2019/2020','Zaragoza','Educación Primaria (E.E.)','RONG JUN','HUANG','2009-06-17','Centro Privado de Educación Especial','LA PURÍSIMA PARA NIÑOS SORDOS','out','ebo','continua',50007376),(44219,'2019/2020','Zaragoza','Educación Primaria (E.E.)','Saelys','CHIRINO PEREZ','2011-12-16','Colegio de Educación Infantil y Primaria','SAN BRAULIO','out','ebo','continua',50006128),(44220,'2019/2020','Zaragoza','Educación Primaria (E.E.)','Salma','HAMHAM MEZOUAR','2008-12-02','Colegio de Educación Especial','ALBORADA','out','ebo','continua',50010387),(44221,'2019/2020','Zaragoza','Educación Primaria (E.E.)','SAMUEL','Peña Lora','2006-07-04','Centro Privado de Educación Especial','MARÍA SORIANO','out','ebo','continua',50009646),(44222,'2019/2020','Zaragoza','Educación Primaria (E.E.)','SANTIAGO','FUNES ARAGÜÉS','2011-09-26','Centro Privado de Educación Especial','LA PURÍSIMA PARA NIÑOS SORDOS','out','ebo','continua',50007376),(44223,'2019/2020','Zaragoza','Educación Primaria (E.E.)','SANTIAGO','Granados Senovilla','2012-09-05','Centro Privado de Educación Especial','LA PURÍSIMA PARA NIÑOS SORDOS','out','ebo','continua',50007376),(44224,'2019/2020','Zaragoza','Educación Primaria (E.E.)','SARA','Abboubi','2008-11-08','Colegio de Educación Especial','SEGEDA','out','ebo','continua',50019408),(44225,'2019/2020','Zaragoza','Educación Primaria (E.E.)','SARA','HERNÁNDEZ ÁLVAREZ','2009-11-08','Centro Privado de Educación Especial','LA PURÍSIMA PARA NIÑOS SORDOS','out','ebo','continua',50007376),(44226,'2019/2020','Zaragoza','Educación Primaria (E.E.)','SARA','Riad Mallouli','2007-07-27','Colegio de Educación Especial','SEGEDA','out','ebo','continua',50019408),(44227,'2019/2020','Zaragoza','Educación Primaria (E.E.)','SARA','TOMAS COARASA','2010-11-30','Centro Privado de Educación Especial','LA PURÍSIMA PARA NIÑOS SORDOS','out','ebo','continua',50007376),(44228,'2019/2020','Zaragoza','Educación Primaria (E.E.)','SASHA VICTORIA','VIDAL VERNAZA','2010-10-06','Centro Privado de Educación Especial','MARÍA SORIANO','out','ebo','continua',50009646),(44229,'2019/2020','Zaragoza','Educación Primaria (E.E.)','SAÚL','SÁENZ OLIVA','2004-09-07','Centro Privado de Educación Especial','MARÍA SORIANO','out','ebo','continua',50009646),(44230,'2019/2020','Zaragoza','Educación Primaria (E.E.)','Sebastian','Petre','2013-07-15','Colegio de Educación Especial','SEGEDA','out','ebo','continua',50019408),(44231,'2019/2020','Zaragoza','Educación Primaria (E.E.)','SERGIO MANUEL','CARRILLO MARADIAGA','2007-06-13','Centro Privado de Educación Especial','SAN GERMÁN','out','ebo','continua',50008915),(44232,'2019/2020','Zaragoza','Educación Primaria (E.E.)','Sila','MOHAMMAD MUSA QAWASMI','2011-12-08','Colegio de Educación Especial','ALBORADA','out','ebo','continua',50010387),(44233,'2019/2020','Zaragoza','Educación Primaria (E.E.)','Silas','BAFFOE','2012-11-21','Centro Privado de Educación Especial','ATADES CENTRO DE EDUCACIÓN ESPECIAL SAN MARTÍN DE PORRES','out','ebo','continua',50007674),(44234,'2019/2020','Zaragoza','Educación Primaria (E.E.)','SONIA','NIEVA ZAMPARO','2007-08-27','Centro Privado de Educación Especial','CEDES','out','ebo','continua',50008630),(44235,'2019/2020','Zaragoza','Educación Primaria (E.E.)','Tenifing','Coulibaly','2012-09-26','Colegio de Educación Especial','ANGEL RIVIÈRE','out','ebo','continua',50017369),(44236,'2019/2020','Zaragoza','Educación Primaria (E.E.)','Tristán','Zúñiga Mateo','2007-10-30','Centro Privado de Educación Especial','ATADES, CENTRO DE EDUCACIÓN ESPECIAL SAN MARTÍN DE PORRES','out','ebo','continua',50007674),(44237,'2019/2020','Zaragoza','Educación Primaria (E.E.)','Ulises','Manjarres Delgado','2011-06-23','Centro Privado de Educación Especial','LA PURÍSIMA PARA NIÑOS SORDOS','out','ebo','continua',50007376),(44238,'2019/2020','Zaragoza','Educación Primaria (E.E.)','Valentina','Vallejo Vicente','2007-12-13','Centro Privado de Educación Especial','ATADES, CENTRO DE EDUCACIÓN ESPECIAL SAN MARTÍN DE PORRES','out','ebo','continua',50007674),(44239,'2019/2020','Zaragoza','Educación Primaria (E.E.)','Valeria','Salas Sanz','2010-09-19','Colegio de Educación Especial','ALBORADA','out','ebo','continua',50010387),(44240,'2019/2020','Zaragoza','Educación Primaria (E.E.)','VALERIA NIKOLLE','SALGADO CERRITO','2010-06-18','Centro Privado de Educación Especial','LA PURÍSIMA PARA NIÑOS SORDOS','out','ebo','continua',50007376),(44241,'2019/2020','Zaragoza','Educación Primaria (E.E.)','Vega','Huerta Yus','2013-10-23','Centro Privado de Educación Especial','LA PURÍSIMA PARA NIÑOS SORDOS','out','ebo','continua',50007376),(44242,'2019/2020','Zaragoza','Educación Primaria (E.E.)','VERA','Martín Rubio','2011-04-11','Colegio de Educación Especial','JEAN PIAGET','out','ebo','continua',50018131),(44243,'2019/2020','Zaragoza','Educación Primaria (E.E.)','VERA','NICOLAU BORRUEL','2009-09-16','Colegio de Educación Especial','ALBORADA','out','ebo','continua',50010387),(44244,'2019/2020','Zaragoza','Educación Primaria (E.E.)','VERA','Sánchez Cartié','2009-05-29','Colegio de Educación Especial','JEAN PIAGET','out','ebo','continua',50018131),(44245,'2019/2020','Zaragoza','Educación Primaria (E.E.)','VÍCTOR REMIEL','MEDA OPARA','2008-02-20','Centro Privado de Educación Especial','ATADES, CENTRO DE EDUCACIÓN ESPECIAL SAN MARTÍN DE PORRES','out','ebo','continua',50007674),(44246,'2019/2020','Zaragoza','Educación Primaria (E.E.)','Viorel Gabriel','ANDREI','2010-04-24','Centro Privado de Educación Especial','LOS PUEYOS','out','ebo','continua',50009488),(44247,'2019/2020','Zaragoza','Educación Primaria (E.E.)','Yaizza Angela','PACOMPIA GOMEZ','2007-10-06','Centro Privado de Educación Especial','ATADES CENTRO DE EDUCACIÓN ESPECIAL SAN MARTÍN DE PORRES','out','ebo','continua',50007674),(44248,'2019/2020','Zaragoza','Educación Primaria (E.E.)','Yenaba','Sadiakhou','2013-06-27','Colegio de Educación Infantil y Primaria','RECTOR MAMÉS ESPERABÉ','out','ebo','continua',50008678),(44249,'2019/2020','Zaragoza','Educación Primaria (E.E.)','Yerik','Abadía Borja','2012-03-22','Colegio de Educación Especial','SEGEDA','out','ebo','continua',50019408),(44250,'2019/2020','Zaragoza','Educación Primaria (E.E.)','Yoana','Teodorova Hristova','2012-10-01','Colegio de Educación Especial','RINCÓN DE GOYA','out','ebo','continua',50011537),(44251,'2019/2020','Zaragoza','Educación Primaria (E.E.)','Yousef','Lessel Gracia','2009-09-28','Centro Privado de Educación Especial','MARÍA SORIANO','out','ebo','continua',50009646),(44252,'2019/2020','Zaragoza','Educación Primaria (E.E.)','Youssef','Laghraibi','2010-09-16','Colegio de Educación Infantil y Primaria','RECTOR MAMÉS ESPERABÉ','out','ebo','continua',50008678),(44253,'2019/2020','Zaragoza','E.S.O. (E.E.)','Aarón','Guerrero Julian','2002-03-07','Colegio de Educación Especial','RINCÓN DE GOYA','ebo','tva','continua',50011537),(44254,'2019/2020','Zaragoza','E.S.O. (E.E.)','Aaron','Marco Poves','2002-10-30','Centro Privado de Educación Especial','ATADES, CENTRO DE EDUCACIÓN ESPECIAL SAN MARTÍN DE PORRES','ebo','tva','continua',50007674),(44255,'2019/2020','Zaragoza','E.S.O. (E.E.)','Abdelkader','KORCHI','2005-01-22','Centro Privado de Educación Especial','ATADES, CENTRO DE EDUCACIÓN ESPECIAL SAN MARTÍN DE PORRES','out','ebo','continua',50007674),(44256,'2019/2020','Zaragoza','E.S.O. (E.E.)','Abdoul','Cham Touray','2005-05-13','Colegio de Educación Especial','SEGEDA','out','ebo','continua',50019408),(44257,'2019/2020','Zaragoza','E.S.O. (E.E.)','ABEL','Granados Bielsa','2004-01-08','Colegio de Educación Especial','JEAN PIAGET','out','ebo','continua',50018131),(44258,'2019/2020','Zaragoza','E.S.O. (E.E.)','Abigail','Jimenez Gimenez','2002-05-26','Centro Privado de Educación Especial','ATADES CENTRO DE EDUCACIÓN ESPECIAL SAN MARTÍN DE PORRES','ebo','tva','continua',50007674),(44259,'2019/2020','Zaragoza','E.S.O. (E.E.)','ABRAHAM','Hernández Giménez','2005-11-20','Colegio de Educación Especial','JEAN PIAGET','out','ebo','continua',50018131),(44260,'2019/2020','Zaragoza','E.S.O. (E.E.)','Adolfo','CLAVERÍA DUAL','2004-02-04','Colegio de Educación Especial','ALBORADA','out','ebo','continua',50010387),(44261,'2019/2020','Zaragoza','E.S.O. (E.E.)','ADRIÁN','Aranda Montañés','2005-09-20','Colegio de Educación Especial','JEAN PIAGET','out','ebo','continua',50018131),(44262,'2019/2020','Zaragoza','E.S.O. (E.E.)','ADRIÁN','Díaz Lagares','2006-10-26','Colegio de Educación Especial','JEAN PIAGET','out','ebo','continua',50018131),(44263,'2019/2020','Zaragoza','E.S.O. (E.E.)','ADRIANA','ANDRES GINES','2006-12-03','Colegio de Educación Especial','RINCÓN DE GOYA','out','ebo','continua',50011537),(44264,'2019/2020','Zaragoza','E.S.O. (E.E.)','ADRIANA','Carranza Ortín','2006-12-11','Colegio de Educación Especial','JEAN PIAGET','out','ebo','continua',50018131),(44265,'2019/2020','Zaragoza','E.S.O. (E.E.)','Aimar Sifang','Sarabia Oriol','2005-02-01','Colegio de Educación Especial','ANGEL RIVIÈRE','out','ebo','continua',50017369),(44266,'2019/2020','Zaragoza','E.S.O. (E.E.)','Aitana','Guajardo León','2002-05-11','Colegio de Educación Especial','ANGEL RIVIÈRE','ebo','tva','continua',50017369),(44267,'2019/2020','Zaragoza','E.S.O. (E.E.)','Aitana','Ruiz Bernad','2003-09-23','Colegio de Educación Especial','ALBORADA','out','ebo','continua',50010387),(44268,'2019/2020','Zaragoza','E.S.O. (E.E.)','ALBA','Beltrán Navarro','2002-11-30','Centro Privado de Educación Especial','ATADES, CENTRO DE EDUCACIÓN ESPECIAL SAN MARTÍN DE PORRES','ebo','tva','continua',50007674),(44269,'2019/2020','Zaragoza','E.S.O. (E.E.)','ALBA','Campo Franca','2003-05-11','Colegio de Educación Especial','JEAN PIAGET','out','ebo','continua',50018131),(44270,'2019/2020','Zaragoza','E.S.O. (E.E.)','ALBA','Cánovas Gutiérrez','2003-05-29','Centro Privado de Educación Especial','ATADES, CENTRO DE EDUCACIÓN ESPECIAL SAN MARTÍN DE PORRES','out','ebo','continua',50007674),(44271,'2019/2020','Zaragoza','E.S.O. (E.E.)','ALBA','Franco Pisa','2002-10-01','Colegio de Educación Especial','ANGEL RIVIÈRE','ebo','tva','continua',50017369),(44272,'2019/2020','Zaragoza','E.S.O. (E.E.)','ALBA','Hernández Pedrosa','2002-02-22','Centro Privado de Educación Especial','CEDES','ebo','tva','continua',50008630),(44273,'2019/2020','Zaragoza','E.S.O. (E.E.)','ALBA','Miñana Franco','2003-01-13','Colegio de Educación Especial','JEAN PIAGET','out','ebo','continua',50018131),(44274,'2019/2020','Zaragoza','E.S.O. (E.E.)','ALBERT CRISTIAN','BUZATU','2006-10-30','Colegio de Educación Especial','ALBORADA','out','ebo','continua',50010387),(44275,'2019/2020','Zaragoza','E.S.O. (E.E.)','Alejandra','CEPRIÁN NERVIÓN','2004-02-05','Colegio de Educación Especial','ALBORADA','out','ebo','continua',50010387),(44276,'2019/2020','Zaragoza','E.S.O. (E.E.)','Alejandro','Campaña Ortega','2003-01-03','Colegio de Educación Especial','JEAN PIAGET','out','ebo','continua',50018131),(44277,'2019/2020','Zaragoza','E.S.O. (E.E.)','Alejandro','Ibáñez Pardos','2002-10-14','Centro Privado de Educación Especial','LOS PUEYOS','ebo','tva','continua',50009488),(44278,'2019/2020','Zaragoza','E.S.O. (E.E.)','Alejandro','ORTÍN LUÑO','2002-08-08','Centro Privado de Educación Especial','ATADES, CENTRO DE EDUCACIÓN ESPECIAL SAN MARTÍN DE PORRES','ebo','tva','continua',50007674),(44279,'2019/2020','Zaragoza','E.S.O. (E.E.)','Alejandro','PARACUELLOS JIMÉNEZ','2007-07-02','Centro Privado de Educación Especial','LA PURÍSIMA PARA NIÑOS SORDOS','out','ebo','continua',50007376),(44280,'2019/2020','Zaragoza','E.S.O. (E.E.)','Alejandro','Pérez Báguena','2003-06-09','Colegio de Educación Especial','JEAN PIAGET','out','ebo','continua',50018131),(44281,'2019/2020','Zaragoza','E.S.O. (E.E.)','Alejandro','SABIO LOPEZ','2003-07-18','Centro Privado de Educación Especial','CEDES','out','ebo','continua',50008630),(44282,'2019/2020','Zaragoza','E.S.O. (E.E.)','Alejandro','Simón Gracia','2005-12-15','Colegio de Educación Especial','JEAN PIAGET','out','ebo','continua',50018131),(44283,'2019/2020','Zaragoza','E.S.O. (E.E.)','Alejandro Daniel','GUTIÉRREZ SÁNCHEZ','2005-10-25','Colegio de Educación Especial','ALBORADA','out','ebo','continua',50010387),(44284,'2019/2020','Zaragoza','E.S.O. (E.E.)','ALESANDRO MANUEL','Lores Martínez','2006-01-27','Colegio de Educación Especial','JEAN PIAGET','out','ebo','continua',50018131),(44285,'2019/2020','Zaragoza','E.S.O. (E.E.)','Alexandru','Stefan','2003-02-14','Colegio de Educación Especial','RINCÓN DE GOYA','out','tva','continua',50011537),(44286,'2019/2020','Zaragoza','E.S.O. (E.E.)','Alexia Raluca','Tudor','2003-02-09','Centro Privado de Educación Especial','ATADES, CENTRO DE EDUCACIÓN ESPECIAL SAN MARTÍN DE PORRES','out','ebo','continua',50007674),(44287,'2019/2020','Zaragoza','E.S.O. (E.E.)','Alvaro','Idoype Bonilla','2004-11-02','Centro Privado de Educación Especial','LOS PUEYOS','out','ebo','continua',50009488),(44288,'2019/2020','Zaragoza','E.S.O. (E.E.)','Aly','Cisse Conteh','2006-03-23','Centro Privado de Educación Especial','ATADES, CENTRO DE EDUCACIÓN ESPECIAL SAN MARTÍN DE PORRES','out','ebo','continua',50007674),(44289,'2019/2020','Zaragoza','E.S.O. (E.E.)','Amanda','Ruenz Sacristán','2005-09-09','Centro Privado de Educación Especial','ATADES, CENTRO DE EDUCACIÓN ESPECIAL SAN MARTÍN DE PORRES','out','ebo','continua',50007674),(44290,'2019/2020','Zaragoza','E.S.O. (E.E.)','ANA','Blanco Badal','2003-05-05','Colegio de Educación Especial','JEAN PIAGET','out','ebo','continua',50018131),(44291,'2019/2020','Zaragoza','E.S.O. (E.E.)','Ana Mercedes','Miravete Castañeda','2003-05-23','Centro Privado de Educación Especial','CEDES','out','ebo','continua',50008630),(44292,'2019/2020','Zaragoza','E.S.O. (E.E.)','Anastasia','Nepeyvoda','2005-01-05','Colegio de Educación Infantil y Primaria','CAMPO DE BORJA','out','ebo','continua',50000850),(44293,'2019/2020','Zaragoza','E.S.O. (E.E.)','ANDREA','Londoño Martín','2003-09-30','Colegio de Educación Especial','JEAN PIAGET','out','ebo','continua',50018131),(44294,'2019/2020','Zaragoza','E.S.O. (E.E.)','ANDRII','Nepeyvoda','2003-02-03','Colegio de Educación Infantil y Primaria','CAMPO DE BORJA','out','ebo','continua',50000850),(44295,'2019/2020','Zaragoza','E.S.O. (E.E.)','Andriu Joshua','Rodríguez Correa','2006-05-05','Centro Privado de Educación Especial','LA PURÍSIMA PARA NIÑOS SORDOS','out','ebo','continua',50007376),(44296,'2019/2020','Zaragoza','E.S.O. (E.E.)','Ángel','HERNÁNDEZ HERNÁNDEZ','2004-08-10','Centro Privado de Educación Especial','ATADES CENTRO DE EDUCACIÓN ESPECIAL SAN MARTÍN DE PORRES','out','ebo','continua',50007674),(44297,'2019/2020','Zaragoza','E.S.O. (E.E.)','Angel José','MERIÑO AMADOR','2005-08-05','Centro Privado de Educación Especial','ATADES CENTRO DE EDUCACIÓN ESPECIAL SAN MARTÍN DE PORRES','out','ebo','continua',50007674),(44298,'2019/2020','Zaragoza','E.S.O. (E.E.)','Ariadna','DELGADO VALENCIA','2004-03-19','Colegio de Educación Especial','RINCÓN DE GOYA','out','ebo','continua',50011537),(44299,'2019/2020','Zaragoza','E.S.O. (E.E.)','Ariana','IMAS CAMPO','2004-01-07','Colegio de Educación Especial','ALBORADA','out','ebo','continua',50010387),(44300,'2019/2020','Zaragoza','E.S.O. (E.E.)','ARTEM','Nepeyvoda','2006-08-17','Colegio de Educación Infantil y Primaria','CAMPO DE BORJA','out','ebo','continua',50000850),(44301,'2019/2020','Zaragoza','E.S.O. (E.E.)','Axier','Lázaro Aguilar','2003-11-12','Centro Privado de Educación Especial','LOS PUEYOS','out','ebo','continua',50009488),(44302,'2019/2020','Zaragoza','E.S.O. (E.E.)','Ayoub','EL GHOUFAIRI EL GHOUFAIRI','2003-08-25','Centro Privado de Educación Especial','LA PURÍSIMA PARA NIÑOS SORDOS','out','ebo','no continua',50007376),(44303,'2019/2020','Zaragoza','E.S.O. (E.E.)','BEATRIZ','Forcada Mainar','2004-05-16','Colegio de Educación Especial','JEAN PIAGET','out','ebo','continua',50018131),(44304,'2019/2020','Zaragoza','E.S.O. (E.E.)','Beckham Napoleón','Oke Olayinka','2004-05-11','Colegio de Educación Especial','SEGEDA','out','ebo','continua',50019408),(44305,'2019/2020','Zaragoza','E.S.O. (E.E.)','Belén','Gálvez Borbón','2004-12-12','Centro Privado de Educación Especial','ATADES, CENTRO DE EDUCACIÓN ESPECIAL SAN MARTÍN DE PORRES','out','ebo','continua',50007674),(44306,'2019/2020','Zaragoza','E.S.O. (E.E.)','Bianca Patricia','Teodosiu','2003-08-29','Centro Privado de Educación Especial','ATADES, CENTRO DE EDUCACIÓN ESPECIAL SAN MARTÍN DE PORRES','out','ebo','continua',50007674),(44307,'2019/2020','Zaragoza','E.S.O. (E.E.)','BLESSING','FORD','2007-09-12','Centro Privado de Educación Especial','LA PURÍSIMA PARA NIÑOS SORDOS','out','ebo','continua',50007376),(44308,'2019/2020','Zaragoza','E.S.O. (E.E.)','Brandon David','Blandon Rocha','2006-11-15','Centro Privado de Educación Especial','SAN GERMÁN','out','ebo','continua',50008915),(44309,'2019/2020','Zaragoza','E.S.O. (E.E.)','BRAYAN','Abadía Borja','2005-04-01','Colegio de Educación Especial','SEGEDA','out','ebo','continua',50019408),(44310,'2019/2020','Zaragoza','E.S.O. (E.E.)','Camila Nicole','Antezana Blanco','2006-07-20','Colegio de Educación Especial','ALBORADA','out','ebo','continua',50010387),(44311,'2019/2020','Zaragoza','E.S.O. (E.E.)','CARLA','CALAHORRA ANSON','2003-03-05','Centro Privado de Educación Especial','LOS PUEYOS','out','ebo','continua',50009488),(44312,'2019/2020','Zaragoza','E.S.O. (E.E.)','CARLA','Delgado De Castro','2004-02-18','Colegio de Educación Especial','ANGEL RIVIÈRE','out','ebo','continua',50017369),(44313,'2019/2020','Zaragoza','E.S.O. (E.E.)','CARLA','Guajardo Ruiz','2006-03-03','Colegio de Educación Especial','JEAN PIAGET','out','ebo','continua',50018131),(44314,'2019/2020','Zaragoza','E.S.O. (E.E.)','CARLOS','Cicuendez Binaburo','2005-10-05','Centro Privado de Educación Especial','ATADES, CENTRO DE EDUCACIÓN ESPECIAL SAN MARTÍN DE PORRES','out','ebo','continua',50007674),(44315,'2019/2020','Zaragoza','E.S.O. (E.E.)','Carlos Enrique','TAPIA MÁRQUEZ','2002-03-30','Colegio de Educación Especial','ALBORADA','ebo','tva','continua',50010387),(44316,'2019/2020','Zaragoza','E.S.O. (E.E.)','CARMEN','SALVADOR ARBOLEDA','2004-08-04','Centro Privado de Educación Especial','ATADES, CENTRO DE EDUCACIÓN ESPECIAL SAN MARTÍN DE PORRES','out','ebo','continua',50007674),(44317,'2019/2020','Zaragoza','E.S.O. (E.E.)','CARMEN CRISTINA','CAJAS BERNAL','2004-04-19','Centro Privado de Educación Especial','LA PURÍSIMA PARA NIÑOS SORDOS','out','ebo','no continua',50007376),(44318,'2019/2020','Zaragoza','E.S.O. (E.E.)','Carmen María','Díez Galindo','2004-05-30','Centro Privado de Educación Especial','ATADES, CENTRO DE EDUCACIÓN ESPECIAL SAN MARTÍN DE PORRES','out','ebo','continua',50007674),(44319,'2019/2020','Zaragoza','E.S.O. (E.E.)','CESAR','GRACIA MBANG','2004-01-18','Centro Privado de Educación Especial','LOS PUEYOS','out','ebo','continua',50009488),(44320,'2019/2020','Zaragoza','E.S.O. (E.E.)','Chaimaa','JAIDAR','2002-03-31','Colegio de Educación Especial','RINCÓN DE GOYA','ebo','tva','continua',50011537),(44321,'2019/2020','Zaragoza','E.S.O. (E.E.)','CLARA ROSA','SALGADO CERRITO','2006-10-11','Centro Privado de Educación Especial','LA PURÍSIMA PARA NIÑOS SORDOS','out','ebo','continua',50007376),(44322,'2019/2020','Zaragoza','E.S.O. (E.E.)','CLAUDIA','LÓPEZ HERNÁNDEZ','2004-06-20','Colegio de Educación Especial','ALBORADA','out','ebo','continua',50010387),(44323,'2019/2020','Zaragoza','E.S.O. (E.E.)','CLAUDIA','SALAS MARTÍN','2006-07-03','Centro Privado de Educación Especial','LA PURÍSIMA PARA NIÑOS SORDOS','out','ebo','no continua',50007376),(44324,'2019/2020','Zaragoza','E.S.O. (E.E.)','CRISTIAN','BONILLA ACEDO','2005-11-30','Centro Privado de Educación Especial','CEDES','out','ebo','continua',50008630),(44325,'2019/2020','Zaragoza','E.S.O. (E.E.)','CRISTIAN','Guillén Rey','2003-02-08','Colegio de Educación Especial','JEAN PIAGET','out','ebo','continua',50018131),(44326,'2019/2020','Zaragoza','E.S.O. (E.E.)','CRISTIAN','Martín Abad','2005-08-27','Centro Privado de Educación Especial','ATADES, CENTRO DE EDUCACIÓN ESPECIAL SAN MARTÍN DE PORRES','out','ebo','continua',50007674),(44327,'2019/2020','Zaragoza','E.S.O. (E.E.)','CRISTIAN','NEGREDO CALVERA','2002-11-29','Centro Privado de Educación Especial','MARÍA SORIANO','ebo','ebo','continua',50009646),(44328,'2019/2020','Zaragoza','E.S.O. (E.E.)','CRISTIAN','Roldán Blanco','2003-10-10','Centro Privado de Educación Especial','CEDES','out','ebo','continua',50008630),(44329,'2019/2020','Zaragoza','E.S.O. (E.E.)','Cristina','Yobano Yobano','2006-09-20','Colegio de Educación Especial','RINCÓN DE GOYA','out','ebo','continua',50011537),(44330,'2019/2020','Zaragoza','E.S.O. (E.E.)','Daniel','Díaz Chavero','2004-10-09','Centro Privado de Educación Especial','LOS PUEYOS','out','ebo','continua',50009488),(44331,'2019/2020','Zaragoza','E.S.O. (E.E.)','Daniel','Heredia Albitre','2004-05-11','Colegio de Educación Especial','JEAN PIAGET','out','ebo','continua',50018131),(44332,'2019/2020','Zaragoza','E.S.O. (E.E.)','Daniel','RODRIGUEZ TEJADA','2002-08-12','Centro Privado de Educación Especial','CEDES','ebo','tva','continua',50008630),(44333,'2019/2020','Zaragoza','E.S.O. (E.E.)','Daniela','Cuartero Ansó','2002-05-04','Centro Privado de Educación Especial','ATADES, CENTRO DE EDUCACIÓN ESPECIAL SAN MARTÍN DE PORRES','ebo','tva','continua',50007674),(44334,'2019/2020','Zaragoza','E.S.O. (E.E.)','Darío','Bernués Polo','2004-11-08','Centro Privado de Educación Especial','ATADES, CENTRO DE EDUCACIÓN ESPECIAL SAN MARTÍN DE PORRES','out','ebo','continua',50007674),(44335,'2019/2020','Zaragoza','E.S.O. (E.E.)','DARÍO','PEDRERO PASTOR','2005-08-08','Centro Privado de Educación Especial','LA PURÍSIMA PARA NIÑOS SORDOS','out','ebo','continua',50007376),(44336,'2019/2020','Zaragoza','E.S.O. (E.E.)','David','Cebrián Sánchez','2002-08-20','Colegio de Educación Especial','JEAN PIAGET','ebo','tva','continua',50018131),(44337,'2019/2020','Zaragoza','E.S.O. (E.E.)','David','GONZÁLEZ URDÁNIZ','2006-11-28','Colegio de Educación Especial','ALBORADA','out','ebo','continua',50010387),(44338,'2019/2020','Zaragoza','E.S.O. (E.E.)','David','Mayoral Bordonaba','2003-07-14','Colegio de Educación Especial','JEAN PIAGET','out','ebo','continua',50018131),(44339,'2019/2020','Zaragoza','E.S.O. (E.E.)','DAVID JUSTINIANO','De Bustos Aguado','2002-08-07','Colegio de Educación Especial','RINCÓN DE GOYA','ebo','tva','continua',50011537),(44340,'2019/2020','Zaragoza','E.S.O. (E.E.)','Delia Roxana','Serban','2002-06-16','Colegio de Educación Especial','RINCÓN DE GOYA','ebo','tva','continua',50011537),(44341,'2019/2020','Zaragoza','E.S.O. (E.E.)','Denis','Quesada Torrijo','2006-04-15','Centro Privado de Educación Especial','ATADES, CENTRO DE EDUCACIÓN ESPECIAL SAN MARTÍN DE PORRES','out','ebo','continua',50007674),(44342,'2019/2020','Zaragoza','E.S.O. (E.E.)','Diana','TORRES SANCHEZ','2004-06-20','Colegio de Educación Especial','ALBORADA','out','ebo','continua',50010387),(44343,'2019/2020','Zaragoza','E.S.O. (E.E.)','DIEGO','AGUILAR MUÑOZ','2005-09-08','Centro Privado de Educación Especial','CEDES','out','ebo','continua',50008630),(44344,'2019/2020','Zaragoza','E.S.O. (E.E.)','DIEGO','Ezquerra Domingo','2003-09-13','Colegio de Educación Especial','ANGEL RIVIÈRE','out','ebo','continua',50017369),(44345,'2019/2020','Zaragoza','E.S.O. (E.E.)','DIEGO','Medrano Correas','2003-04-07','Colegio de Educación Especial','RINCÓN DE GOYA','out','ebo','continua',50011537),(44346,'2019/2020','Zaragoza','E.S.O. (E.E.)','DIEGO','Ortega Gonzalo','2004-07-02','Colegio de Educación Especial','ANGEL RIVIÈRE','out','ebo','continua',50017369),(44347,'2019/2020','Zaragoza','E.S.O. (E.E.)','DIEGO','PEREZ TELLO','2002-10-01','Centro Privado de Educación Especial','ATADES, CENTRO DE EDUCACIÓN ESPECIAL SAN MARTÍN DE PORRES','ebo','tva','continua',50007674),(44348,'2019/2020','Zaragoza','E.S.O. (E.E.)','El Mehdi','BOUIZY MIFTAN','2003-10-22','Colegio de Educación Especial','ALBORADA','out','ebo','continua',50010387),(44349,'2019/2020','Zaragoza','E.S.O. (E.E.)','ELIA ISABEL','MARTIN MORER','2006-10-20','Centro Privado de Educación Especial','ATADES, CENTRO DE EDUCACIÓN ESPECIAL SAN MARTÍN DE PORRES','out','ebo','continua',50007674),(44350,'2019/2020','Zaragoza','E.S.O. (E.E.)','EMILIO','GIMÉNEZ PÉREZ','2003-11-09','Colegio de Educación Especial','ALBORADA','out','ebo','continua',50010387),(44351,'2019/2020','Zaragoza','Educación Primaria (E.E.)','Alexsander','Hernandez Escalera','2012-02-23','Colegio de Educación Infantil y Primaria','MONCAYO','out','ebo','continua',50004612),(44352,'2019/2020','Zaragoza','E.S.O. (E.E.)','ENEKO','Lapizondo Carreras','2003-09-05','Colegio de Educación Infantil y Primaria','MONCAYO','out','ebo','continua',50004612),(44353,'2019/2020','Zaragoza','E.S.O. (E.E.)','Enmanuel de Jesús','Martínez Vicente','2005-12-29','Colegio de Educación Infantil y Primaria','RECTOR MAMÉS ESPERABÉ','out','ebo','continua',50008678),(44354,'2019/2020','Zaragoza','E.S.O. (E.E.)','ENOL','Blanco Puga','2005-10-08','Colegio de Educación Especial','JEAN PIAGET','out','ebo','continua',50018131),(44355,'2019/2020','Zaragoza','E.S.O. (E.E.)','Enrique','Úrbez Comps','2003-10-07','Colegio de Educación Especial','JEAN PIAGET','out','ebo','continua',50018131),(44356,'2019/2020','Zaragoza','E.S.O. (E.E.)','ERIC','Fuentes Monforte','2002-05-29','Colegio de Educación Especial','RINCÓN DE GOYA','ebo','tva','continua',50011537),(44357,'2019/2020','Zaragoza','E.S.O. (E.E.)','Esteban','TORRES FERRER','2003-03-30','Colegio de Educación Especial','ALBORADA','out','ebo','continua',50010387),(44358,'2019/2020','Zaragoza','E.S.O. (E.E.)','Esther','Andrés Gracia','2005-09-06','Centro Privado de Educación Especial','ATADES, CENTRO DE EDUCACIÓN ESPECIAL SAN MARTÍN DE PORRES','out','ebo','continua',50007674),(44359,'2019/2020','Zaragoza','E.S.O. (E.E.)','Eva','MORENO SÁNCHEZ','2003-04-15','Colegio de Educación Especial','ALBORADA','out','ebo','continua',50010387),(44360,'2019/2020','Zaragoza','E.S.O. (E.E.)','Ezequiel','Gabarri Romero','2006-04-06','Colegio de Educación Especial','RINCÓN DE GOYA','out','ebo','continua',50011537),(44361,'2019/2020','Zaragoza','E.S.O. (E.E.)','FATIMA','HAREEM','2004-10-29','Centro Privado de Educación Especial','ATADES CENTRO DE EDUCACIÓN ESPECIAL SAN MARTÍN DE PORRES','out','ebo','continua',50007674),(44362,'2019/2020','Zaragoza','E.S.O. (E.E.)','FAVOUR','IKENHI','2006-01-31','Colegio de Educación Especial','ALBORADA','out','ebo','continua',50010387),(44363,'2019/2020','Zaragoza','E.S.O. (E.E.)','FERNANDO','Carrasco García','2004-10-25','Centro Privado de Educación Especial','LA PURÍSIMA PARA NIÑOS SORDOS','out','ebo','continua',50007376),(44364,'2019/2020','Zaragoza','E.S.O. (E.E.)','Francis Noraima','Llamas Pacheco','2003-05-28','Colegio de Educación Especial','RINCÓN DE GOYA','out','ebo','continua',50011537),(44365,'2019/2020','Zaragoza','E.S.O. (E.E.)','Francisco','Escudero Sorrosal','2007-01-15','Colegio de Educación Especial','ANGEL RIVIÈRE','out','ebo','continua',50017369),(44366,'2019/2020','Zaragoza','E.S.O. (E.E.)','GABRIEL','HUERTA VILLARROYA','2004-06-12','Centro Privado de Educación Especial','CEDES','out','ebo','continua',50008630),(44367,'2019/2020','Zaragoza','E.S.O. (E.E.)','GHOUFRAN','NOUAR SANDALI','2007-01-26','Centro Privado de Educación Especial','ATADES CENTRO DE EDUCACIÓN ESPECIAL SAN MARTÍN DE PORRES','out','ebo','continua',50007674),(44368,'2019/2020','Zaragoza','E.S.O. (E.E.)','GUILLERMO','PEREZ NAVARRO','2005-06-15','Centro Privado de Educación Especial','CEDES','out','ebo','continua',50008630),(44369,'2019/2020','Zaragoza','E.S.O. (E.E.)','Hafiz','Dankambary','2005-11-10','Colegio de Educación Infantil y Primaria','RECTOR MAMÉS ESPERABÉ','out','ebo','continua',50008678),(44370,'2019/2020','Zaragoza','E.S.O. (E.E.)','HAYTAM','EL BOUHAMDI','2005-03-24','Centro Privado de Educación Especial','LA PURÍSIMA PARA NIÑOS SORDOS','out','ebo','continua',50007376),(44371,'2019/2020','Zaragoza','E.S.O. (E.E.)','HECTOR CANDIDO NSUE','NTUTUMU OYANA','2004-02-06','Centro Privado de Educación Especial','LA PURÍSIMA PARA NIÑOS SORDOS','out','ebo','no continua',50007376),(44372,'2019/2020','Zaragoza','E.S.O. (E.E.)','HUGO','Belloc Berges','2004-10-02','Centro Privado de Educación Especial','ATADES, CENTRO DE EDUCACIÓN ESPECIAL SAN MARTÍN DE PORRES','out','ebo','continua',50007674),(44373,'2019/2020','Zaragoza','E.S.O. (E.E.)','HUGO','Bescos Barrio','2006-08-07','Colegio de Educación Especial','JEAN PIAGET','out','ebo','continua',50018131),(44374,'2019/2020','Zaragoza','E.S.O. (E.E.)','Huzifa','ASHFAQ','2003-10-18','Centro Privado de Educación Especial','ATADES CENTRO DE EDUCACIÓN ESPECIAL SAN MARTÍN DE PORRES','out','ebo','continua',50007674),(44375,'2019/2020','Zaragoza','E.S.O. (E.E.)','Iago','RUBIO PRIETO','2004-01-02','Colegio de Educación Especial','ALBORADA','out','ebo','continua',50010387),(44376,'2019/2020','Zaragoza','E.S.O. (E.E.)','Ibrahim','Loulidi Hamilou','2002-01-28','Colegio de Educación Especial','RINCÓN DE GOYA','ebo','tva','continua',50011537),(44377,'2019/2020','Zaragoza','E.S.O. (E.E.)','Idrissa','Ndiaye','2003-11-09','Centro Privado de Educación Especial','CEDES','out','ebo','continua',50008630),(44378,'2019/2020','Zaragoza','E.S.O. (E.E.)','Ignacio','Gastón Callejas','2002-08-05','Centro Privado de Educación Especial','ATADES, CENTRO DE EDUCACIÓN ESPECIAL SAN MARTÍN DE PORRES','ebo','tva','continua',50007674),(44379,'2019/2020','Zaragoza','E.S.O. (E.E.)','Ignacio','Madrazo Gómez','2003-07-24','Centro Privado de Educación Especial','CEDES','out','ebo','continua',50008630),(44380,'2019/2020','Zaragoza','E.S.O. (E.E.)','Ignacio','Sánchez Casas','2002-12-25','Centro Privado de Educación Especial','LOS PUEYOS','ebo','tva','continua',50009488),(44381,'2019/2020','Zaragoza','E.S.O. (E.E.)','Iker','Chueca Moros','2002-07-22','Colegio de Educación Especial','JEAN PIAGET','ebo','tva','continua',50018131),(44382,'2019/2020','Zaragoza','E.S.O. (E.E.)','Iker','GOMEZ PORTUGAL','2005-01-17','Centro Privado de Educación Especial','ATADES, CENTRO DE EDUCACIÓN ESPECIAL SAN MARTÍN DE PORRES','out','ebo','continua',50007674),(44383,'2019/2020','Zaragoza','E.S.O. (E.E.)','Iker','Salido Larrayad','2006-11-03','Colegio de Educación Especial','JEAN PIAGET','out','ebo','continua',50018131),(44384,'2019/2020','Zaragoza','E.S.O. (E.E.)','INDRA NIRVANA','LEOVEANU','2006-05-19','Colegio de Educación Infantil y Primaria','JULIÁN SANZ IBÁÑEZ','out','ebo','continua',50006049),(44385,'2019/2020','Zaragoza','E.S.O. (E.E.)','Irene','ANDIA BLANQUEZ','2004-08-30','Centro Privado de Educación Especial','ATADES, CENTRO DE EDUCACIÓN ESPECIAL SAN MARTÍN DE PORRES','out','ebo','continua',50007674),(44386,'2019/2020','Zaragoza','E.S.O. (E.E.)','Irene','FRANCO MONTÓN','2006-06-01','Colegio de Educación Especial','ALBORADA','out','ebo','continua',50010387),(44387,'2019/2020','Zaragoza','E.S.O. (E.E.)','Isadora','Borda Almeida Da Silva','2006-03-09','Colegio de Educación Especial','RINCÓN DE GOYA','out','ebo','continua',50011537),(44388,'2019/2020','Zaragoza','E.S.O. (E.E.)','ISMAEL','Fernández Navarro','2003-02-01','Centro Privado de Educación Especial','ATADES, CENTRO DE EDUCACIÓN ESPECIAL SAN MARTÍN DE PORRES','out','ebo','continua',50007674),(44389,'2019/2020','Zaragoza','E.S.O. (E.E.)','ISMAEL','SERAL DIEZ','2002-09-14','Colegio de Educación Especial','ALBORADA','ebo','tva','continua',50010387),(44390,'2019/2020','Zaragoza','E.S.O. (E.E.)','Iulen','Sierra Cabello','2006-01-23','Colegio de Educación Especial','SEGEDA','out','ebo','continua',50019408),(44391,'2019/2020','Zaragoza','E.S.O. (E.E.)','IVÁN','Cester Pardos','2005-06-06','Colegio de Educación Especial','JEAN PIAGET','out','ebo','continua',50018131),(44392,'2019/2020','Zaragoza','E.S.O. (E.E.)','Iván','Romeo Romero','2007-06-06','Colegio de Educación Especial','ALBORADA','out','ebo','continua',50010387),(44393,'2019/2020','Zaragoza','E.S.O. (E.E.)','Izarbe','Blasco Buil','2004-05-26','Centro Privado de Educación Especial','CEDES','out','ebo','continua',50008630),(44394,'2019/2020','Zaragoza','E.S.O. (E.E.)','J MEDARDO','Poveda Heredia','2002-09-28','Colegio de Educación Especial','RINCÓN DE GOYA','ebo','tva','continua',50011537),(44395,'2019/2020','Zaragoza','E.S.O. (E.E.)','JACOBO','Revilla Gutiérrez','2002-02-21','Colegio de Educación Especial','JEAN PIAGET','ebo','tva','continua',50018131),(44396,'2019/2020','Zaragoza','E.S.O. (E.E.)','Jaime','Espiérrez Romero','2005-11-13','Colegio de Educación Especial','JEAN PIAGET','out','ebo','continua',50018131),(44397,'2019/2020','Zaragoza','E.S.O. (E.E.)','Jaime','LORENTE ANSÓN','2007-09-14','Colegio de Educación Especial','ALBORADA','out','ebo','continua',50010387),(44398,'2019/2020','Zaragoza','E.S.O. (E.E.)','Javier','Bosque Gíl','2004-06-18','Centro Privado de Educación Especial','ATADES, CENTRO DE EDUCACIÓN ESPECIAL SAN MARTÍN DE PORRES','out','ebo','continua',50007674),(44399,'2019/2020','Zaragoza','E.S.O. (E.E.)','Javier','Gracia Gómez','2005-04-20','Colegio de Educación Especial','JEAN PIAGET','out','ebo','continua',50018131),(44400,'2019/2020','Zaragoza','E.S.O. (E.E.)','Javier','Mínguez Salinas','2007-08-11','Centro Privado de Educación Especial','LOS PUEYOS','out','ebo','continua',50009488),(44401,'2019/2020','Zaragoza','E.S.O. (E.E.)','Javier','Pueyo Lázaro','2006-02-10','Colegio de Educación Especial','ALBORADA','out','ebo','continua',50010387),(44402,'2019/2020','Zaragoza','E.S.O. (E.E.)','Jeinaba','TOURAY','2005-09-20','Colegio de Educación Especial','ALBORADA','out','ebo','continua',50010387),(44403,'2019/2020','Zaragoza','E.S.O. (E.E.)','Jesus','AGUARON IBARS','2005-12-01','Centro Privado de Educación Especial','CEDES','out','ebo','continua',50008630),(44404,'2019/2020','Zaragoza','E.S.O. (E.E.)','JESÚS','GABARRE GABARRE','2006-08-09','Colegio de Educación Especial','JEAN PIAGET','out','ebo','continua',50018131),(44405,'2019/2020','Zaragoza','E.S.O. (E.E.)','Jihane','GINECHI','2003-03-16','Colegio de Educación Especial','ALBORADA','out','ebo','continua',50010387),(44406,'2019/2020','Zaragoza','E.S.O. (E.E.)','Jon','Gracia Gómez','2003-01-20','Centro Privado de Educación Especial','CEDES','out','ebo','continua',50008630),(44407,'2019/2020','Zaragoza','E.S.O. (E.E.)','Jonathan','Paulo Acacio','2004-08-01','Centro Privado de Educación Especial','ATADES, CENTRO DE EDUCACIÓN ESPECIAL SAN MARTÍN DE PORRES','out','ebo','continua',50007674),(44408,'2019/2020','Zaragoza','E.S.O. (E.E.)','JORGE','ALJAMA SOLANA','2002-05-21','Colegio de Educación Especial','ALBORADA','ebo','tva','continua',50010387),(44409,'2019/2020','Zaragoza','E.S.O. (E.E.)','JORGE','García Martínez','2002-08-08','Centro Privado de Educación Especial','LOS PUEYOS','ebo','tva','continua',50009488),(44410,'2019/2020','Zaragoza','E.S.O. (E.E.)','JORGE','PERALTA RAMÍREZ','2007-06-15','Colegio de Educación Especial','ALBORADA','out','ebo','continua',50010387),(44411,'2019/2020','Zaragoza','E.S.O. (E.E.)','JOSÉ LUIS','MILLÁN LAFUENTE','2006-11-24','Colegio de Educación Especial','ALBORADA','out','ebo','continua',50010387),(44412,'2019/2020','Zaragoza','E.S.O. (E.E.)','José Luis','París Salas','2004-02-11','Centro Privado de Educación Especial','CEDES','out','ebo','continua',50008630),(44413,'2019/2020','Zaragoza','E.S.O. (E.E.)','José Manuel','ROMERO REGO','2003-02-08','Colegio de Educación Especial','ALBORADA','out','ebo','continua',50010387),(44414,'2019/2020','Zaragoza','E.S.O. (E.E.)','JOSE MIGUEL','ESPASA MUÑOZ','2002-01-03','Colegio de Educación Especial','ALBORADA','ebo','tva','continua',50010387),(44415,'2019/2020','Zaragoza','E.S.O. (E.E.)','JOSEPH GUSTAVO','MEDINA RIVERA','2004-11-13','Centro Privado de Educación Especial','ATADES, CENTRO DE EDUCACIÓN ESPECIAL SAN MARTÍN DE PORRES','out','ebo','continua',50007674),(44416,'2019/2020','Zaragoza','E.S.O. (E.E.)','Juan','Bernal Vela','2003-02-13','Colegio de Educación Especial','RINCÓN DE GOYA','out','tva','continua',50011537),(44417,'2019/2020','Zaragoza','E.S.O. (E.E.)','Juan','Montanel Binaburo','2004-02-25','Colegio de Educación Especial','JEAN PIAGET','out','ebo','continua',50018131),(44418,'2019/2020','Zaragoza','E.S.O. (E.E.)','Juan Carlos','García Oller','2004-06-10','Centro Privado de Educación Especial','ATADES, CENTRO DE EDUCACIÓN ESPECIAL SAN MARTÍN DE PORRES','out','ebo','continua',50007674),(44419,'2019/2020','Zaragoza','E.S.O. (E.E.)','JULEN','ESTEVE LEORZA','2004-10-10','Centro Privado de Educación Especial','CEDES','out','ebo','continua',50008630),(44420,'2019/2020','Zaragoza','E.S.O. (E.E.)','Julián','URBANO LAHOZ','2004-09-20','Centro Privado de Educación Especial','ATADES CENTRO DE EDUCACIÓN ESPECIAL SAN MARTÍN DE PORRES','out','ebo','continua',50007674),(44421,'2019/2020','Zaragoza','E.S.O. (E.E.)','JULIO CESAR','SALGADO CERRITO','2004-10-31','Centro Privado de Educación Especial','LA PURÍSIMA PARA NIÑOS SORDOS','out','ebo','no continua',50007376),(44422,'2019/2020','Zaragoza','E.S.O. (E.E.)','JULIO DIOSDADO','OBAMA OBAMA','2001-07-02','Centro Privado de Educación Especial','LOS PUEYOS','tva','tva','continua',50009488),(44423,'2019/2020','Zaragoza','E.S.O. (E.E.)','Kevin David','DIAZ DIAZ','2005-04-16','Centro Privado de Educación Especial','ATADES, CENTRO DE EDUCACIÓN ESPECIAL SAN MARTÍN DE PORRES','out','ebo','continua',50007674),(44424,'2019/2020','Zaragoza','E.S.O. (E.E.)','Khalid','Bader','2004-02-23','Colegio de Educación Especial','ALBORADA','out','ebo','continua',50010387),(44425,'2019/2020','Zaragoza','E.S.O. (E.E.)','LAURA','BUENDÍA MOHEDANO','2005-01-28','Centro Privado de Educación Especial','CEDES','out','ebo','continua',50008630),(44426,'2019/2020','Zaragoza','E.S.O. (E.E.)','LAURA','MENJON FANDOS','2006-03-18','Centro Privado de Educación Especial','LA PURÍSIMA PARA NIÑOS SORDOS','out','ebo','continua',50007376),(44427,'2019/2020','Zaragoza','E.S.O. (E.E.)','Leila','Baho Barberán','2006-05-17','Colegio de Educación Infantil y Primaria','MONCAYO','out','ebo','continua',50004612),(44428,'2019/2020','Zaragoza','E.S.O. (E.E.)','LEYRE','Biel Viaplana','2004-04-04','Colegio de Educación Especial','JEAN PIAGET','out','ebo','continua',50018131),(44429,'2019/2020','Zaragoza','E.S.O. (E.E.)','LIBERTAD','Santiago Jiménez','2006-04-26','Colegio de Educación Especial','ANGEL RIVIÈRE','out','ebo','continua',50017369),(44430,'2019/2020','Zaragoza','E.S.O. (E.E.)','Lidia','Piquero Chicano','2002-07-31','Colegio de Educación Especial','ANGEL RIVIÈRE','ebo','ebo','continua',50017369),(44431,'2019/2020','Zaragoza','E.S.O. (E.E.)','Loredana','Bacircea','2005-08-07','Centro Privado de Educación Especial','LOS PUEYOS','out','ebo','continua',50009488),(44432,'2019/2020','Zaragoza','E.S.O. (E.E.)','Loreila','Giraldo Correa','2004-06-18','Centro Privado de Educación Especial','ATADES, CENTRO DE EDUCACIÓN ESPECIAL SAN MARTÍN DE PORRES','out','ebo','continua',50007674),(44433,'2019/2020','Zaragoza','E.S.O. (E.E.)','LUCAS','Escartín Liberio','2007-05-04','Colegio de Educación Especial','JEAN PIAGET','out','ebo','continua',50018131),(44434,'2019/2020','Zaragoza','E.S.O. (E.E.)','LUCAS','MARTÍNEZ ANADÓN','2004-06-17','Centro Privado de Educación Especial','LA PURÍSIMA PARA NIÑOS SORDOS','out','ebo','no continua',50007376),(44435,'2019/2020','Zaragoza','E.S.O. (E.E.)','Lucía','García Godoy','2002-06-06','Centro Privado de Educación Especial','ATADES, CENTRO DE EDUCACIÓN ESPECIAL SAN MARTÍN DE PORRES','ebo','tva','continua',50007674),(44436,'2019/2020','Zaragoza','E.S.O. (E.E.)','LUCÍA','Salazar Marco','2004-10-21','Colegio de Educación Especial','JEAN PIAGET','out','ebo','continua',50018131),(44437,'2019/2020','Zaragoza','E.S.O. (E.E.)','LUCIA','SIERRA LOPEZ','2005-10-20','Colegio de Educación Especial','ALBORADA','out','ebo','continua',50010387),(44438,'2019/2020','Zaragoza','E.S.O. (E.E.)','Luis','Marcuello Gil','2006-10-20','Colegio de Educación Especial','JEAN PIAGET','out','ebo','continua',50018131),(44439,'2019/2020','Zaragoza','E.S.O. (E.E.)','Luis','Pérez Guallart','2004-12-24','Centro Privado de Educación Especial','CEDES','out','ebo','continua',50008630),(44440,'2019/2020','Zaragoza','E.S.O. (E.E.)','Manuel','MARTA PARDOS','2005-06-27','Centro Privado de Educación Especial','LA PURÍSIMA PARA NIÑOS SORDOS','out','ebo','continua',50007376),(44441,'2019/2020','Zaragoza','E.S.O. (E.E.)','Manuel','Tosaus Lanza','2002-08-08','Centro Privado de Educación Especial','ATADES, CENTRO DE EDUCACIÓN ESPECIAL SAN MARTÍN DE PORRES','ebo','tva','continua',50007674),(44442,'2019/2020','Zaragoza','E.S.O. (E.E.)','MARCO','Ariño Martínez','2003-11-22','Colegio de Educación Especial','JEAN PIAGET','out','ebo','continua',50018131),(44443,'2019/2020','Zaragoza','E.S.O. (E.E.)','Marcos','Jiménez Calvo','2005-06-14','Centro Privado de Educación Especial','CEDES','out','ebo','continua',50008630),(44444,'2019/2020','Zaragoza','E.S.O. (E.E.)','Marcos','QUERO TEJERO','2002-07-20','Colegio de Educación Especial','ALBORADA','ebo','tva','continua',50010387),(44445,'2019/2020','Zaragoza','E.S.O. (E.E.)','Maria Clara','Borja Clavería','2003-05-03','Colegio de Educación Especial','RINCÓN DE GOYA','out','ebo','continua',50011537),(44446,'2019/2020','Zaragoza','E.S.O. (E.E.)','María Koraima','Giménez Giménez','2004-09-03','Centro Privado de Educación Especial','ATADES, CENTRO DE EDUCACIÓN ESPECIAL SAN MARTÍN DE PORRES','out','ebo','continua',50007674),(44447,'2019/2020','Zaragoza','E.S.O. (E.E.)','María Pilar','AZNAREZ RUIZ','2004-12-25','Colegio de Educación Especial','ALBORADA','out','ebo','continua',50010387),(44448,'2019/2020','Zaragoza','E.S.O. (E.E.)','MARIAMA','Diaga','2003-06-18','Centro Privado de Educación Especial','LA PURÍSIMA PARA NIÑOS SORDOS','out','ebo','no continua',50007376),(44449,'2019/2020','Zaragoza','E.S.O. (E.E.)','MARIO','Brosel Pérez','2003-04-17','Colegio de Educación Especial','SEGEDA','out','ebo','continua',50019408),(44450,'2019/2020','Zaragoza','E.S.O. (E.E.)','Marío','GARCIA IBARZO','2005-07-20','Centro Privado de Educación Especial','SAN GERMÁN','out','ebo','continua',50008915),(44451,'2019/2020','Zaragoza','E.S.O. (E.E.)','MARIO','Navarro Jiménez','2005-08-02','Colegio de Educación Especial','JEAN PIAGET','out','ebo','continua',50018131),(44452,'2019/2020','Zaragoza','E.S.O. (E.E.)','Marta','Díaz Montanés','2006-07-19','Colegio de Educación Especial','RINCÓN DE GOYA','out','ebo','continua',50011537),(44453,'2019/2020','Zaragoza','E.S.O. (E.E.)','Marta','Maestro Quibus','2002-11-19','Colegio de Educación Especial','ALBORADA','ebo','tva','continua',50010387),(44454,'2019/2020','Zaragoza','E.S.O. (E.E.)','Marwan','El Moussaoui','2004-01-02','Centro Privado de Educación Especial','ATADES, CENTRO DE EDUCACIÓN ESPECIAL SAN MARTÍN DE PORRES','out','ebo','continua',50007674),(44455,'2019/2020','Zaragoza','E.S.O. (E.E.)','Maryuri Gabriela','CONTRERA BURGOS','2003-09-05','Centro Privado de Educación Especial','ATADES CENTRO DE EDUCACIÓN ESPECIAL SAN MARTÍN DE PORRES','out','tva','continua',50007674),(44456,'2019/2020','Zaragoza','E.S.O. (E.E.)','MATÍAS','Galbe Ostalé','2003-04-02','Colegio de Educación Especial','JEAN PIAGET','out','ebo','continua',50018131),(44457,'2019/2020','Zaragoza','E.S.O. (E.E.)','Máximo','García Casbas','2006-03-12','Colegio de Educación Especial','ALBORADA','out','ebo','continua',50010387),(44458,'2019/2020','Zaragoza','E.S.O. (E.E.)','Miguel','Ariño Martínez','2005-03-24','Colegio de Educación Especial','JEAN PIAGET','out','ebo','continua',50018131),(44459,'2019/2020','Zaragoza','E.S.O. (E.E.)','Miguel','Giménez Giménez','2006-03-13','Colegio de Educación Especial','JEAN PIAGET','out','ebo','continua',50018131),(44460,'2019/2020','Zaragoza','E.S.O. (E.E.)','MIGUEL ANGEL','GIMENEZ DIAZ','2005-10-07','Centro Privado de Educación Especial','LA PURÍSIMA PARA NIÑOS SORDOS','out','ebo','continua',50007376),(44461,'2019/2020','Zaragoza','E.S.O. (E.E.)','MIHAIL ALEXANDRU','ANGHEL','2006-09-20','Centro Privado de Educación Especial','LA PURÍSIMA PARA NIÑOS SORDOS','out','ebo','continua',50007376),(44462,'2019/2020','Zaragoza','E.S.O. (E.E.)','Milja Ulrika','Diaz Miranem','2004-09-29','Colegio de Educación Especial','RINCÓN DE GOYA','out','ebo','continua',50011537),(44463,'2019/2020','Zaragoza','E.S.O. (E.E.)','Miriam','REMIRO MARTINEZ','2003-09-08','Colegio de Educación Especial','ALBORADA','out','ebo','continua',50010387),(44464,'2019/2020','Zaragoza','E.S.O. (E.E.)','MOISÉS','SEGUÍN BAQUERO','2004-10-20','Colegio de Educación Infantil y Primaria','CAMPO DE BORJA','out','ebo','continua',50000850),(44465,'2019/2020','Zaragoza','E.S.O. (E.E.)','MUSA','Fofana Suko','2003-06-21','Colegio de Educación Especial','JEAN PIAGET','out','ebo','continua',50018131),(44466,'2019/2020','Zaragoza','E.S.O. (E.E.)','Nabeel','Nawaz','2006-11-23','Colegio de Educación Especial','ANGEL RIVIÈRE','out','ebo','continua',50017369),(44467,'2019/2020','Zaragoza','E.S.O. (E.E.)','Nabil','HAMHAM KIDOUN','2006-08-14','Colegio de Educación Especial','ALBORADA','out','ebo','continua',50010387),(44468,'2019/2020','Zaragoza','E.S.O. (E.E.)','Nacary','GIL REYNOSO','2004-07-22','Colegio de Educación Especial','ALBORADA','out','ebo','continua',50010387),(44469,'2019/2020','Zaragoza','E.S.O. (E.E.)','Najat','ADMAMOU','2003-02-27','Colegio de Educación Especial','ALBORADA','out','ebo','continua',50010387),(44470,'2019/2020','Zaragoza','E.S.O. (E.E.)','Natalia','García Cano','2003-11-03','Centro Privado de Educación Especial','ATADES, CENTRO DE EDUCACIÓN ESPECIAL SAN MARTÍN DE PORRES','out','ebo','continua',50007674),(44471,'2019/2020','Zaragoza','E.S.O. (E.E.)','Nazareth','Gabarri Romero','2004-08-13','Colegio de Educación Especial','RINCÓN DE GOYA','out','ebo','continua',50011537),(44472,'2019/2020','Zaragoza','E.S.O. (E.E.)','NEREA','Fandos Cuartero','2004-05-24','Colegio de Educación Especial','JEAN PIAGET','out','ebo','continua',50018131),(44473,'2019/2020','Zaragoza','E.S.O. (E.E.)','Niang','Mouhamed','2006-10-27','Centro Privado de Educación Especial','ATADES, CENTRO DE EDUCACIÓN ESPECIAL SAN MARTÍN DE PORRES','out','ebo','continua',50007674),(44474,'2019/2020','Zaragoza','E.S.O. (E.E.)','Nicol Denisa','Blanaru','2004-10-20','Colegio de Educación Especial','ANGEL RIVIÈRE','out','ebo','continua',50017369),(44475,'2019/2020','Zaragoza','E.S.O. (E.E.)','NICOLE ANDREA','LOPEZ PERDOMO','2003-05-06','Colegio de Educación Especial','RINCÓN DE GOYA','out','ebo','continua',50011537),(44476,'2019/2020','Zaragoza','E.S.O. (E.E.)','NOMAN','ALI','2006-11-26','Centro Privado de Educación Especial','SAN GERMÁN','out','ebo','continua',50008915),(44477,'2019/2020','Zaragoza','E.S.O. (E.E.)','Nuria María','Vlad Vlad','2003-12-14','Colegio de Educación Especial','SEGEDA','out','ebo','continua',50019408),(44478,'2019/2020','Zaragoza','E.S.O. (E.E.)','PABLO','CRESPO SIERRA','2007-03-19','Colegio de Educación Especial','ALBORADA','out','ebo','continua',50010387),(44479,'2019/2020','Zaragoza','E.S.O. (E.E.)','PABLO','Valiente Benito','2004-05-03','Colegio de Educación Especial','RINCÓN DE GOYA','out','ebo','continua',50011537),(44480,'2019/2020','Zaragoza','E.S.O. (E.E.)','Pablo Lorién','FERNÁNDEZ DE LA ROSA','2003-07-23','Colegio de Educación Especial','ALBORADA','out','ebo','continua',50010387),(44481,'2019/2020','Zaragoza','E.S.O. (E.E.)','PALOMA','Arriero Espinosa','2003-08-26','Colegio de Educación Especial','JEAN PIAGET','out','ebo','continua',50018131),(44482,'2019/2020','Zaragoza','E.S.O. (E.E.)','PAULA','DUPONT HERRERA','2003-07-31','Centro Privado de Educación Especial','LA PURÍSIMA PARA NIÑOS SORDOS','out','ebo','no continua',50007376),(44483,'2019/2020','Zaragoza','E.S.O. (E.E.)','PAULA','Perez Nuñez','2002-05-04','Centro Privado de Educación Especial','LOS PUEYOS','ebo','tva','continua',50009488),(44484,'2019/2020','Zaragoza','E.S.O. (E.E.)','PAULA','QUIRÓS PÉREZ LLANTADA','2005-11-12','Centro Privado de Educación Especial','CEDES','out','ebo','continua',50008630),(44485,'2019/2020','Zaragoza','E.S.O. (E.E.)','PAULA','SANZ SANCHO','2004-11-21','Centro Privado de Educación Especial','LA PURÍSIMA PARA NIÑOS SORDOS','out','ebo','continua',50007376),(44486,'2019/2020','Zaragoza','E.S.O. (E.E.)','PEDRO','GIMÉNEZ PÉREZ','2002-08-06','Colegio de Educación Especial','ALBORADA','ebo','tva','continua',50010387),(44487,'2019/2020','Zaragoza','E.S.O. (E.E.)','PEDRO','Medel Condón','2007-01-10','Colegio de Educación Especial','JEAN PIAGET','out','ebo','continua',50018131),(44488,'2019/2020','Zaragoza','E.S.O. (E.E.)','PEDRO','Morón Álvarez','2005-12-12','Centro Privado de Educación Especial','CEDES','out','ebo','continua',50008630),(44489,'2019/2020','Zaragoza','E.S.O. (E.E.)','PEDRO','Regadera Alcazar','2003-01-14','Centro Privado de Educación Especial','ATADES, CENTRO DE EDUCACIÓN ESPECIAL SAN MARTÍN DE PORRES','out','ebo','continua',50007674),(44490,'2019/2020','Zaragoza','E.S.O. (E.E.)','Pedro Augusto','Costa Moura','2004-03-31','Centro Privado de Educación Especial','LA PURÍSIMA PARA NIÑOS SORDOS','out','ebo','no continua',50007376),(44491,'2019/2020','Zaragoza','E.S.O. (E.E.)','PILAR','Cimorra Sebastián','2002-04-18','Colegio de Educación Especial','ANGEL RIVIÈRE','ebo','ebo','continua',50017369),(44492,'2019/2020','Zaragoza','E.S.O. (E.E.)','RAÚL','Soporán','2003-01-10','Colegio de Educación Especial','JEAN PIAGET','out','ebo','continua',50018131),(44493,'2019/2020','Zaragoza','E.S.O. (E.E.)','Roberto','Ruiz Alonso','2004-12-04','Colegio de Educación Especial','SEGEDA','out','ebo','continua',50019408),(44494,'2019/2020','Zaragoza','E.S.O. (E.E.)','Romario Dumitru','Darabaneanu','2005-03-26','Colegio de Educación Especial','SEGEDA','out','ebo','continua',50019408),(44495,'2019/2020','Zaragoza','E.S.O. (E.E.)','Ruben','LOPES MONTEIRO','2002-09-30','Colegio de Educación Especial','ALBORADA','ebo','tva','continua',50010387),(44496,'2019/2020','Zaragoza','E.S.O. (E.E.)','Salim','MOUHOUB','2004-02-21','Colegio de Educación Especial','ALBORADA','out','ebo','continua',50010387),(44497,'2019/2020','Zaragoza','E.S.O. (E.E.)','Salma','Abboubi Chafiq','2003-06-10','Colegio de Educación Especial','SEGEDA','out','ebo','continua',50019408),(44498,'2019/2020','Zaragoza','E.S.O. (E.E.)','SAMUEL','Latorre Rubio','2002-05-31','Centro Privado de Educación Especial','ATADES, CENTRO DE EDUCACIÓN ESPECIAL SAN MARTÍN DE PORRES','ebo','tva','continua',50007674),(44499,'2019/2020','Zaragoza','E.S.O. (E.E.)','SAMUEL','Pérez Alonso','2006-09-12','Colegio de Educación Especial','RINCÓN DE GOYA','out','ebo','continua',50011537),(44500,'2019/2020','Zaragoza','E.S.O. (E.E.)','Sandra','Valenciano Bueno','2003-11-13','Colegio de Educación Especial','JEAN PIAGET','out','ebo','continua',50018131),(44501,'2019/2020','Zaragoza','E.S.O. (E.E.)','SANTIAGO','Prat López','2003-01-13','Centro Privado de Educación Especial','ATADES, CENTRO DE EDUCACIÓN ESPECIAL SAN MARTÍN DE PORRES','out','ebo','continua',50007674),(44502,'2019/2020','Zaragoza','E.S.O. (E.E.)','SARA','Mouatamid Touil','2005-03-26','Colegio de Educación Especial','RINCÓN DE GOYA','out','ebo','continua',50011537),(44503,'2019/2020','Zaragoza','E.S.O. (E.E.)','SARA','Tejero Velázquez','2003-07-14','Colegio de Educación Especial','RINCÓN DE GOYA','out','ebo','continua',50011537),(44504,'2019/2020','Zaragoza','E.S.O. (E.E.)','Sara Andreea','Gadean','2007-11-30','Colegio de Educación Infantil y Primaria','MONCAYO','out','ebo','continua',50004612),(44505,'2019/2020','Zaragoza','E.S.O. (E.E.)','Saray','Giménez Gabarre','2003-03-06','Colegio de Educación Especial','RINCÓN DE GOYA','out','ebo','continua',50011537),(44506,'2019/2020','Zaragoza','E.S.O. (E.E.)','SERGIO','RODRIGO GARCIA','2006-08-26','Centro Privado de Educación Especial','LA PURÍSIMA PARA NIÑOS SORDOS','out','ebo','continua',50007376),(44507,'2019/2020','Zaragoza','E.S.O. (E.E.)','SERGIO','Sánchez Notivol','2004-05-01','Colegio de Educación Especial','RINCÓN DE GOYA','out','ebo','continua',50011537),(44508,'2019/2020','Zaragoza','E.S.O. (E.E.)','SERGIO','SERRANO DE LOS SANTOS','2007-08-30','Colegio de Educación Especial','ALBORADA','out','ebo','continua',50010387),(44509,'2019/2020','Zaragoza','E.S.O. (E.E.)','Sergio Eliseo','Bartolome Crespo','2004-07-16','Centro Privado de Educación Especial','ATADES, CENTRO DE EDUCACIÓN ESPECIAL SAN MARTÍN DE PORRES','out','ebo','continua',50007674),(44510,'2019/2020','Zaragoza','E.S.O. (E.E.)','Sergio Ilie','Romascan','2006-07-19','Colegio de Educación Especial','RINCÓN DE GOYA','out','ebo','continua',50011537),(44511,'2019/2020','Zaragoza','E.S.O. (E.E.)','Sergio Luis','LAVILLA DÍAZ','2005-12-05','Colegio de Educación Especial','ALBORADA','out','ebo','continua',50010387),(44512,'2019/2020','Zaragoza','E.S.O. (E.E.)','SORAYA','HERRERO VÁZQUEZ','2003-10-06','Colegio de Educación Especial','RINCÓN DE GOYA','out','tva','continua',50011537),(44513,'2019/2020','Zaragoza','E.S.O. (E.E.)','STEPHANIE DE LA ROSA','CAMPOS CHAPETA','2006-12-10','Centro Privado de Educación Especial','ATADES, CENTRO DE EDUCACIÓN ESPECIAL SAN MARTÍN DE PORRES','out','ebo','continua',50007674),(44514,'2019/2020','Zaragoza','E.S.O. (E.E.)','Susana','Barón Iso','2002-10-31','Centro Privado de Educación Especial','LOS PUEYOS','ebo','tva','continua',50009488),(44515,'2019/2020','Zaragoza','E.S.O. (E.E.)','TANIA','GARCÍA LAJUSTICIA','2004-01-27','Colegio de Educación Infantil y Primaria','CAMPO DE BORJA','out','ebo','continua',50000850),(44516,'2019/2020','Zaragoza','E.S.O. (E.E.)','TARIK','Chtioui Quílez','2004-07-14','Colegio de Educación Especial','JEAN PIAGET','out','ebo','continua',50018131),(44517,'2019/2020','Zaragoza','E.S.O. (E.E.)','VICTOR ENMANUEL','DOS SANTOS SILVA','2004-01-17','Colegio de Educación Especial','RINCÓN DE GOYA','out','ebo','continua',50011537),(44518,'2019/2020','Zaragoza','E.S.O. (E.E.)','VICTORIA','ROYO VICENTE','2003-11-10','Colegio de Educación Especial','RINCÓN DE GOYA','out','tva','continua',50011537),(44519,'2019/2020','Zaragoza','E.S.O. (E.E.)','WISAL','ARJAZ','2004-06-23','Centro Privado de Educación Especial','LA PURÍSIMA PARA NIÑOS SORDOS','out','ebo','no continua',50007376),(44520,'2019/2020','Zaragoza','E.S.O. (E.E.)','Yaiza','Arrué Serrano','2005-03-08','Colegio de Educación Especial','SEGEDA','out','ebo','continua',50019408),(44521,'2019/2020','Zaragoza','E.S.O. (E.E.)','Yaquelin','JIMENEZ JIMENEZ','2004-07-02','Centro Privado de Educación Especial','LA PURÍSIMA PARA NIÑOS SORDOS','out','ebo','continua',50007376),(44522,'2019/2020','Zaragoza','E.S.O. (E.E.)','Yasmine','Reguig','2004-07-07','Centro Privado de Educación Especial','SAN GERMÁN','out','ebo','no continua',50008915),(44523,'2019/2020','Zaragoza','E.S.O. (E.E.)','Yenaba','Krubally Toure','2003-09-15','Colegio de Educación Especial','ANGEL RIVIÈRE','out','ebo','continua',50017369),(44524,'2019/2020','Zaragoza','E.S.O. (E.E.)','Yeneba','Tunkara Tunkara','2005-04-09','Centro Privado de Educación Especial','ATADES, CENTRO DE EDUCACIÓN ESPECIAL SAN MARTÍN DE PORRES','out','ebo','continua',50007674),(44525,'2019/2020','Zaragoza','T.V.A.','Aarón','Vivas García','2002-05-07','Colegio de Educación Especial','SEGEDA','ebo','tva','continua',50019408),(44526,'2019/2020','Zaragoza','T.V.A.','Agustín','Hernández Hernández','2003-03-22','Centro Privado de Educación Especial','ATADES CENTRO DE EDUCACIÓN ESPECIAL SAN MARTÍN DE PORRES','out','tva','continua',50007674),(44527,'2019/2020','Zaragoza','T.V.A.','Alejandro','Basanta Diez','2000-01-15','Centro Privado de Educación Especial','ATADES, CENTRO DE EDUCACIÓN ESPECIAL SAN MARTÍN DE PORRES','tva','tva','continua',50007674),(44528,'2019/2020','Zaragoza','T.V.A.','Alejandro','CALVETE OLONA','2000-06-16','Centro Privado de Educación Especial','ATADES CENTRO DE EDUCACIÓN ESPECIAL SAN MARTÍN DE PORRES','tva','tva','continua',50007674),(44529,'2019/2020','Zaragoza','T.V.A.','Alejandro','Mateo Perera','2000-07-10','Colegio de Educación Especial','ALBORADA','tva','tva','continua',50010387),(44530,'2019/2020','Zaragoza','T.V.A.','Alejandro','Montero Santiago','2001-03-22','Centro Privado de Educación Especial','ATADES CENTRO DE EDUCACIÓN ESPECIAL SAN MARTÍN DE PORRES','tva','tva','continua',50007674),(44531,'2019/2020','Zaragoza','T.V.A.','Alex','RIPA MEDINA','2001-09-18','Colegio de Educación Especial','ALBORADA','tva','tva','continua',50010387),(44532,'2019/2020','Zaragoza','T.V.A.','Alexandra Madalina','IVANOVICI','2000-05-22','Colegio de Educación Especial','ALBORADA','tva','tva','continua',50010387),(44533,'2019/2020','Zaragoza','T.V.A.','Alipio','García Peña','2000-01-05','Colegio de Educación Especial','SEGEDA','tva','tva','continua',50019408),(44534,'2019/2020','Zaragoza','T.V.A.','Amanda','Huerta Gracia','2001-02-06','Centro Privado de Educación Especial','ATADES, CENTRO DE EDUCACIÓN ESPECIAL SAN MARTÍN DE PORRES','tva','tva','continua',50007674),(44535,'2019/2020','Zaragoza','T.V.A.','Andrei Liviu','MIHAILESCU VASILE','2001-07-06','Colegio de Educación Especial','ALBORADA','tva','tva','continua',50010387),(44536,'2019/2020','Zaragoza','T.V.A.','Andrei Madalin','Matesica','2002-01-10','Colegio de Educación Especial','SEGEDA','ebo','tva','continua',50019408),(44537,'2019/2020','Zaragoza','T.V.A.','Ángel','BERNIA LAIN','2001-06-18','Centro Privado de Educación Especial','CEDES','tva','tva','continua',50008630),(44538,'2019/2020','Zaragoza','T.V.A.','Antia','Gabelas Cid','2000-07-11','Colegio de Educación Especial','ANGEL RIVIÈRE','tva','tva','continua',50017369),(44539,'2019/2020','Zaragoza','T.V.A.','ANTONIO','Flete Planas','2000-11-03','Colegio de Educación Especial','SEGEDA','tva','tva','continua',50019408),(44540,'2019/2020','Zaragoza','T.V.A.','ARTURO','Dobarro Carreño','2001-01-17','Centro Privado de Educación Especial','ATADES, CENTRO DE EDUCACIÓN ESPECIAL SAN MARTÍN DE PORRES','tva','tva','continua',50007674),(44541,'2019/2020','Zaragoza','T.V.A.','CARLOS','Picon Palud','2001-11-01','Colegio de Educación Especial','ANGEL RIVIÈRE','tva','tva','continua',50017369),(44542,'2019/2020','Zaragoza','T.V.A.','Celia','FRANCIA FRAJ','2001-04-27','Centro Privado de Educación Especial','CEDES','tva','tva','continua',50008630),(44543,'2019/2020','Zaragoza','T.V.A.','Clara','Fernández Orós','2000-07-27','Colegio de Educación Especial','JEAN PIAGET','tva','tva','continua',50018131),(44544,'2019/2020','Zaragoza','T.V.A.','Cosme','Font Bonache','2000-07-14','Colegio de Educación Especial','ANGEL RIVIÈRE','tva','tva','continua',50017369),(44545,'2019/2020','Zaragoza','T.V.A.','CRISTIAN','Guillomía Saz','2001-11-13','Colegio de Educación Especial','ANGEL RIVIÈRE','tva','tva','continua',50017369),(44546,'2019/2020','Zaragoza','T.V.A.','Daniel','Bona Miguel','2001-07-04','Colegio de Educación Especial','JEAN PIAGET','tva','tva','continua',50018131),(44547,'2019/2020','Zaragoza','T.V.A.','Daniel','FERNÁNDEZ RÁFALES','2000-08-18','Centro Privado de Educación Especial','CEDES','tva','tva','continua',50008630),(44548,'2019/2020','Zaragoza','T.V.A.','Daniel','Oros Carmonal','2000-06-15','Centro Privado de Educación Especial','ATADES, CENTRO DE EDUCACIÓN ESPECIAL SAN MARTÍN DE PORRES','tva','tva','continua',50007674),(44549,'2019/2020','Zaragoza','T.V.A.','David','Gabarre Jimenez','2001-03-21','Colegio de Educación Especial','ANGEL RIVIÈRE','tva','tva','continua',50017369),(44550,'2019/2020','Zaragoza','T.V.A.','DIEGO','CATIVIELA CASION','2000-11-15','Colegio de Educación Especial','ALBORADA','tva','tva','continua',50010387),(44551,'2019/2020','Zaragoza','T.V.A.','DJENEBOU','KANTE','2001-12-13','Centro Privado de Educación Especial','CEDES','tva','tva','continua',50008630),(44552,'2019/2020','Zaragoza','T.V.A.','Eduardo','Ibáñez Castellano','2000-02-11','Colegio de Educación Especial','JEAN PIAGET','tva','tva','continua',50018131),(44553,'2019/2020','Zaragoza','T.V.A.','Elías Abraham','OSSO TORRES','2000-03-14','Centro Privado de Educación Especial','ATADES, CENTRO DE EDUCACIÓN ESPECIAL SAN MARTÍN DE PORRES','tva','tva','continua',50007674),(44554,'2019/2020','Zaragoza','T.V.A.','Elisa','Pérez Ramos','2000-08-28','Centro Privado de Educación Especial','CEDES','tva','tva','continua',50008630),(44555,'2019/2020','Zaragoza','T.V.A.','ELISABET','GABARRE GABARRE','2000-12-25','Colegio de Educación Especial','JEAN PIAGET','tva','tva','continua',50018131),(44556,'2019/2020','Zaragoza','T.V.A.','Eugenia','Clarimón Forcada','2001-05-15','Centro Privado de Educación Especial','ATADES, CENTRO DE EDUCACIÓN ESPECIAL SAN MARTÍN DE PORRES','tva','tva','continua',50007674),(44557,'2019/2020','Zaragoza','T.V.A.','GONZALO','Moros de Marta','2001-02-22','Centro Privado de Educación Especial','CEDES','tva','tva','continua',50008630),(44558,'2019/2020','Zaragoza','T.V.A.','GUILLERMO','De Vega Torres','2000-04-13','Centro Privado de Educación Especial','ATADES, CENTRO DE EDUCACIÓN ESPECIAL SAN MARTÍN DE PORRES','tva','tva','continua',50007674),(44559,'2019/2020','Zaragoza','T.V.A.','HAJAR','YAHI','2003-02-21','Centro Privado de Educación Especial','ATADES CENTRO DE EDUCACIÓN ESPECIAL SAN MARTÍN DE PORRES','out','tva','continua',50007674),(44560,'2019/2020','Zaragoza','T.V.A.','INES','DEL CASTILLO IRANZO','2001-03-27','Colegio de Educación Especial','RINCÓN DE GOYA','tva','tva','continua',50011537),(44561,'2019/2020','Zaragoza','T.V.A.','Iñigo','PEDRAJAS ORTEGA','2000-01-26','Colegio de Educación Especial','ALBORADA','tva','tva','continua',50010387),(44562,'2019/2020','Zaragoza','T.V.A.','Irene','Alcalde Mógica','2000-12-02','Centro Privado de Educación Especial','ATADES, CENTRO DE EDUCACIÓN ESPECIAL SAN MARTÍN DE PORRES','tva','tva','continua',50007674),(44563,'2019/2020','Zaragoza','T.V.A.','Ismail','Ouaddouh','2000-05-05','Colegio de Educación Especial','RINCÓN DE GOYA','tva','tva','continua',50011537),(44564,'2019/2020','Zaragoza','T.V.A.','Iuliana María','Medrea','2002-03-08','Colegio de Educación Especial','SEGEDA','ebo','tva','continua',50019408),(44565,'2019/2020','Zaragoza','T.V.A.','Iván','Gil López','2000-07-24','Colegio de Educación Especial','SEGEDA','tva','tva','continua',50019408),(44566,'2019/2020','Zaragoza','T.V.A.','Iván','Requena Fuentes','2001-04-24','Colegio de Educación Especial','RINCÓN DE GOYA','tva','tva','continua',50011537),(44567,'2019/2020','Zaragoza','T.V.A.','Javier','Cebrián Martínez','2000-05-05','Colegio de Educación Especial','JEAN PIAGET','tva','tva','continua',50018131),(44568,'2019/2020','Zaragoza','T.V.A.','Javier','SEBASTIAN CARBO','2000-07-10','Colegio de Educación Especial','RINCÓN DE GOYA','tva','tva','continua',50011537),(44569,'2019/2020','Zaragoza','T.V.A.','Jeou','Tanjigora','2001-04-30','Centro Privado de Educación Especial','ATADES, CENTRO DE EDUCACIÓN ESPECIAL SAN MARTÍN DE PORRES','tva','tva','continua',50007674),(44570,'2019/2020','Zaragoza','T.V.A.','Jesús David','Hernández Carbonell','2001-10-29','Colegio de Educación Especial','RINCÓN DE GOYA','tva','tva','continua',50011537),(44571,'2019/2020','Zaragoza','T.V.A.','JOHAN SEBASTIAN','SALDARRIAGA ORTIZ','2000-12-04','Centro Privado de Educación Especial','ATADES, CENTRO DE EDUCACIÓN ESPECIAL SAN MARTÍN DE PORRES','tva','tva','continua',50007674),(44572,'2019/2020','Zaragoza','T.V.A.','Jonathan','RODRIGO CORREIA','2000-06-02','Centro Privado de Educación Especial','CEDES','tva','tva','continua',50008630),(44573,'2019/2020','Zaragoza','T.V.A.','JORGE','Galindo Gracia','2000-01-18','Colegio de Educación Especial','RINCÓN DE GOYA','tva','tva','continua',50011537),(44574,'2019/2020','Zaragoza','T.V.A.','JUAN FRANCISCO','PAREDES AGUILAR','2000-12-04','Centro Privado de Educación Especial','ATADES CENTRO DE EDUCACIÓN ESPECIAL SAN MARTÍN DE PORRES','tva','tva','continua',50007674),(44575,'2019/2020','Zaragoza','T.V.A.','Kare','Hernández Carbonell','2001-10-29','Colegio de Educación Especial','RINCÓN DE GOYA','tva','tva','continua',50011537),(44576,'2019/2020','Zaragoza','T.V.A.','LAURA','CARO SESMA','2000-04-03','Centro Privado de Educación Especial','ATADES, CENTRO DE EDUCACIÓN ESPECIAL SAN MARTÍN DE PORRES','tva','tva','continua',50007674),(44577,'2019/2020','Zaragoza','T.V.A.','LEYRE','Gasion Pardillos','2001-11-15','Colegio de Educación Especial','ANGEL RIVIÈRE','tva','tva','continua',50017369),(44578,'2019/2020','Zaragoza','T.V.A.','Lucía','Benito Anchelergues','2000-12-31','Colegio de Educación Especial','RINCÓN DE GOYA','tva','tva','continua',50011537),(44579,'2019/2020','Zaragoza','T.V.A.','LUCÍA PILAR','Martínez Partida','2000-10-12','Colegio de Educación Especial','JEAN PIAGET','tva','tva','continua',50018131),(44580,'2019/2020','Zaragoza','T.V.A.','Luis Carlos','Morales Mañez','2000-02-21','Centro Privado de Educación Especial','ATADES, CENTRO DE EDUCACIÓN ESPECIAL SAN MARTÍN DE PORRES','tva','tva','continua',50007674),(44581,'2019/2020','Zaragoza','T.V.A.','Luis Fernando','Sanabria Álvarez','2001-01-16','Colegio de Educación Especial','ALBORADA','tva','tva','continua',50010387),(44582,'2019/2020','Zaragoza','T.V.A.','MARÍA','Canales Tarancón','2001-10-18','Colegio de Educación Especial','JEAN PIAGET','tva','tva','continua',50018131),(44583,'2019/2020','Zaragoza','T.V.A.','María','DOMINGO PIQUÉ','2001-05-23','Colegio de Educación Especial','ALBORADA','tva','tva','continua',50010387),(44584,'2019/2020','Zaragoza','T.V.A.','María José','Alda Herrer','2001-03-19','Colegio de Educación Especial','SEGEDA','tva','tva','continua',50019408),(44585,'2019/2020','Zaragoza','T.V.A.','Mariano','Spitzner Roldán','2003-05-02','Colegio de Educación Especial','SEGEDA','out','ebo','continua',50019408),(44586,'2019/2020','Zaragoza','T.V.A.','MARIO','GARCÍA TEJERO','2001-11-05','Colegio de Educación Especial','ALBORADA','tva','tva','continua',50010387),(44587,'2019/2020','Zaragoza','T.V.A.','Marta','Blanco Sánchez','2001-10-03','Colegio de Educación Especial','JEAN PIAGET','tva','tva','continua',50018131),(44588,'2019/2020','Zaragoza','T.V.A.','Marta','FERNÁNDEZ MANERO','2000-06-09','Colegio de Educación Especial','ALBORADA','tva','tva','continua',50010387),(44589,'2019/2020','Zaragoza','T.V.A.','Marta','Gómez Tornos','2001-02-19','Colegio de Educación Especial','RINCÓN DE GOYA','tva','tva','continua',50011537),(44590,'2019/2020','Zaragoza','T.V.A.','MARTIN VICTOR','MELECHKO','2001-04-27','Colegio de Educación Especial','RINCÓN DE GOYA','tva','tva','continua',50011537),(44591,'2019/2020','Zaragoza','T.V.A.','MELISA PILAR','ORTIZ VILLEGAS','2001-02-25','Centro Privado de Educación Especial','CEDES','tva','tva','continua',50008630),(44592,'2019/2020','Zaragoza','T.V.A.','Michel','Dinero de Leon','2001-05-07','Centro Privado de Educación Especial','ATADES, CENTRO DE EDUCACIÓN ESPECIAL SAN MARTÍN DE PORRES','tva','tva','continua',50007674),(44593,'2019/2020','Zaragoza','T.V.A.','MIGUEL ÁNGEL','RAMÍREZ SÁNCHEZ','2000-02-21','Centro Privado de Educación Especial','LOS PUEYOS','tva','tva','continua',50009488),(44594,'2019/2020','Zaragoza','T.V.A.','MÓNICA','MARTÍNEZ GRANDE','2001-05-30','Colegio de Educación Especial','ALBORADA','tva','tva','continua',50010387),(44595,'2019/2020','Zaragoza','T.V.A.','Mouad','MAHFOUDI','2001-11-03','Colegio de Educación Especial','ALBORADA','tva','tva','continua',50010387),(44596,'2019/2020','Zaragoza','T.V.A.','Nahomy Rashel','Coris Contreras','2000-08-08','Centro Privado de Educación Especial','ATADES, CENTRO DE EDUCACIÓN ESPECIAL SAN MARTÍN DE PORRES','tva','tva','continua',50007674),(44597,'2019/2020','Zaragoza','T.V.A.','NOOR','QAYS MAKKI AL TEKREETI','2002-05-31','Centro Privado de Educación Especial','ATADES CENTRO DE EDUCACIÓN ESPECIAL SAN MARTÍN DE PORRES','ebo','tva','continua',50007674),(44598,'2019/2020','Zaragoza','T.V.A.','Nora','BERMEJO FREIRE','2001-05-29','Colegio de Educación Especial','ALBORADA','tva','tva','continua',50010387),(44599,'2019/2020','Zaragoza','T.V.A.','PABLO','Ramos Cantero','2000-01-27','Colegio de Educación Especial','SEGEDA','tva','tva','continua',50019408),(44600,'2019/2020','Zaragoza','T.V.A.','PAULA','Blanco Badal','2000-06-29','Colegio de Educación Especial','JEAN PIAGET','tva','tva','continua',50018131),(44601,'2019/2020','Zaragoza','T.V.A.','PAULA','Chueca Antas','2001-08-22','Colegio de Educación Especial','ANGEL RIVIÈRE','tva','tva','continua',50017369),(44602,'2019/2020','Zaragoza','T.V.A.','Rabah','Rami Fellah','2001-08-10','Colegio de Educación Especial','RINCÓN DE GOYA','tva','tva','continua',50011537),(44603,'2019/2020','Zaragoza','T.V.A.','RAQUEL','GUIMERA GUTIERREZ','2001-02-01','Colegio de Educación Especial','ALBORADA','tva','tva','continua',50010387),(44604,'2019/2020','Zaragoza','T.V.A.','Raúl','Andrés Calvo','2000-06-21','Colegio de Educación Especial','RINCÓN DE GOYA','tva','tva','continua',50011537),(44605,'2019/2020','Zaragoza','T.V.A.','Raúl','Gaudioso Germán','2000-09-08','Colegio de Educación Especial','ANGEL RIVIÈRE','tva','tva','continua',50017369),(44606,'2019/2020','Zaragoza','T.V.A.','Rocío','López Jaén','2001-04-24','Colegio de Educación Especial','ANGEL RIVIÈRE','tva','tva','continua',50017369),(44607,'2019/2020','Zaragoza','T.V.A.','Ruzhitsa','KRASIMIROVA KANEVA','2000-05-10','Colegio de Educación Especial','ALBORADA','tva','tva','continua',50010387),(44608,'2019/2020','Zaragoza','T.V.A.','SAIOA','BELTRÁN CABALLERO','2002-08-22','Centro Privado de Educación Especial','ATADES CENTRO DE EDUCACIÓN ESPECIAL SAN MARTÍN DE PORRES','ebo','tva','continua',50007674),(44609,'2019/2020','Zaragoza','T.V.A.','Sandra','Landete Torres','2001-05-23','Colegio de Educación Especial','RINCÓN DE GOYA','tva','tva','continua',50011537),(44610,'2019/2020','Zaragoza','T.V.A.','SANTIAGO','Salgado Losada','2000-11-27','Colegio de Educación Especial','ANGEL RIVIÈRE','tva','tva','continua',50017369),(44611,'2019/2020','Zaragoza','T.V.A.','SERGIO','SAZ SALAFRANCA','2001-04-23','Centro Privado de Educación Especial','ATADES, CENTRO DE EDUCACIÓN ESPECIAL SAN MARTÍN DE PORRES','tva','tva','continua',50007674),(44612,'2019/2020','Zaragoza','T.V.A.','YASMINA','CLAVERÍA LIZARRAGA','2000-12-15','Centro Privado de Educación Especial','LOS PUEYOS','tva','tva','continua',50009488),(44613,'2019/2020','Zaragoza','Educación Primaria (E.E.)','MOHAMED AMINE','EL MOURABIT','2014-07-23','Colegio de Educación Especial','JEAN PIAGET','ebo','ebo','continua',50018131),(44614,'2019/2020','Zaragoza','Educación Primaria (E.E.)','AYMANE','EL MOURABIT','2009-05-26','Colegio de Educación Especial','JEAN PIAGET','ebo','ebo','continua',50018131),(44615,'2019/2020','Huesca','Educación Primaria (E.E.)','JUDIT','ANTIMASVERES HERNANDEZ','2010-07-24','Colegio de Educación Infantil y Primaria ','PÍO XII','ebo','ebo','continua',22002338),(44616,'2019/2020','Zaragoza','Educación Infantil (E.E.)','ALONSO','MORENO SEMPER','2012-09-26','Colegio de Educación Infantil y Primaria','JULIÁN SANZ IBÁÑEZ','ebo','ebo','continua',50006049),(44617,'2019/2020','Zaragoza','Educación Infantil (E.E.)','Mara Natasha','Gómez Castañeda','2013-07-23','Colegio de Educación Especial','SAN GERMÁN','ebo','ebo','continua',50008915);
/*!40000 ALTER TABLE `matricula` ENABLE KEYS */;
UNLOCK TABLES;

--
-- Table structure for table `renta`
--

DROP TABLE IF EXISTS `renta`;
/*!40101 SET @saved_cs_client     = @@character_set_client */;
/*!40101 SET character_set_client = utf8 */;
CREATE TABLE `renta` (
  `id_renta` int(11) NOT NULL AUTO_INCREMENT,
  `id_alumno` int(11) NOT NULL,
  `datos` varchar(100) NOT NULL,
  `parentesco` enum('padre','madre') NOT NULL,
  `dni` varchar(9) NOT NULL,
  UNIQUE KEY `cp_renta` (`id_renta`) USING BTREE,
  UNIQUE KEY `un_renta` (`datos`,`parentesco`,`dni`) USING BTREE
) ENGINE=InnoDB DEFAULT CHARSET=latin1;
/*!40101 SET character_set_client = @saved_cs_client */;

--
-- Dumping data for table `renta`
--

LOCK TABLES `renta` WRITE;
/*!40000 ALTER TABLE `renta` DISABLE KEYS */;
/*!40000 ALTER TABLE `renta` ENABLE KEYS */;
UNLOCK TABLES;

--
-- Table structure for table `sorteo`
--

DROP TABLE IF EXISTS `sorteo`;
/*!40101 SET @saved_cs_client     = @@character_set_client */;
/*!40101 SET character_set_client = utf8 */;
CREATE TABLE `sorteo` (
  `id_alumno` int(11) NOT NULL,
  `trans_cole` enum('1','2','3','4') NOT NULL COMMENT '4.transporte sin cole- 3. transporte con cole- 2.no cole''- 1. cole',
  `numero_sorteo` int(11) NOT NULL,
  PRIMARY KEY (`id_alumno`)
) ENGINE=InnoDB DEFAULT CHARSET=latin1;
/*!40101 SET character_set_client = @saved_cs_client */;

--
-- Dumping data for table `sorteo`
--

LOCK TABLES `sorteo` WRITE;
/*!40000 ALTER TABLE `sorteo` DISABLE KEYS */;
/*!40000 ALTER TABLE `sorteo` ENABLE KEYS */;
UNLOCK TABLES;

--
-- Table structure for table `tributantes`
--

DROP TABLE IF EXISTS `tributantes`;
/*!40101 SET @saved_cs_client     = @@character_set_client */;
/*!40101 SET character_set_client = utf8 */;
CREATE TABLE `tributantes` (
  `id_alumno` int(11) DEFAULT NULL,
  `id_tributante` int(11) NOT NULL AUTO_INCREMENT,
  `nombre` char(20) NOT NULL,
  `apellido1` char(20) NOT NULL,
  `apellido2` char(20) DEFAULT NULL,
  `parentesco` char(50) DEFAULT NULL,
  `dni` char(9) DEFAULT NULL,
  PRIMARY KEY (`id_tributante`),
  KEY `id_alumno` (`id_alumno`),
  CONSTRAINT `tributantes_ibfk_1` FOREIGN KEY (`id_alumno`) REFERENCES `alumnos` (`id_alumno`)
) ENGINE=InnoDB AUTO_INCREMENT=6 DEFAULT CHARSET=latin1;
/*!40101 SET character_set_client = @saved_cs_client */;

--
-- Dumping data for table `tributantes`
--

LOCK TABLES `tributantes` WRITE;
/*!40000 ALTER TABLE `tributantes` DISABLE KEYS */;
INSERT INTO `tributantes` VALUES (8924,1,'ANDRÉS','LAGUNA','MINGORANCE','PADRE','74730476A'),(8924,2,'MARIA LUISA','QUIRÓS','BLANCO','MADRE','53623199X'),(8959,3,'ANTONIO','JIMÉNEZ','JIMÉNEZ','PADRE','17726721T'),(8960,4,'EMILIAN','TINTOI','','PADRE','X8306358T'),(8960,5,'DAMARIS','TINTOI','','MADRE','Y2613447V');
/*!40000 ALTER TABLE `tributantes` ENABLE KEYS */;
UNLOCK TABLES;

--
-- Table structure for table `usuarios`
--

DROP TABLE IF EXISTS `usuarios`;
/*!40101 SET @saved_cs_client     = @@character_set_client */;
/*!40101 SET character_set_client = utf8 */;
CREATE TABLE `usuarios` (
  `id_usuario` int(11) NOT NULL AUTO_INCREMENT,
  `nombre_usuario` varchar(500) NOT NULL,
  `rol` enum('alumno','centro','spzaragoza','sphuesca','spteruel','admin') DEFAULT 'alumno',
  `clave` varchar(200) NOT NULL,
  `clave_original` int(4) DEFAULT NULL,
  PRIMARY KEY (`id_usuario`),
  UNIQUE KEY `cp_usuarios` (`id_usuario`) USING BTREE,
  UNIQUE KEY `nombre_usuario` (`nombre_usuario`,`clave`),
  UNIQUE KEY `nombre_usuario_2` (`nombre_usuario`,`clave_original`)
) ENGINE=InnoDB AUTO_INCREMENT=50033039 DEFAULT CHARSET=latin1;
/*!40101 SET character_set_client = @saved_cs_client */;

--
-- Dumping data for table `usuarios`
--

LOCK TABLES `usuarios` WRITE;
/*!40000 ALTER TABLE `usuarios` DISABLE KEYS */;
INSERT INTO `usuarios` VALUES (1,'noname','centro','499ddaad9df107bf7107a3e2c0064800',NULL),(22000056,'22000056','centro','0781afcb43365b7f5eb51adc0e7e4bc9',NULL),(22000071,'22000071','centro','6fe63af8348c8437d3709598d473b465',NULL),(22000251,'22000251','centro','2ef7a0df3397a8468fa8ac20f407551c',NULL),(22000299,'22000299','centro','ece5dac45c780165bf982f89fdd73298',NULL),(22000585,'22000585','centro','a581679bd7c468ef2246ec4f01364d3a',NULL),(22000706,'22000706','centro','ee18438c90f573d71d941d94ee8f2540',NULL),(22000721,'22000721','centro','e07cc633a29e0acf76fd190e78e7f387',NULL),(22000731,'22000731','centro','0a15adb8cd87bab6e5a8895c01867433',NULL),(22000767,'22000767','centro','5a8237a21a3240cd269f78c07200e520',NULL),(22000779,'22000779','centro','66e0b72911e1e052c982cb4bbd559190',NULL),(22000809,'22000809','centro','1eef01f3da486ca2fa47720c50bf9f0f',NULL),(22001073,'22001073','centro','0a955c44899be3990a5bda4978df083a',NULL),(22001085,'22001085','centro','2534c1a69814d200fda9b62cce4ba6a1',NULL),(22001191,'22001191','centro','dbe4b1927ce8fc00135770e0fc57c6c8',NULL),(22001243,'22001243','centro','35419967c90c9bc78f66aae2eb5f5f17',NULL),(22001358,'22001358','centro','6926c51f0a96e1b4ca5e0d371f0aca89',NULL),(22001437,'22001437','centro','e4c1b2d363000be63918c1808ed32447',NULL),(22001656,'22001656','centro','8efb21c54a7c817e3b000a7c343d140d',NULL),(22001875,'22001875','centro','b0f2b837618fb22ef4784bc7794df8cb',NULL),(22001887,'22001887','centro','581959d5711bfaa19480fbb5cd0668bc',NULL),(22001899,'22001899','centro','f321311c827711f66491e4ea4323a85f',NULL),(22001905,'22001905','centro','6fb7ab8c7b8988a9913a7986c5f015be',NULL),(22001917,'22001917','centro','47e6a258d6bd60d7ee9878b59822833c',NULL),(22002016,'22002016','centro','4ebb3a8138fe40d2e6cc5c00c8984940',NULL),(22002119,'22002119','centro','e5207fa9541bbb9b57c4a11906d1363a',NULL),(22002156,'22002156','centro','6058f2fb4b78420d81d76f510ab55226',NULL),(22002168,'22002168','centro','d1fb6ef3075fa046a87820cb2333e7a7',NULL),(22002302,'22002302','centro','1ddcd244f9a5d3f213ba6bd6c9604e99',NULL),(22002338,'22002338','centro','6c7895d75c630765deb04dced31ca1c0',NULL),(22002341,'22002341','centro','22a019aaac4999aad586808288da46c0',NULL),(22002351,'22002351','centro','c778fdb140ea2aab6a8dae8c64945ab8',NULL),(22002417,'22002417','centro','000ffc87027752e01a22054e451d3f0e',NULL),(22002430,'22002430','centro','85f945f25659cbc6b7680449bca4216f',NULL),(22002466,'22002466','centro','66fbf97cf8ba5985ede1860ca1ec9ed1',NULL),(22002478,'22002478','centro','42382fc0f6337498f8b85ce46025f9c5',NULL),(22002491,'22002491','centro','33f29b4b7c984f3a8533ad8224d7db34',NULL),(22002508,'22002508','centro','7f3409d7182794333937a7a9a78504d1',NULL),(22002511,'22002511','centro','f608e195c6b06dd862fdb4566339e1bf',NULL),(22002521,'22002521','centro','f67a2db3ee9810575ae404065c0d959f',NULL),(22002569,'22002569','centro','9c13c8961966d3598342b6617588f41a',NULL),(22002673,'22002673','centro','6cd5296e20b83d7c73d41d91a5fd2c70',NULL),(22002703,'22002703','centro','cad735f57e166f9bf416aa5cf27e2aba',NULL),(22002727,'22002727','centro','50882bf1cdcbe1b6348943b975f437a4',NULL),(22002740,'22002740','centro','e37d126fe7528dce56397cbeac10b625',NULL),(22002843,'22002843','centro','922367dbd0661306bd468030e779a3ce',NULL),(22003100,'22003100','centro','1344ce0e625f3bb8ba7111a3877a2141',NULL),(22003215,'22003215','centro','5e3a63695bb45bfe97709bfcccb714c6',NULL),(22003239,'22003239','centro','109b58d012ebbf26517af0500edc6aa5',NULL),(22003252,'22003252','centro','05d63026bfa6bd896a35aeb9dfc19a65',NULL),(22003276,'22003276','centro','b55e5650d1302fb5512a6f0ab40ab2fd',NULL),(22003288,'22003288','centro','d982f8c9afea1b77b217576cfa72e2e9',NULL),(22003343,'22003343','centro','9849a811b11cac6e996fab575723d1d4',NULL),(22003586,'22003586','centro','1c4e909064553a29ebfb8e22b47cc3be',NULL),(22003835,'22003835','centro','0682cae6fb22526c31ef7d2835479459',NULL),(22003847,'22003847','centro','3b4d5e260774efc2ece66428aa899b08',NULL),(22003860,'22003860','centro','5c5e82a8bbedc95cf217ec269c19fca1',NULL),(22003902,'22003902','centro','f27a7b6be1093447e12bf3e09178918e',NULL),(22003926,'22003926','centro','e5bdbef89c69ef3fe387118724021e52',NULL),(22004104,'22004104','centro','f196e73ce8c729b0d990f809b8b4307d',NULL),(22004189,'22004189','centro','c49b4ad27752796f5df35409f1ec3d79',NULL),(22004271,'22004271','centro','5d664c6828558c2187b3afe8dea43231',NULL),(22004566,'22004566','centro','74521063ee874ead2d45c58e2005aabd',NULL),(22004578,'22004578','centro','a23cf16f99d5092f73e42665ee6b2abb',NULL),(22004608,'22004608','centro','f066fdf4911ef39fb6bc85ddb7b3b51d',NULL),(22004611,'22004611','centro','a04350241295ce5c93f7d826c056760a',NULL),(22004633,'22004633','centro','31cd8221e9b0b14f06b560f26b2b0567',NULL),(22004773,'22004773','centro','75ee81db407efcf7ca305db9b34d95ef',NULL),(22004839,'22004839','centro','969fe0daebc1e515f7c14a83b449e576',NULL),(22004840,'22004840','centro','2dab00aad4480809db1d53ce00b85346',NULL),(22004888,'22004888','centro','0ad60bf2be9a24e0f91eae8656477f0b',NULL),(22004891,'22004891','centro','c68bef67671486d5d7c191e36bbc9edb',NULL),(22004906,'22004906','centro','268af503799721ae4641fa3244c2fb19',NULL),(22004943,'22004943','centro','0dee92cf3191a4d9b1d92538c5f0d4f4',NULL),(22005030,'22005030','centro','08e2e050b124a23d3ae2913cd1ad6cb1',NULL),(22005054,'22005054','centro','69eadc5535c7f2cbafe35cbc6d948e01',NULL),(22005121,'22005121','centro','befab241e0e6418423e687bddc279c29',NULL),(22005145,'22005145','centro','555b29a2404c403e18d3eef6115ebb87',NULL),(22005157,'22005157','centro','4706d5bc56405c88c5db88c9ff5f8b13',NULL),(22005200,'22005200','centro','ba79fcde0dc1cfc8662d8c59a9f98abb',NULL),(22005340,'22005340','centro','2b5cbeec90dc8fa88501c7b97c0b45b1',NULL),(22005388,'22005388','centro','0c8f965a3dc9ba025b11bd6aed8dd81d',NULL),(22005391,'22005391','centro','3fee5a923c03748720f7c0f777254579',NULL),(22005406,'22005406','centro','62650e3f5e31e6c760794aea410d0290',NULL),(22005431,'22005431','centro','ce7e3ac10c4c8553b789b7f31fd6d1d7',NULL),(22005674,'22005674','centro','e1035d89b2de591122cbbb5188778701',NULL),(22005686,'22005686','centro','c339de0ce8c281cca68e1b4f9b7c48c6',NULL),(22005698,'22005698','centro','53c43a5edb79277cfcc97e2f136c0402',NULL),(22005704,'22005704','centro','91432c842b5a31106e37d97f49afae16',NULL),(22005716,'22005716','centro','571a93968eb888bab305aa573f1a5564',NULL),(22005728,'22005728','centro','224eda1c8db29de6339ab1f8562c741c',NULL),(22005731,'22005731','centro','880419b63c68231219c381bbb603b28a',NULL),(22005741,'22005741','centro','506165a97d1812cf6bf52569282361b5',NULL),(22005765,'22005765','centro','b53c7de1c643ebb82bd61bf6e65193b6',NULL),(22005789,'22005789','centro','732869e4745e6bae792bf99c37bc08f3',NULL),(22005807,'22005807','centro','a450f98f51a75b245539b7d7183ce98e',NULL),(22005819,'22005819','centro','86db7484a9198a64530241d568895c25',NULL),(22005820,'22005820','centro','f8e13d063acdaadb0ef38806bf3dd697',NULL),(22005832,'22005832','centro','6f078db4c59970be31613eb6fef5026b',NULL),(22005844,'22005844','centro','2c9721f52c9956502d5969c54ed062e7',NULL),(22005856,'22005856','centro','d93b260af3006bf37502ed19128f8ec3',NULL),(22005868,'22005868','centro','a7a64128d71a53f92e88540f0c71bb15',NULL),(22005881,'22005881','centro','2cd046532c8c7b531eff237412bb82f4',NULL),(22006083,'22006083','centro','d246644b579770a993ea74a9c8494d30',NULL),(22006095,'22006095','centro','4a89c4aaf8c51c7dfcbe06a150781fdc',NULL),(22006101,'22006101','centro','5a4e7ef5c7875f4d320e15ce919f984f',NULL),(22006113,'22006113','centro','b6a655cdfd575ac207316ff201269351',NULL),(22006125,'22006125','centro','5a67965041f04d4ac54c1d36f19465e8',NULL),(22006137,'22006137','centro','6624c2760d6833fae4fcabcceea4bca6',NULL),(22010001,'22010001','centro','b95de971f10b1d8a2a30c7dc15c906e9',NULL),(22010323,'22010323','centro','0adc57da09e1e347473da2af1fde4188',NULL),(22010712,'22010712','centro','edb1fde8526b8993487cb995ad7d3135',NULL),(22010839,'22010839','centro','143e1e17075a4f852ee43d15e2a1a97b',NULL),(22010876,'22010876','centro','0c0149fa82359f19c62d58af43a7ceff',NULL),(22010967,'22010967','centro','41a7884b2d9e0b89b4ee14c21d7852cf',NULL),(22010980,'22010980','centro','5ecc443ca65b8a68ea7bf2281ae0f847',NULL),(22010992,'22010992','centro','99a6ac4f5a3b81cc2883d1d4ae53fa75',NULL),(22011005,'22011005','centro','2d22885a00e15b34053c5a9ff13fe449',NULL),(44000121,'44000121','centro','f22a68aa687b14c0390fc86165735879',NULL),(44000246,'44000246','centro','6a9c0de48f4fcedb92b98ee20f3dab66',NULL),(44000261,'44000261','centro','ff525731c4db6ce70326c903b66ecf8e',NULL),(44000271,'44000271','centro','25f9beff805a0ddebe995fa5208da1bb',NULL),(44000325,'44000325','centro','0d2403e00bf997ee7071540bb0ddbd89',NULL),(44000465,'44000465','centro','d64dbb2861df541843e318d6d889f707',NULL),(44000799,'44000799','centro','0ed4d24f2cde4f31dfce55615fe321f1',NULL),(44000829,'44000829','centro','80f31e6296b0957d84011400906a295d',NULL),(44001159,'44001159','centro','6e2539e3a386893da1d4ea8cb83c50d4',NULL),(44001378,'44001378','centro','b4c1542bb2d5ec433aef1e989d5c60d2',NULL),(44001706,'44001706','centro','9a1a08a7a2e465c9835ade94f071b0a4',NULL),(44002061,'44002061','centro','0f432f22ac43e33d03279f025a65600a',NULL),(44002152,'44002152','centro','50fd3e15283fde4eefb8ffc99d4ebe9c',NULL),(44002191,'44002191','centro','c2de9f557cf58cfd1901a8d78811dd49',NULL),(44002221,'44002221','centro','16af061493b5b482b619008b168a399b',NULL),(44002541,'44002541','centro','1459fdc32a6827997aa3fc5505daf70b',NULL),(44002942,'44002942','centro','c902e4be34826008f26f25c4b50c003c',NULL),(44003028,'44003028','centro','b7734b297875bdf566c304c46b55518f',NULL),(44003041,'44003041','centro','be67a663a62148eee22fd0e64c2cf15a',NULL),(44003077,'44003077','centro','31fb308b0262e1ad1b864ebcef320c42',NULL),(44003090,'44003090','centro','6a59009478a00850e558ed2b7840e1d6',NULL),(44003107,'44003107','centro','a603fa9945bc4311fb0e9b9a3d14dcf0',NULL),(44003120,'44003120','centro','62e8872435349086813870a677c6ee3e',NULL),(44003156,'44003156','centro','fd6d0a14a6905fbc15731e8477cfa1ed',NULL),(44003171,'44003171','centro','0e702f977827bd31cd41588e99c16053',NULL),(44003211,'44003211','centro','1f7e8575e45c2aa348b2f5ae75f4d635',NULL),(44003223,'44003223','centro','4caad13af907167beae5f955ddfb4dff',NULL),(44003235,'44003235','centro','a8cd90ad844ae836e30081e2ba4b3e1a',NULL),(44003247,'44003247','centro','5352adee1718ed532532f5dcf6a40140',NULL),(44003259,'44003259','centro','e97c4c8dc3623782061325907741acce',NULL),(44003272,'44003272','centro','ee37280123ae3dd6f820e9be57246581',NULL),(44003284,'44003284','centro','7921907c4a753c87a31ed39a7a9d43d8',NULL),(44003636,'44003636','centro','77bb3fcf1e16a4def8bfd38e5aa9a712',NULL),(44003715,'44003715','centro','4db934299d1b34b8e029319a045350f3',NULL),(44004045,'44004045','centro','f9e9723bcc09dff603bd82466a0ab7e2',NULL),(44004148,'44004148','centro','f03fd6a5a22788d7b4f4dbb2bbc11212',NULL),(44004239,'44004239','centro','a7e4c4913b9abdf9af98897a2675c4ae',NULL),(44004306,'44004306','centro','4aa428418b5c4a7b838d3f8384ca9975',NULL),(44004471,'44004471','centro','a9584b06f572c9e36af1be663113e05c',NULL),(44004483,'44004483','centro','c5a4edace16edf54ee38a6b7cb4fbb6d',NULL),(44004495,'44004495','centro','317ac16994c96c2b1c0902b4ffcb67a4',NULL),(44004550,'44004550','centro','66d0f6ce0cd23590ae5fd0949a885d08',NULL),(44004562,'44004562','centro','664f9ca9a60ac7691f02cee9d64535e2',NULL),(44004598,'44004598','centro','37ceeefe2a4d29fae4da7f8bd766db25',NULL),(44004616,'44004616','centro','092548392e23d293ca297d2c6f10ea48',NULL),(44004628,'44004628','centro','cf2364f4c2065cbdd67abaff46756994',NULL),(44004653,'44004653','centro','1f6f38ebcb4a123cf251e332a03ef48b',NULL),(44004665,'44004665','centro','2caca719d96397458f1fa876444f64ba',NULL),(44004677,'44004677','centro','8e6a6e3e9e1096ff11e99fdacf9171d1',NULL),(44004689,'44004689','centro','2e22a03985dd85a2651938ab5a69a643',NULL),(44004690,'44004690','centro','1c766e70b6ff108e3c8b2cc634de4027',NULL),(44004707,'44004707','centro','a9667e0069e42f30b081b14622b806b0',NULL),(44004719,'44004719','centro','a3b81030999b08e4e3f5f1d29b3dcbe6',NULL),(44004720,'44004720','centro','c64a3421a2f03abc3842afc990ce2700',NULL),(44004732,'44004732','centro','fcdf7b7ccb92468dcd810f903cfbe8c6',NULL),(44004744,'44004744','centro','d1277f7fc84506e45aa675c668b8f1f3',NULL),(44004756,'44004756','centro','333c52b25807cdc81486b6f76e82b83f',NULL),(44004768,'44004768','centro','2616f3561eeceee8fc1b88d9d2776d19',NULL),(44004771,'44004771','centro','113f8ed71be979e948c6f8e4ff7a2ffc',NULL),(44004781,'44004781','centro','b95debc5086d941d81ac1e9f7caadb93',NULL),(44004793,'44004793','centro','97b3b5b31ab1a02f070f803e72b370f1',NULL),(44004801,'44004801','centro','fcd55f92cbcea8fc6a8ad32396402edc',NULL),(44004811,'44004811','centro','50336fae428a13b0d1193e131e105664',NULL),(44005062,'44005062','centro','a101b33f97d5e10ff85d55e28a0a6426',NULL),(44005074,'44005074','centro','67a8a9de473ba7bf09836fde6c17b629',NULL),(44005098,'44005098','centro','f414479bd04bc9dd7369559dfc09fc40',NULL),(44005104,'44005104','centro','75e52442fbb547993e7a174905c680ef',NULL),(44005116,'44005116','centro','5366449593c2b3e4392a594a5ce54fb4',NULL),(44005128,'44005128','centro','af57a6e73a1277074e8586c8a07a3af7',NULL),(44005131,'44005131','centro','7bc39256433f4b593a2e32ce3673cb32',NULL),(44005153,'44005153','centro','55c2fcd9f83b6f483f21e91429263bba',NULL),(44005165,'44005165','centro','c00c542fed0e04f841ee5a27fcb5ac75',NULL),(44005177,'44005177','centro','6c51ad2ca967f3f45ca259ac0be485cb',NULL),(44005190,'44005190','centro','c6c978bce9d88a695deb3c49bda72f5b',NULL),(44005207,'44005207','centro','6e26e645f8a417eb0fdfb86a311b0e29',NULL),(44010011,'44010011','centro','afe94284151c79a259a6151e01705167',NULL),(44010100,'44010100','centro','28d0a11316ae8af5dab75acde03d1a86',NULL),(44010203,'44010203','centro','6339d26f59e616458fe991e468e55087',NULL),(44010537,'44010537','centro','0442f9e0b0e936c76e2ff1c83a90f52e',NULL),(44010719,'44010719','centro','018bb68f90b736b88314702c7e580811',NULL),(50000126,'50000126','centro','3b88694332c604d23031113ed2b68dc7',NULL),(50000151,'50000151','centro','d7f51cb28644c00e2d7c2fbe5a8dd993',NULL),(50000163,'50000163','centro','fc0f8d254de262ca4abca5e055d0ebb4',NULL),(50000291,'50000291','centro','338f825010eda72e0624ec7a7c5d6dac',NULL),(50000369,'50000369','centro','37bfecba5d4e5b6ca3d0e7476c823462',NULL),(50000370,'50000370','centro','48de66b6ade91bff0b6dfaba80e0dd34',NULL),(50000412,'50000412','centro','6da82271eb9cdeb6ea215b1b400b455f',NULL),(50000436,'50000436','centro','72b059d86956ec93bbe2ae5a6622f4bd',NULL),(50000618,'50000618','centro','05e59d95d31816ccde8e4449377dcf44',NULL),(50000722,'50000722','centro','c5f31765369dc10d04bbaa616631c885',NULL),(50000850,'50000850','centro','50ac0123f094cc18af6ff9194429b4ec',NULL),(50000862,'50000862','centro','97c44badf1cd1570acdadbc2ea47a369',NULL),(50000874,'50000874','centro','4a9c98d21aa3c8b386bfe238c8fc3b64',NULL),(50000904,'50000904','centro','269fe2e059957dce7d406d4d02710b77',NULL),(50001064,'50001064','centro','b9c47f50e19d2b9b3d7400ca2443453f',NULL),(50001076,'50001076','centro','a8d481c7779771ae841d945fcb635050',NULL),(50001088,'50001088','centro','39fa3d6af9d121d8e9443fe39e6e9620',NULL),(50001121,'50001121','centro','e715f7a9df80d158f6fa9a5845d80d5b',NULL),(50001167,'50001167','centro','03dd29a62d2805acf1f22d0847c0e4d4',NULL),(50001179,'50001179','centro','4d65f8121c48dfc58e4b06eb6be54934',NULL),(50001222,'50001222','centro','66a4c084a217d8cf9b1dfae5c5baa14a',NULL),(50001301,'50001301','centro','9113f230b51dd01edde51d973ad5af3d',NULL),(50001349,'50001349','centro','8b4a121b034997bf4ae976208ffbd348',NULL),(50001350,'50001350','centro','5655a6036c4960b26e505839be7817fe',NULL),(50001362,'50001362','centro','508500ed6ec4e84132a223de20a72bc0',NULL),(50001672,'50001672','centro','d5a8768d002da8f7b98c9843342e751d',NULL),(50001702,'50001702','centro','4bc0a1b13f9c3b7eb998eb78c855c3d6',NULL),(50001763,'50001763','centro','0282b04cca527480129c57591f999ea9',NULL),(50001775,'50001775','centro','07e80ae1d754b08a4cc091524568554b',NULL),(50001799,'50001799','centro','f5e42dbb405d7c5d7a51f6a335b7b7a5',NULL),(50001829,'50001829','centro','89fcb47433cd3c534dd0cb1ce24b3f4d',NULL),(50001830,'50001830','centro','27bfd6eb5dca3b1aa19cac10611e281c',NULL),(50002007,'50002007','centro','5d97d3a48afd4c23264d4e780453f16c',NULL),(50002032,'50002032','centro','f750772f5535ba1a3937ed2ebd7795ba',NULL),(50002123,'50002123','centro','1168b0df848e007b358cccb1f2194651',NULL),(50002275,'50002275','centro','9d5c3b8217a91dd5ab7e5e2aae15a319',NULL),(50002329,'50002329','centro','d5b92a0111adf4a54d31c4b630a787a1',NULL),(50002433,'50002433','centro','b9b269078b63262800b2ba6fc2340451',NULL),(50002457,'50002457','centro','5a12f690d145491aa9accce0cdcdd613',NULL),(50002512,'50002512','centro','5f2bf84e71874427c016bac66e4894ab',NULL),(50002810,'50002810','centro','a50544e99b41486b38eb82f828dc3330',NULL),(50002937,'50002937','centro','88c73869e6fec79635280d0c1877bd6d',NULL),(50003048,'50003048','centro','72a0f956e6ff2db28a1542d42fef2ed1',NULL),(50003206,'50003206','centro','cfcdc6966c59fe93c2ef32a6a9ef08f8',NULL),(50003504,'50003504','centro','2a4782ac89145ebe12fe565b67e4b690',NULL),(50003711,'50003711','centro','d90fa8d0c89727edfbc1d672cea98069',NULL),(50003735,'50003735','centro','fe4f676ab79da2f6bd96168ac7c25f40',NULL),(50003838,'50003838','centro','a6cfed72c943481fe51d0934b33e3554',NULL),(50003851,'50003851','centro','ceee0ea008283b59ab2ae1b41587e713',NULL),(50003863,'50003863','centro','2a6bd619b6cc630b4f249cec2f57bfc7',NULL),(50003981,'50003981','centro','2090539c8f916670eae7925021b8383b',NULL),(50004004,'50004004','centro','3bc737699d5bd2b72d3f2b0d63aa5d8a',NULL),(50004031,'50004031','centro','6f3083e3e91e8639e6aebf81528cefe3',NULL),(50004053,'50004053','centro','f7b1e99256d182ba6547ec47c43018be',NULL),(50004077,'50004077','centro','2d0211c81c05349fce84f432bd1e0ea1',NULL),(50004326,'50004326','centro','70cadaad2a3a3b8681558ebf2a99efba',NULL),(50004430,'50004430','centro','c8c44db3fac3d7c8c41868e42d54f9bb',NULL),(50004478,'50004478','centro','c837cae9311ab03fb63350ebf909325e',NULL),(50004545,'50004545','centro','27dc7cedba35eb26492b7a38ae27b1cc',NULL),(50004570,'50004570','centro','34b47699c6d034e998240da3bba7bd98',NULL),(50004594,'50004594','centro','5f00c3bbe12b894b8c90c5084725ea35',NULL),(50004612,'50004612','centro','7cd032dae5e792158ec6994adcbdd646',NULL),(50004703,'50004703','centro','84ca5684cd68dabad148c1aa53678950',NULL),(50004843,'50004843','centro','cd0c44d3ebd5832ae35f755323dc102a',NULL),(50004879,'50004879','centro','554597644210d6e0b40bc8d3ff78756b',NULL),(50004946,'50004946','centro','f4ef37acef0a7bbb11b4244be04d4d6a',NULL),(50005011,'50005011','centro','c2d90f39f366a36893d21e1295ebe2fe',NULL),(50005276,'50005276','centro','d8a4d379bf07f0483d60565b063097d7',NULL),(50005291,'50005291','centro','9fa425f2bd87aee675c3b8457d79c4cf',NULL),(50005331,'50005331','centro','e41425ebfa5ebef9184d164bb5275c96',NULL),(50005422,'50005422','centro','3d497b136728f761c5f5418a60d2fe3d',NULL),(50005483,'50005483','centro','a3ee1b5358b90118e5afe5d4c50c39cc',NULL),(50005513,'50005513','centro','88b16c1bfb6a2b5587bdefa3d360538f',NULL),(50005537,'50005537','centro','74a39ff413c8a7a18fab73c7354f264a',NULL),(50005550,'50005550','centro','ba9e61da27bdf8dea8657e43dd6d3689',NULL),(50005562,'50005562','centro','80cecfa277dcd956f8f864df1b67f37b',NULL),(50005574,'50005574','centro','a72aa636396743e798ad432de1cae8de',NULL),(50005598,'50005598','centro','df2dd78ff01cd2f4183cfde558fba6d9',NULL),(50005616,'50005616','centro','2c7c7baeeb955d29750ea06530a7b29e',NULL),(50005631,'50005631','centro','eb58421fa2db20343aba573f2a20cdcd',NULL),(50005641,'50005641','centro','c59286990b576a742f129d2438fd75db',NULL),(50005653,'50005653','centro','06475283f7fe4a5b9842374af2e96132',NULL),(50005677,'50005677','centro','284f4a458d99b27e6801880b74d2f088',NULL),(50005690,'50005690','centro','8dd75bb4cf3244adeb47418e32745e6b',NULL),(50005707,'50005707','centro','67ffdad36d48cebd0ef5588362c05c7a',NULL),(50005744,'50005744','centro','6f46e11ed9fc785f6dcbc92c21498d52',NULL),(50005768,'50005768','centro','bbe95240b889f452bc1545e74d2d6ffc',NULL),(50005781,'50005781','centro','a220aec26d4d21c6fc56424fdebd3f21',NULL),(50005793,'50005793','centro','27146a93b1f887ab5b76d8024c49dff1',NULL),(50005823,'50005823','centro','59d0bc6a9a932fa41b6236d0711e5ea2',NULL),(50005872,'50005872','centro','ed768a140cdf8d0822e4203ba407f6e3',NULL),(50005896,'50005896','centro','58075f413928b7d47ea9289bd5eb7638',NULL),(50005902,'50005902','centro','cd00b4ea58597e20fb1d99c35994bf01',NULL),(50005914,'50005914','centro','44951440c68c443e2830124a5dbfe1b0',NULL),(50005926,'50005926','centro','471dc91d44ca259a8a86ba51dade391c',NULL),(50005951,'50005951','centro','5ddadf65f02f5f79a8065604327fe011',NULL),(50005963,'50005963','centro','b01da48cf7c48a903baf8e5c5da17b73',NULL),(50005975,'50005975','centro','07efc80152a91e63e45a20de55f960c1',NULL),(50005999,'50005999','centro','006c02adda17fa6cf9d96054aa028a60',NULL),(50006001,'50006001','centro','29e913d3c2f6f26d2e256515efac0d80',NULL),(50006013,'50006013','centro','9ab367f674a3079d59d6b1c571d66c04',NULL),(50006025,'50006025','centro','0231ceff8589838e7e749eb2f30806ba',NULL),(50006037,'50006037','centro','f1c62caf266b743d0fde5f85a50647a9',NULL),(50006049,'50006049','centro','359b279ae580e7fa98f6770cfc0c6fef',NULL),(50006050,'50006050','centro','4503d334afd51fa3cd6641118fa122df',NULL),(50006074,'50006074','centro','56dad130d35780cb8120e5ebe019918d',NULL),(50006128,'50006128','centro','d705d5abd69a03723854d5a53ec5c3df',NULL),(50006141,'50006141','centro','78b7a47b7c5f8c23e523e2ad4a01c460',NULL),(50006153,'50006153','centro','108f20ffb16b18909defb07414a006ef',NULL),(50006165,'50006165','centro','4a732e14c54bff7d55acbc8f488dfa33',NULL),(50006207,'50006207','centro','e54e398f1efb099340875e0235e8feb4',NULL),(50006219,'50006219','centro','ee6bc36558019e96b214f5171c5dfc29',NULL),(50006220,'50006220','centro','c6a4bad4fa35bba9d5abe69bc98f4cde',NULL),(50006232,'50006232','centro','09ce9d8c1431e14ba6fcbe8157feb5a6',NULL),(50006281,'50006281','centro','43b3cb61db919250d6d252ed593c0838',NULL),(50006311,'50006311','centro','a5b1ce91c38166690e5c027cc3e9b3b8',NULL),(50006414,'50006414','centro','c1100f8fff28813b66ff215c65cf6849',NULL),(50006438,'50006438','centro','0106b414c12c9f56f2ac84d321f4b54f',NULL),(50006463,'50006463','centro','8d605883787d07212d7ae9f225b72724',NULL),(50006529,'50006529','centro','a7a448b67d288289858b8de71e8a8fcd',NULL),(50006542,'50006542','centro','e4409272c75b4bd51efd9f3d8115a8fc',NULL),(50006554,'50006554','centro','591dbf0ae47b82e8b49f9dc0dd6b6a0e',NULL),(50006566,'50006566','centro','78e155dcde9d74c44b5393108c299466',NULL),(50006578,'50006578','centro','fabfb227db875516c8a9e491f76a1fe5',NULL),(50006581,'50006581','centro','df02669608bb624c42f962356a5cdd50',NULL),(50006633,'50006633','centro','eb1a20b06f41d97b1ff892e60ec8e32a',NULL),(50006669,'50006669','centro','dd66b2bba76fc0537d9fcbbda242ca29',NULL),(50006700,'50006700','centro','3b9f6929dcd82d830544e669a0b666d6',NULL),(50006751,'50006751','centro','3e84c0437b043409164892de5096c0cb',NULL),(50006761,'50006761','centro','956b62b52358a22493f45999ad8b3ab7',NULL),(50006797,'50006797','centro','11f937ff477cc0a8964ae5a8e1f1d0ec',NULL),(50006803,'50006803','centro','f557f522123a7405837891308c561785',NULL),(50006815,'50006815','centro','d31502afceed752e6a451229c0014613',NULL),(50006840,'50006840','centro','2371a893623dd86da3f1114808d67510',NULL),(50006888,'50006888','centro','3b433e5a34af32d5cf39e41aae3df921',NULL),(50007017,'50007017','centro','11def643cd24703ce188c6d0067a34d6',NULL),(50007042,'50007042','centro','2b999c4aaa50dece73e99922be7a1085',NULL),(50007078,'50007078','centro','5106a926cb82f79011be0a74cd75f107',NULL),(50007133,'50007133','centro','a614e58a72335bfc0a578be82da766a9',NULL),(50007157,'50007157','centro','ca86df182ff271fd7efbe39623f8bb43',NULL),(50007194,'50007194','centro','bb72fdcd5ff341eabe24919226dcd27c',NULL),(50007236,'50007236','centro','e03b61339f2fe53c1a2947c41dadf0f3',NULL),(50007248,'50007248','centro','325916bcc7d311362243bba54ee86a25',NULL),(50007327,'50007327','centro','6c0bec2a240d5dd379dec4b9d60cbed6',NULL),(50007352,'50007352','centro','0e9118d472e4f6f7b51f951f128f01b4',NULL),(50007376,'50007376','centro','93ff40d57b75748fbb0c44780d116454',NULL),(50007388,'50007388','centro','5255dac66fb55ddc9cf764103af6cace',NULL),(50007421,'50007421','centro','dab053675a01d6446912444f42f409af',NULL),(50007431,'50007431','centro','8e6627a4601744e1b283493cbdcf53ff',NULL),(50007467,'50007467','centro','0e8e377e9576ff098b376c2fd81e3f2f',NULL),(50007479,'50007479','centro','971fa27972eaa53c4ae1ed03288c727e',NULL),(50007492,'50007492','centro','afd2760b2011310a50ab4f5ab864cc8b',NULL),(50007509,'50007509','centro','0e823930e0f202544f136480b9a77c9c',NULL),(50007534,'50007534','centro','e2defef4f4a7b99ce6069ce68dace55c',NULL),(50007674,'50007674','centro','124adb029a7808cfee49c3fe0a911e4b',NULL),(50007716,'50007716','centro','e75f94ebf424c22d79cef12a079637bc',NULL),(50007728,'50007728','centro','e579c9016e3e55b57c4d45c354419e6b',NULL),(50007731,'50007731','centro','58731dfad49e2d371edf765c2ea8173d',NULL),(50007777,'50007777','centro','1c7e673e83602152ad62d4d5bf4963f5',NULL),(50007789,'50007789','centro','4bd7ee4590078285e718e8fcf3d8bfd8',NULL),(50007790,'50007790','centro','191cd6b7da5c6d4483467e149c12bbcf',NULL),(50007807,'50007807','centro','a071b9f8d0451ee36b0388b3f0a3a5c2',NULL),(50007856,'50007856','centro','abf8f59d59f72d8228b54b84c73648d0',NULL),(50007996,'50007996','centro','715716141c476da4d16b426678b269e2',NULL),(50008034,'50008034','centro','35b703b45be5738ab222cf141638eaf5',NULL),(50008125,'50008125','centro','118fe123b9e696a16068d090d33e688a',NULL),(50008149,'50008149','centro','b7cbefabb3bfd0bfda259930a233eea8',NULL),(50008174,'50008174','centro','82fe71fb83ac3de9ee61bb1a053f1e4c',NULL),(50008186,'50008186','centro','9f9488359a57882a564313e2936e7ab3',NULL),(50008198,'50008198','centro','ff5ed6d17db2617921944e6df76b2797',NULL),(50008277,'50008277','centro','a70fcc4a6aeb9e5562d75c7e212a45a3',NULL),(50008289,'50008289','centro','40387667f1698d293349328ffb7ce706',NULL),(50008332,'50008332','centro','d700be5483ae95f6557889f2f9c0c32e',NULL),(50008356,'50008356','centro','0dafee12b5eea4f514d1bfecf1a928f3',NULL),(50008368,'50008368','centro','44e900ca7661d05fab3771b06ae4a109',NULL),(50008371,'50008371','centro','90b06117254ea17c2dc287195fb89dcd',NULL),(50008381,'50008381','centro','bd1b7add547713b42a007eaf3c6662c0',NULL),(50008459,'50008459','centro','d14d74435a57c47c23f9dcbbbb18f5cf',NULL),(50008460,'50008460','centro','165d2f98ec0b1468a9842d79e1a1e2b2',NULL),(50008514,'50008514','centro','d1e55158262934386706ab8dbe3ead2d',NULL),(50008587,'50008587','centro','b7f156e9d042237b7d24a5837ea1cb7f',NULL),(50008605,'50008605','centro','745d9d02b518c47d68b6032e190abc3b',NULL),(50008617,'50008617','centro','95ad1b3946316fc63f0f45eef8cc1562',NULL),(50008629,'50008629','centro','d3ed36651fb7900ae1a83a7853141bde',NULL),(50008630,'50008630','centro','160ecfef7ec13fef144fe628dfb065a7',NULL),(50008642,'50008642','centro','ac6c7b06c60dea38ca9652c34340e9ee',NULL),(50008654,'50008654','centro','e11c38ff4340f8d6f7f358e7e94e5e46',NULL),(50008666,'50008666','centro','7fb657c46ed7746ecc6b49c3f0f23ebf',NULL),(50008678,'50008678','centro','e73942f3b0ae0b04bf563b937153db5e',NULL),(50008691,'50008691','centro','512d6c94917610487610b7996fe9b29b',NULL),(50008770,'50008770','centro','26cbda9dc81245cda087d36ca8a4c189',NULL),(50008782,'50008782','centro','6a4282611bf96083b24485df03d8a244',NULL),(50008915,'50008915','centro','978cd9e2c5c6537c14ebe96294984a1c',NULL),(50008952,'50008952','centro','5902e71f326c5b8bca8bc951b7cfa75b',NULL),(50008976,'50008976','centro','7c4badec43990cb228e15cc88566686a',NULL),(50009051,'50009051','centro','bcf2991e38e2f6c52446fd5d67397b64',NULL),(50009129,'50009129','centro','bce5432de027c03fac43e39c4c9bb7e5',NULL),(50009166,'50009166','centro','57e6526c7904be72409bc299f3bb4a12',NULL),(50009178,'50009178','centro','8278c01404e585955e71f3e59881f56d',NULL),(50009208,'50009208','centro','08014c1aef9d701e73527d7ae691228e',NULL),(50009211,'50009211','centro','e0e2b7e6cb0acd6bec64083e75823d6c',NULL),(50009221,'50009221','centro','ea3749d13249ce1d15ff7b4f7b9bd03b',NULL),(50009348,'50009348','centro','66ed958270c7d8cda1739a26804a2918',NULL),(50009373,'50009373','centro','77147aec5f54a484c5603dd7acde6a47',NULL),(50009385,'50009385','centro','61f14be978263eb14c752cde34183e1c',NULL),(50009397,'50009397','centro','ca58b991fdd4d1d178aea44e89c18470',NULL),(50009403,'50009403','centro','7db34a7bd83d0c2e70a639b9d38a1a94',NULL),(50009415,'50009415','centro','3be48a50fe47e1cb47fdd3c557e8b2a3',NULL),(50009452,'50009452','centro','73d7bb742f2d36a05b7047b5ddac340d',NULL),(50009488,'50009488','centro','7b2eccf9d8f2e2b0728515af91747c2c',NULL),(50009531,'50009531','centro','e0a1837b0f865fa65cc11e3592da8ef6',NULL),(50009543,'50009543','centro','96b931335ccc33a8d43161e56bd32b63',NULL),(50009567,'50009567','centro','5ba2dc81257cdb5bc1ffc23332ef2137',NULL),(50009580,'50009580','centro','8a1a6c11b1779bceb0332d845af022c8',NULL),(50009592,'50009592','centro','085477a49b587172266be1aab6b56ccb',NULL),(50009646,'50009646','centro','65c2e48b46c398a09a0b12d55847836c',NULL),(50009749,'50009749','centro','267a35713cb31abb3361563e853ab193',NULL),(50009786,'50009786','centro','969149ad014ed3f58da6409ebcc66e52',NULL),(50009889,'50009889','centro','4bdc2c0a24f9e86f70c8fb8fb52c023f',NULL),(50009944,'50009944','centro','4412151a1f5be043ffbd33616b460c9e',NULL),(50010028,'50010028','centro','7ad9f02967eb3746ce844a00a0d208c0',NULL),(50010041,'50010041','centro','7c555a696bf700946499957ebdb8a82e',NULL),(50010144,'50010144','centro','951a972d3cf8b0c6c31d51269faa9bd6',NULL),(50010156,'50010156','centro','72a02acec8e66a77dcce43cb0ed8684a',NULL),(50010168,'50010168','centro','e873d8418f444463d74a6c258abbd8a1',NULL),(50010171,'50010171','centro','931270ecd7bb0ac01b1404cea0d63472',NULL),(50010181,'50010181','centro','03aa6a00ed26b374dd91220562465ced',NULL),(50010193,'50010193','centro','6dcd467382f69c0fb0070b55abe9228f',NULL),(50010247,'50010247','centro','603a575915f9d33c81504737fdebad1a',NULL),(50010272,'50010272','centro','5a3d5edb4add0f938d411824c315f22f',NULL),(50010284,'50010284','centro','ed37207fe4b53c63e539969af73ebb32',NULL),(50010296,'50010296','centro','2be6341dd15b19b0cd8f7261f27e3ac6',NULL),(50010302,'50010302','centro','dbd1b56cf87ae3a7685d5e4fe904761c',NULL),(50010314,'50010314','centro','eabaed07717aedd6bf6989502b7e6b63',NULL),(50010387,'50010387','centro','74b681f326e4245c8c4ef7576fac36fe',NULL),(50010399,'50010399','centro','07d2f331b5cde2bddc60081a6f53abf6',NULL),(50010478,'50010478','centro','0a1f4ffd9372bbf31fa6911169143503',NULL),(50010481,'50010481','centro','49f1c1ab7ff2fe62c5927ef1a48369a0',NULL),(50010491,'50010491','centro','fee19fea0654302176851e77abd1292e',NULL),(50010511,'50010511','centro','b2cc8761fa98dbbf2b8cb15c38e67bee',NULL),(50010533,'50010533','centro','8a547ec56987cb3092e7acd9b6d0cebd',NULL),(50010727,'50010727','centro','4a3abc28478c6caf52e78c8fed0de053',NULL),(50010739,'50010739','centro','01c2dcf68720547088b45c1ee8fa87e1',NULL),(50010764,'50010764','centro','4a822960ff233f8a4a105eefddb32e04',NULL),(50010946,'50010946','centro','1655c14b69f306d6a242750732ae7382',NULL),(50010958,'50010958','centro','3fce2167c3404073ef767b691d6a4f36',NULL),(50010961,'50010961','centro','4f47b5b776f273c7fa5d53dd11cfefea',NULL),(50010995,'50010995','centro','a54b423680421e29c08c8611144195d9',NULL),(50011008,'50011008','centro','3b232466a3a40bdcb5d877154a0b0c2d',NULL),(50011069,'50011069','centro','b27d4c475d0497060c0a685a5fd07c0c',NULL),(50011070,'50011070','centro','0a835b3ef0f1852645ec3fb6468885c0',NULL),(50011100,'50011100','centro','fde60fdcb7796e9c4ae71394258528a8',NULL),(50011124,'50011124','centro','bbd3c23fad066ab83dc0593716ff0e97',NULL),(50011136,'50011136','centro','04507efda811a0defdba3638d22dd42b',NULL),(50011148,'50011148','centro','37d69a13b3043addb0b88fee6fd1df12',NULL),(50011151,'50011151','centro','dd22122c7d68e6744e3463a4d195ca25',NULL),(50011161,'50011161','centro','1d14b937ef24d01520848534952cee70',NULL),(50011173,'50011173','centro','d3f3a08dc2d4e1507be6a3047b5d72bf',NULL),(50011185,'50011185','centro','ee7aeccf2f539ad5b023cf5efd307edd',NULL),(50011197,'50011197','centro','73e7078dbed605dbde0cec24c64e6270',NULL),(50011203,'50011203','centro','17ed8ec61e921fab4493881480fc03c1',NULL),(50011215,'50011215','centro','a33201e4c41a57e61ffeb8bf0c099f35',NULL),(50011227,'50011227','centro','13f9720533134eba56cdf6e4b7bd1402',NULL),(50011239,'50011239','centro','02f50cd8fef0c4f11bb94a7dc3e67a53',NULL),(50011240,'50011240','centro','01ab49f3bc24d3f368f9940156ba963d',NULL),(50011252,'50011252','centro','d5ea7c83c5e8b509bccde74619faa2be',NULL),(50011288,'50011288','centro','ecbf3cae3e7f1699448cb8bb5da30b73',NULL),(50011291,'50011291','centro','ebd75072873958d4eec106f8fc4e68fa',NULL),(50011306,'50011306','centro','1474ae09bb1cb00f9989073e39b65baf',NULL),(50011318,'50011318','centro','4f2bf602390d25ef6aee8856efaeb952',NULL),(50011321,'50011321','centro','3e2a6558642affd2e1178c391f6acb1d',NULL),(50011331,'50011331','centro','4dc498754eeed6973628bc71bd4a3700',NULL),(50011343,'50011343','centro','729554d0e587ef7467274c26456ed192',NULL),(50011355,'50011355','centro','8c9b1f15f9c264abe2d373eab13cce1a',NULL),(50011367,'50011367','centro','4e065cf3714456910e1b8182c0d10f64',NULL),(50011379,'50011379','centro','bfb5a6626d67ec7692dd25d2d6052721',NULL),(50011380,'50011380','centro','0e09363e6fe7772c473f5af7ed593ee5',NULL),(50011392,'50011392','centro','219b152d80cf25058adf905e96388c79',NULL),(50011409,'50011409','centro','c0c1d33e0f177e9b08d2b2c4b25eaca6',NULL),(50011410,'50011410','centro','f3da2dca6a668d3d9f4dc84afbaa1701',NULL),(50011422,'50011422','centro','0c23e713251ca41632f03fa43f3421f1',NULL),(50011513,'50011513','centro','acfdda28875eb0305957cee624033df8',NULL),(50011525,'50011525','centro','f807e3f98266ca1647acb679491207ab',NULL),(50011537,'50011537','centro','e481c00edcc94af436ab5c867b4aadaa',NULL),(50011550,'50011550','centro','4554a35d831372db8dd47df27b2239b3',NULL),(50011562,'50011562','centro','1e6edb004883f575f332f75a5656813b',NULL),(50011665,'50011665','centro','8de55e53f234d80108faa879b837aa8c',NULL),(50011677,'50011677','centro','d51cb0f38437f341f89c6cf6ec01355c',NULL),(50011689,'50011689','centro','e31d565e3a7dc747ba52f54cb2d8c819',NULL),(50011690,'50011690','centro','1f35331c5f7327ea4c3ab8ca20ebecb6',NULL),(50011707,'50011707','centro','cd63a4292f69fec123ea2356c8942d95',NULL),(50011719,'50011719','centro','09d7309e3bbda7bee789d61ccfb99eea',NULL),(50011720,'50011720','centro','9f75012dd8a407abcf7f480fd30a6909',NULL),(50011732,'50011732','centro','8e17b283fa9de14821893db940381f0d',NULL),(50011781,'50011781','centro','0141914752b0b5ef7a759fcfe38554cb',NULL),(50011793,'50011793','centro','4a9f0a001042e74f71b784c6f4f96baa',NULL),(50011801,'50011801','centro','3548da02c6db4478c26dc8316e0a676f',NULL),(50011847,'50011847','centro','205a9ed1b9f0343d93a54ff878f1b8d5',NULL),(50017072,'50017072','centro','69e0cb384fe7669fc1c589acaee29262',NULL),(50017096,'50017096','centro','4ad25d5e634b7da7d5b820d8681535ea',NULL),(50017369,'50017369','centro','7ab0d61f3580827340f6f3f27985e103',NULL),(50017448,'50017448','centro','bc6735464b43bcb51cb0fdea327642e4',NULL),(50017451,'50017451','centro','f3455784fbbcfb30f829204705ad11f5',NULL),(50017655,'50017655','centro','b1289ec3623ea12e6c484aa86013b888',NULL),(50017667,'50017667','centro','68a822f3b8fb2256727de00217246360',NULL),(50017679,'50017679','centro','492a8deae3cd9dae697eee5c1118a9f5',NULL),(50017680,'50017680','centro','80b3183e180c9cb59b05d87cc4d0eb34',NULL),(50017710,'50017710','centro','431f1852d2ee7ff7ea8fe31302dbe0db',NULL),(50017862,'50017862','centro','f4e57bfb5a530e86c266145d60c2b254',NULL),(50017874,'50017874','centro','ba7599863889f777faf1e42238db1a25',NULL),(50017886,'50017886','centro','080d6d1be06e50005264a00548b07ec6',NULL),(50017898,'50017898','centro','fd866cd62a1f6979e6f7c4277835cab4',NULL),(50017904,'50017904','centro','9e0cc84ddd8318e67c4462187369e85d',NULL),(50017916,'50017916','centro','a60d90fad514ea1311f1156ef95a4a92',NULL),(50018121,'50018121','centro','98f170da7fe9ee6d0154eda52eee5a4d',NULL),(50018131,'50018131','centro','4724b97d3a0f4f4ceed5430c67cc62d9',NULL),(50018143,'50018143','centro','636d82bf0111e889d44b01c3fac50a05',NULL),(50018246,'50018246','centro','c2fe309cdacfb77032bba842f11c87e6',NULL),(50018258,'50018258','centro','7979f3f33fab384e485b0cfafdfe8291',NULL),(50018261,'50018261','centro','a4e9ae7119a052706d1f4682b852b80e',NULL),(50018271,'50018271','centro','60c0cdf7898079b120f94d9c6e60663e',NULL),(50018283,'50018283','centro','c7f7efa041579903979418924835bc8c',NULL),(50018416,'50018416','centro','83900c34c1e240df8c97d8676c2a7cc5',NULL),(50018428,'50018428','centro','4d7fc63035948cd1b10243939a2c9e31',NULL),(50018817,'50018817','centro','b1dcc9763be3966403817af5163342cf',NULL),(50018829,'50018829','centro','940d460f2f6b35c1c2381e453e94e3fd',NULL),(50018830,'50018830','centro','f4591c98b5a63362a979b7d6af3d6f8e',NULL),(50018842,'50018842','centro','746df0d4d1723fbb6a8f0c75804c5c9d',NULL),(50019019,'50019019','centro','4058e20cc5086bb13a1d49d121ef9188',NULL),(50019020,'50019020','centro','94c9bfb0398069548561d4cdcee3ed34',NULL),(50019081,'50019081','centro','07010f7116e81ae7d5b4825441813ba8',NULL),(50019101,'50019101','centro','133a738f17fa739d92b8525a33384d6d',NULL),(50019147,'50019147','centro','09f0f4d8ba02ea9d6646de827a5f629e',NULL),(50019251,'50019251','centro','4fa87ee668c5160f4cbd0a8a10e305da',NULL),(50019287,'50019287','centro','5c6f846f8c64620d3ab17596cf20deaf',NULL),(50019299,'50019299','centro','9a5e89efd305209b8f04a7d0c5310963',NULL),(50019317,'50019317','centro','e1c13990c2771a6b24be7dbc2e4743ad',NULL),(50019354,'50019354','centro','897de2e141698ae87dc8070044ed17fb',NULL),(50019378,'50019378','centro','ad938eb94c67e118dd0e1d26dd6d840e',NULL),(50019408,'50019408','centro','0139e2d05b765fb73a6c7c7e85b02728',NULL),(50019500,'50019500','centro','d75b365d6d7d0cd63d94e129e8ed781a',NULL),(50019548,'50019548','centro','38931e8f8eef6bac9d2de8222b327400',NULL),(50019551,'50019551','centro','67258150f8e57f3e8573471ceaf4bd47',NULL),(50019597,'50019597','centro','e04f5e6eb0e359b10cffb87cfa572649',NULL),(50019615,'50019615','centro','68e1156732ef013cb2f37b8bcd35cee5',NULL),(50019676,'50019676','centro','922061f8002d77c7a94e4027e1b467f6',NULL),(50019731,'50019731','centro','294773eb1396b39ea26a21f1bab67b20',NULL),(50019792,'50019792','centro','1d9c5a72693146e041a463ceca5cea6a',NULL),(50019810,'admin','admin','90a6027bb514f405bfca7ca143a59047',NULL),(50020899,'50020899','centro','f5c3dd7514bf620a1b85450d2ae374b1',1818),(50032901,'spzaragoza','spzaragoza','2f65e33a5b0b910b76f2de35cf365057',0),(50032902,'sphuesca','sphuesca','74e56059e1f7632778c0383788441858',0),(50032903,'spteruel','spteruel','3aea677510a5cc31b9bc01b67e5499cf',0),(50032904,'12212234r','alumno','d72a7ed33514158ae5e68ed6d80177b9',5483),(50032905,'32211115t','alumno','7ec0dbeee45813422897e04ad8424a5e',5356),(50032906,'23242526h','alumno','166cee72e93a992007a89b39eb29628b',5679),(50032907,'119988777','alumno','0189caa552598b845b29b17a427692d1',2045),(50032908,'111111ddd','alumno','86a1fa88adb5c33bd7a68ac2f9f3f96b',8910),(50032911,'111111ddf','alumno','ccc36675ce8d7286aff56ecccb53d0a5',4669),(50032912,'99119911x','alumno','6dff2291fe2e822de2e8068a182c4759',5249),(50032913,'99119911x','alumno','48653af2e798bc96b6ef0b76d8a02139',5250),(50032914,'333224445','alumno','fac7fead96dafceaf80c1daffeae82a4',9784),(50032915,'454466780','alumno','20c1945eae4b9868cbbfd09675f7d76e',6928),(50032916,'11201120m','alumno','3e3aa687770f55c704ca997c3be81634',4158),(50032917,'11251125e','alumno','084a8a9aa8cced9175bd07bc44998e75',4030),(50032918,'12321232d','alumno','a914ecef9c12ffdb9bede64bb703d877',5896),(50032919,'12331233e','alumno','dc0439caeb74ffc2795571af07a7eab1',3851),(50032920,'12471247f','alumno','1f490b64a7d1716e9952d627b9baa45e',9650),(50032921,'12501250w','alumno','8576a5108a045a711b0927e2408d4b34',9236),(50032922,'12521252w','alumno','aafd8346a677af9db717afeadf6b62ec',4227),(50032923,'12531253a','alumno','b112ca4087d668785e947a57493d1740',4810),(50032924,'12541254x','alumno','eb1e78328c46506b46a4ac4a1e378b91',1852),(50032925,'13181318r','alumno','f4666b1c34893ee557dccbfe3382e965',9179),(50032926,'13201320l','alumno','ec0f40c389aeef789ce03eb814facc6c',4077),(50032927,'11111111l','alumno','d74cb35426f3d808325876f45b69dbf1',3767),(50032928,'29098845G','alumno','cecd845e3577efdaaf24eea03af4c033',8187),(50032929,'29098845G','alumno','32b127307a606effdcc8e51f60a45922',7132),(50032930,'29098845G','alumno','28a74b8d7de3373b4bed858fc10b6bf5',7553),(50032931,'17752785M','alumno','2cbd9c540641923027adb8ab89decc05',4998),(50032935,'74730476A','alumno','eef6f4457ee96f8bae1893f5b234d238',6548),(50032936,'18030597T','alumno','29000b029c61328a948b1c7afa01cea3',9319),(50032938,'25482493B','alumno','d8e1344e27a5b08cdfd5d027d9b8d6de',2771),(50032939,'73005823M','alumno','8844c5f00372df2c3c4ee857c2451b45',3540),(50032940,'17744009S','alumno','0b7a9d54deeb611edc4540d286e9a042',6409),(50032941,'29098845G','alumno','251c5ffd6b62cc21c446c963c76cf214',7148),(50032942,'29098845G','alumno','d1eb4985123f83a3414f41fffe4dde42',9515),(50032943,'17205284L','alumno','534488729ab74ff059356cb58c9907ef',6524),(50032944,'25170791M','alumno','21186d7b1482412ab14f0332b8aee119',9132),(50032945,'25170791M','alumno','e3408432c1a48a52fb6c74d926b38886',1956),(50032946,'25170791M','alumno','c87579e7369697e409f6d7767838ced5',9294),(50032947,'25170791M','alumno','e3670ce0c315396e4836d7024abcf3dd',8952),(50032948,'25170791M','alumno','217c0e01c1828e7279051f1b6675745d',2531),(50032949,'73477488D','alumno','4ad13f04ef4373992c9d3046200aa350',3253),(50032950,'73477488D','alumno','758a06618c69880a6cee5314ee42d52f',2246),(50032951,'73477488D','alumno','0987b8b338d6c90bbedd8631bc499221',3352),(50032952,'73469407R','alumno','feeef9bd04fac1765263893621bb4811',7263),(50032953,'17745174F','alumno','dcf3219715a7c9cd9286f19db46f2384',9342),(50032954,'17745174F','alumno','05425f51eaeab268c26a5d42f2ccedaf',9304),(50032955,'25174524N','alumno','65d90fc6d307590b14e9e1800d4e8eab',8797),(50032956,'25172363J','alumno','86a2f353e1e6692c05fe83d6fc79cf9d',4914),(50032957,'25164323T','alumno','2f73168bf3656f697507752ec592c437',6657),(50032958,'25164323T','alumno','a70145bf8b173e4496b554ce57969e24',8164),(50032959,'26056242W','alumno','34609bdc08a07ace4e1526bbb1777673',4272),(50032960,'25164323T','alumno','05b15a3bd85969833e55b3f05185dcb9',9045),(50032961,'25164323T','alumno','ac9815bef801f58de83804bce86984ad',8343),(50032962,'25164323T','alumno','4c22bd444899d3b6047a10b20a2f26db',1328),(50032963,'25164323T','alumno','5837e05c0213dc1617e409543331442c',9943),(50032964,'25152572W','alumno','d74a214501c1c40b2c77e995082f3587',4563),(50032965,'18446945W','alumno','0b0b0994d12ad343511adfbfc364256e',4198),(50032966,'25460302S','alumno','be7ecaca534f98c4ca134e527b12d4c8',8387),(50032967,'73166175R','alumno','299a23a2291e2126b91d54f3601ec162',1060),(50032968,'73166175R','alumno','7f9bcc33944cd0718a62665e934f7653',9431),(50032969,'73166175R','alumno','0a2298a72858d90d5c4b4fee954b6896',7449),(50032970,'787877771','alumno','c5eee1896752e5ac19a3a0bb34fbab4b',7712),(50032971,'17735190M','alumno','c55d22f5c88cc6f04c0bb2e0025dd70b',9712),(50032972,'36573562C','alumno','75877cb75154206c4e65e76b88a12712',5885),(50032973,'73088705H','alumno','e3eb4194278df0f91258632682d0ae92',7633),(50032974,'27353500Z','alumno','ca3ec598002d2e7662e2ef4bdd58278b',3293),(50032975,'27353500Z','alumno','1731592aca5fb4d789c4119c65c10b4b',4494),(50032976,'17747291P','alumno','e64c9ec33f19c7de745bd6b6d1a7a86e',9870),(50032977,'29098384F','alumno','cf34645d98a7630e2bcca98b3e29c8f2',9358),(50032978,'72981047T','alumno','350a7f5ee27d22dbe36698b10930ff96',7701),(50032979,'72971328x','alumno','8c26d2fad09dc76f3ff36b6ea752b0e1',4249),(50032980,'72971328x','alumno','0b846c55b4bde6baae8c12a2e53ae8c7',4888),(50032981,'72971328x','alumno','7e83722522e8aeb7512b7075311316b7',2582),(50032982,'72971328x','alumno','83dd3f9f97ef6533766c39d5b2e5e565',7329),(50032983,'29128248J','alumno','cd474f6341aeffd65f93084d0dae3453',4192),(50032984,'29128248J','alumno','0af787945872196b42c9f73ead2565c8',5017),(50032985,'29128248J','alumno','f410588e48dc83f2822a880a68f78923',2078),(50032986,'29128248J','alumno','76460865551007d38ffbb834d5896ea4',9868),(50032987,'29128248J','alumno','b2b7c555125ecacf4bb7678d9dc39a21',4108),(50032988,'29128248J','alumno','04b001a2057812f735cbcab76fd44e11',7674),(50032989,'29128248J','alumno','2ba3c4b9390cc43edb94e42144729d33',3976),(50032990,'29128248J','alumno','f29a179746902e331572c483c45e5086',6375),(50032991,'29128248J','alumno','4b7f871c66be5ac7630c27bb5e21fe7f',7766),(50032992,'29128248J','alumno','f50fb34f27bd263e6be8ffcf8967ced0',9569),(50032993,'29128248J','alumno','138163901f4859c9601f08cfa428efe1',9606),(50032994,'29128248J','alumno','e7d6e2e80f0955c01f3e043ee79abbb6',7218),(50032995,'29128248J','alumno','d74cb35426f3d808325876f45b69dbf1',3767),(50032996,'25185656N','alumno','89562dccfeb1d0394b9ae7e09544dc70',8896),(50032997,'73011174C','alumno','415e1af7ea95f89f4e375162b21ae38c',2515),(50032998,'73011174C','alumno','8e065119c74efe3a47aec8796964cf8b',2628),(50032999,'17726721T','alumno','211b39255232ab59ce78f2e28cd0292b',5455),(50033000,'X8306358T','alumno','c12706a7c6e8d6476c3d2b6ae0042a82',3230),(50033001,'25150507F','alumno','5b970a1d9be0fd100063fd6cd688b73e',3435),(50033002,'X1218825D','alumno','c75e10ef9ef6d295d4ceba8335d93bdd',8581),(50033003,'01932721P','alumno','ea8fcd92d59581717e06eb187f10666d',1380),(50033004,'18059304F','alumno','5b4e9aa703d0bfa11041debaa2d1b633',5514),(50033005,'18054281V','alumno','e58aea67b01fa747687f038dfde066f6',2308),(50033006,'25052034c','alumno','a6869a35be893ac2d85989c5cd605539',6376),(50033007,'29128248J','alumno','4639475d6782a08c1e964f9a4329a254',6035),(50033008,'29128248J','alumno','d4ec33c0c23ae3c91764fcc625108a5a',5338),(50033009,'29128248J','alumno','1e8ca836c962598551882e689265c1c5',4116),(50033010,'29128248J','alumno','6a182a16e66268d7ce85fcfe945df787',4253),(50033011,'29128248J','alumno','c0fda89ebd645bd7cea60fcbb5960309',9310),(50033012,'29128248J','alumno','c8067ad1937f728f51288b3eb986afaa',2476),(50033013,'29128248J','alumno','786f2d0acade1787dacb21cac85d099c',7525),(50033014,'29128248J','alumno','70b8fe090143d5778c8a26ae17e21df5',4577),(50033015,'29128248J','alumno','543e83748234f7cbab21aa0ade66565f',5378),(50033016,'29128248J','alumno','ef35613fc5fa4c4c512d552533f5e6f2',4210),(50033017,'29128248J','alumno','604616e4d592b744e14ec3ff33204dec',7780),(50033018,'29128248J','alumno','2c048d74b3410237704eb7f93a10c9d7',7484),(50033019,'44632171G','alumno','35b50410da00df8ef6c41f0cb537a9a3',6791),(50033020,'29128248J','alumno','6a12d7ebc27cae44623468302c47ad74',8516),(50033021,'29128248J','alumno','3a1dd98341fafc1dfe9bcf36360e6b84',2180),(50033022,'29128248J','alumno','fa3060edb66e6ff4507886f9912e1ab9',6160),(50033023,'X3972747H','alumno','68abef8ee1ac9b664a90b0bbaff4f770',4911),(50033024,'29128248J','alumno','6872937617af85db5a39a5243e858d1f',9005),(50033025,'73085502N','alumno','0b105cf1504c4e241fcc6d519ea962fb',3697),(50033026,'29128248j','alumno','a431d70133ef6cf688bc4f6093922b48',2606),(50033027,'72050157N','alumno','1d936dadf30010a96155a780553d5513',9275),(50033028,'29128248J','alumno','d3b1fb02964aa64e257f9f26a31f72cf',2366),(50033029,'29128248J','alumno','20d039f53b4a6786c21ee0dbcd2d2c5d',7114),(50033030,'29128248J','alumno','c3395dd46c34fa7fd8d729d8cf88b7a8',1943),(50033031,'29128248J','alumno','2227d753dc18505031869d44673728e2',3156),(50033032,'29128248J','alumno','a821a161aa4214f5ff5b8ca372960ebb',4805),(50033033,'29128248J','alumno','9d38e6eab92b2aeb0a83b570188d5a1a',6769),(50033034,'X8300436N','alumno','f90bebdc692f68ebf8f1dee68a01a8e0',8813),(50033035,'73243855X','alumno','9e7ba617ad9e69b39bd0c29335b79629',5219),(50033036,'29127824A','alumno','cc8090c4d2791cdd9cd2cb3c24296190',7039),(50033037,'29127824A','alumno','c20a7ce2a627ba838cfbff082db35197',3180),(50033038,'29127824A','alumno','4ae67a7dd7e491f8fb6f9ea0cf25dfdb',2228);
/*!40000 ALTER TABLE `usuarios` ENABLE KEYS */;
UNLOCK TABLES;
/*!40103 SET TIME_ZONE=@OLD_TIME_ZONE */;

/*!40101 SET SQL_MODE=@OLD_SQL_MODE */;
/*!40014 SET FOREIGN_KEY_CHECKS=@OLD_FOREIGN_KEY_CHECKS */;
/*!40014 SET UNIQUE_CHECKS=@OLD_UNIQUE_CHECKS */;
/*!40101 SET CHARACTER_SET_CLIENT=@OLD_CHARACTER_SET_CLIENT */;
/*!40101 SET CHARACTER_SET_RESULTS=@OLD_CHARACTER_SET_RESULTS */;
/*!40101 SET COLLATION_CONNECTION=@OLD_COLLATION_CONNECTION */;
/*!40111 SET SQL_NOTES=@OLD_SQL_NOTES */;

-- Dump completed on 2020-05-12  1:05:01
